model,step,tokens_b,loss,l2,ce,plan,lr,sps,log_path
ordered,100,0.0032768,1.8061,0.7031,0.995,1.0026,1.26e-06,2.9,logs/ordered_5b_4g/train_ordered_4g_5b.log
ordered,200,0.0065536,1.8023,0.7084,0.977,0.9995,2.52e-06,3.1,logs/ordered_5b_4g/train_ordered_4g_5b.log
ordered,300,0.0098304,1.7994,0.7055,0.9859,1.0044,3.79e-06,3.2,logs/ordered_5b_4g/train_ordered_4g_5b.log
ordered,400,0.0131072,1.7929,0.7061,0.9908,0.9982,5.26e-06,3.1,logs/ordered_5b_4g/train_ordered_4g_5b.log
ordered,500,0.016384,1.7832,0.7047,0.8836,1.0086,6.52e-06,3.2,logs/ordered_5b_4g/train_ordered_4g_5b.log
ordered,600,0.0196608,1.7716,0.702,0.8471,1.0049,7.78e-06,3.2,logs/ordered_5b_4g/train_ordered_4g_5b.log
ordered,700,0.0229376,1.7603,0.7081,0.7818,1.0031,9.05e-06,3.1,logs/ordered_5b_4g/train_ordered_4g_5b.log
ordered,800,0.0262144,1.7505,0.7036,0.7868,1.0051,1.05e-05,3.2,logs/ordered_5b_4g/train_ordered_4g_5b.log
ordered,900,0.0294912,1.7216,0.7069,0.658,0.9994,1.18e-05,3.1,logs/ordered_5b_4g/train_ordered_4g_5b.log
ordered,1000,0.032768,1.7047,0.7045,0.6041,1.001,1.3e-05,3.1,logs/ordered_5b_4g/train_ordered_4g_5b.log
ordered,1100,0.0360448,1.6987,0.7017,0.5843,0.9995,1.43e-05,3.2,logs/ordered_5b_4g/train_ordered_4g_5b.log
ordered,1200,0.0393216,1.681,0.7116,0.4954,0.9939,1.58e-05,3.1,logs/ordered_5b_4g/train_ordered_4g_5b.log
ordered,1300,0.0425984,1.6821,0.7094,0.486,1.0031,1.7e-05,3.2,logs/ordered_5b_4g/train_ordered_4g_5b.log
ordered,1400,0.0458752,1.6624,0.701,0.4249,0.9981,1.83e-05,3.2,logs/ordered_5b_4g/train_ordered_4g_5b.log
ordered,1500,0.049152,1.6575,0.7074,0.4028,0.9961,1.96e-05,3.2,logs/ordered_5b_4g/train_ordered_4g_5b.log
ordered,1600,0.0524288,1.6448,0.7044,0.3467,0.996,2.1e-05,3.2,logs/ordered_5b_4g/train_ordered_4g_5b.log
ordered,1700,0.0557056,1.6398,0.7055,0.3358,0.9924,2.23e-05,3.1,logs/ordered_5b_4g/train_ordered_4g_5b.log
ordered,1800,0.0589824,1.6401,0.7034,0.3021,1.0013,2.36e-05,3.2,logs/ordered_5b_4g/train_ordered_4g_5b.log
ordered,1900,0.0622592,1.6272,0.6997,0.305,1.0004,2.48e-05,3.2,logs/ordered_5b_4g/train_ordered_4g_5b.log
ordered,2000,0.065536,1.6258,0.6996,0.2746,0.9999,2.63e-05,3.2,logs/ordered_5b_4g/train_ordered_4g_5b.log
ordered,2100,0.0688128,1.6209,0.6972,0.2692,1.0027,2.76e-05,3.2,logs/ordered_5b_4g/train_ordered_4g_5b.log
ordered,2200,0.0720896,1.6233,0.6945,0.2702,1.0053,2.88e-05,3.2,logs/ordered_5b_4g/train_ordered_4g_5b.log
ordered,2300,0.0753664,1.6156,0.6986,0.2412,1.0034,3.01e-05,3.2,logs/ordered_5b_4g/train_ordered_4g_5b.log
ordered,2400,0.0786432,1.6132,0.7015,0.2301,1.001,3.16e-05,3.2,logs/ordered_5b_4g/train_ordered_4g_5b.log
ordered,2500,0.08192,1.6077,0.694,0.2275,0.9964,3.28e-05,3.2,logs/ordered_5b_4g/train_ordered_4g_5b.log
ordered,2600,0.0851968,1.6211,0.6975,0.2065,1.0097,3.41e-05,3.2,logs/ordered_5b_4g/train_ordered_4g_5b.log
ordered,2700,0.0884736,1.6052,0.6909,0.1972,0.9992,3.53e-05,3.2,logs/ordered_5b_4g/train_ordered_4g_5b.log
ordered,2800,0.0917504,1.6123,0.6963,0.2154,1.0008,3.68e-05,3.3,logs/ordered_5b_4g/train_ordered_4g_5b.log
ordered,2900,0.0950272,1.6023,0.6958,0.1939,0.9938,3.81e-05,3.2,logs/ordered_5b_4g/train_ordered_4g_5b.log
ordered,3000,0.098304,1.6094,0.6932,0.2087,1.008,3.93e-05,3.2,logs/ordered_5b_4g/train_ordered_4g_5b.log
ordered,3100,0.1015808,1.5959,0.6907,0.2037,0.9999,4.06e-05,3.2,logs/ordered_5b_4g/train_ordered_4g_5b.log
ordered,3200,0.1048576,1.6035,0.6956,0.1871,0.9955,4.21e-05,3.2,logs/ordered_5b_4g/train_ordered_4g_5b.log
ordered,3300,0.1081344,1.6036,0.697,0.1932,1.0023,4.33e-05,3.2,logs/ordered_5b_4g/train_ordered_4g_5b.log
ordered,3400,0.1114112,1.5967,0.6943,0.1917,0.9981,4.46e-05,3.2,logs/ordered_5b_4g/train_ordered_4g_5b.log
ordered,3500,0.114688,1.5986,0.6961,0.1879,0.9979,4.59e-05,3.2,logs/ordered_5b_4g/train_ordered_4g_5b.log
ordered,3600,0.1179648,1.6074,0.6976,0.1984,1.0097,4.73e-05,3.2,logs/ordered_5b_4g/train_ordered_4g_5b.log
ordered,3700,0.1212416,1.5885,0.6947,0.1908,0.99,4.86e-05,3.2,logs/ordered_5b_4g/train_ordered_4g_5b.log
ordered,3800,0.1245184,1.5943,0.6902,0.1868,0.9992,4.99e-05,3.3,logs/ordered_5b_4g/train_ordered_4g_5b.log
ordered,3900,0.1277952,1.5989,0.6915,0.1853,1.003,5.11e-05,3.2,logs/ordered_5b_4g/train_ordered_4g_5b.log
ordered,4000,0.131072,1.5958,0.6935,0.1747,0.9933,5.26e-05,3.2,logs/ordered_5b_4g/train_ordered_4g_5b.log
ordered,4100,0.1343488,1.598,0.6915,0.1781,1.0023,5.38e-05,3.2,logs/ordered_5b_4g/train_ordered_4g_5b.log
ordered,4200,0.1376256,1.6025,0.6925,0.179,1.005,5.51e-05,3.2,logs/ordered_5b_4g/train_ordered_4g_5b.log
ordered,4300,0.1409024,1.5905,0.6873,0.1784,1.0013,5.64e-05,3.2,logs/ordered_5b_4g/train_ordered_4g_5b.log
ordered,4400,0.1441792,1.6004,0.6852,0.18,1.0062,5.78e-05,3.2,logs/ordered_5b_4g/train_ordered_4g_5b.log
ordered,4500,0.147456,1.5973,0.6936,0.1759,1.0015,5.91e-05,3.2,logs/ordered_5b_4g/train_ordered_4g_5b.log
ordered,4600,0.1507328,1.6033,0.6909,0.1757,1.0001,6.04e-05,3.3,logs/ordered_5b_4g/train_ordered_4g_5b.log
ordered,4700,0.1540096,1.5925,0.6851,0.1797,1.0033,6.16e-05,3.2,logs/ordered_5b_4g/train_ordered_4g_5b.log
ordered,4800,0.1572864,1.5836,0.6899,0.176,0.9919,6.31e-05,3.2,logs/ordered_5b_4g/train_ordered_4g_5b.log
ordered,4900,0.1605632,1.5874,0.6837,0.1772,1.0001,6.44e-05,3.2,logs/ordered_5b_4g/train_ordered_4g_5b.log
ordered,5000,0.16384,1.5908,0.685,0.1716,1.0022,6.56e-05,3.2,logs/ordered_5b_4g/train_ordered_4g_5b.log
ordered,5100,0.1671168,1.5963,0.6964,0.1785,1.0011,6.69e-05,3.2,logs/ordered_5b_4g/train_ordered_4g_5b.log
ordered,5200,0.1703936,1.5892,0.6891,0.1748,0.9953,6.84e-05,3.2,logs/ordered_5b_4g/train_ordered_4g_5b.log
ordered,5300,0.1736704,1.5956,0.6858,0.1756,1.0051,6.96e-05,3.2,logs/ordered_5b_4g/train_ordered_4g_5b.log
ordered,5400,0.1769472,1.59,0.6867,0.1721,0.9992,7.09e-05,3.2,logs/ordered_5b_4g/train_ordered_4g_5b.log
ordered,5500,0.180224,1.5905,0.6944,0.1755,0.9946,7.21e-05,3.2,logs/ordered_5b_4g/train_ordered_4g_5b.log
ordered,5600,0.1835008,1.5973,0.6911,0.1654,0.9953,7.36e-05,3.2,logs/ordered_5b_4g/train_ordered_4g_5b.log
ordered,5700,0.1867776,1.5956,0.6884,0.1654,1.0012,7.49e-05,3.2,logs/ordered_5b_4g/train_ordered_4g_5b.log
ordered,5800,0.1900544,1.5825,0.6853,0.1827,0.9953,7.61e-05,3.2,logs/ordered_5b_4g/train_ordered_4g_5b.log
ordered,5900,0.1933312,1.5882,0.6882,0.1754,0.9965,7.74e-05,3.2,logs/ordered_5b_4g/train_ordered_4g_5b.log
ordered,6000,0.196608,1.5944,0.6946,0.1706,0.9972,7.89e-05,3.2,logs/ordered_5b_4g/train_ordered_4g_5b.log
ordered,6100,0.1998848,1.6039,0.6995,0.1698,1.0037,8.01e-05,3.2,logs/ordered_5b_4g/train_ordered_4g_5b.log
ordered,6200,0.2031616,1.5982,0.6945,0.1743,1.0,8.14e-05,3.2,logs/ordered_5b_4g/train_ordered_4g_5b.log
ordered,6300,0.2064384,1.5902,0.688,0.1701,0.9989,8.27e-05,3.2,logs/ordered_5b_4g/train_ordered_4g_5b.log
ordered,6400,0.2097152,1.5895,0.6921,0.1775,0.9986,8.41e-05,3.2,logs/ordered_5b_4g/train_ordered_4g_5b.log
ordered,6500,0.212992,1.5936,0.6922,0.1703,0.9968,8.54e-05,3.2,logs/ordered_5b_4g/train_ordered_4g_5b.log
ordered,6600,0.2162688,1.5896,0.701,0.1733,0.9943,8.67e-05,3.2,logs/ordered_5b_4g/train_ordered_4g_5b.log
ordered,6700,0.2195456,1.5884,0.6851,0.1711,0.9964,8.79e-05,3.2,logs/ordered_5b_4g/train_ordered_4g_5b.log
ordered,6800,0.2228224,1.5943,0.6888,0.1742,1.0014,8.94e-05,3.2,logs/ordered_5b_4g/train_ordered_4g_5b.log
ordered,6900,0.2260992,1.5872,0.6918,0.1764,1.0004,9.07e-05,3.2,logs/ordered_5b_4g/train_ordered_4g_5b.log
ordered,7000,0.229376,1.5894,0.6866,0.1821,0.9969,9.19e-05,3.2,logs/ordered_5b_4g/train_ordered_4g_5b.log
ordered,7100,0.2326528,1.5868,0.691,0.1771,0.9947,9.32e-05,3.2,logs/ordered_5b_4g/train_ordered_4g_5b.log
ordered,7200,0.2359296,1.5922,0.6871,0.1737,0.9983,9.47e-05,3.2,logs/ordered_5b_4g/train_ordered_4g_5b.log
ordered,7300,0.2392064,1.5953,0.6887,0.1667,1.0048,9.59e-05,3.2,logs/ordered_5b_4g/train_ordered_4g_5b.log
ordered,7400,0.2424832,1.592,0.6879,0.1672,0.9982,9.72e-05,3.2,logs/ordered_5b_4g/train_ordered_4g_5b.log
ordered,7500,0.24576,1.5869,0.6892,0.1651,0.9964,9.84e-05,3.2,logs/ordered_5b_4g/train_ordered_4g_5b.log
ordered,7600,0.2490368,1.5779,0.6914,0.1717,0.9865,9.99e-05,3.2,logs/ordered_5b_4g/train_ordered_4g_5b.log
ordered,7700,0.2523136,1.5897,0.6898,0.1643,0.9959,0.000101,3.2,logs/ordered_5b_4g/train_ordered_4g_5b.log
ordered,7800,0.2555904,1.5951,0.6908,0.1677,0.9989,0.000102,3.2,logs/ordered_5b_4g/train_ordered_4g_5b.log
ordered,7900,0.2588672,1.592,0.6876,0.17,0.998,0.000104,3.2,logs/ordered_5b_4g/train_ordered_4g_5b.log
ordered,8000,0.262144,1.5814,0.6866,0.17,0.9941,0.000105,3.2,logs/ordered_5b_4g/train_ordered_4g_5b.log
ordered,8100,0.2654208,1.5962,0.6918,0.1674,0.9959,0.000106,3.2,logs/ordered_5b_4g/train_ordered_4g_5b.log
ordered,8200,0.2686976,1.5844,0.6825,0.1711,0.9995,0.000108,3.2,logs/ordered_5b_4g/train_ordered_4g_5b.log
ordered,8300,0.2719744,1.5793,0.6855,0.1727,0.9916,0.000109,3.2,logs/ordered_5b_4g/train_ordered_4g_5b.log
ordered,8400,0.2752512,1.5911,0.6895,0.1676,0.9946,0.00011,3.2,logs/ordered_5b_4g/train_ordered_4g_5b.log
ordered,8500,0.278528,1.5877,0.6955,0.1704,0.9887,0.000112,3.3,logs/ordered_5b_4g/train_ordered_4g_5b.log
ordered,8600,0.2818048,1.5853,0.6855,0.1692,0.9938,0.000113,3.2,logs/ordered_5b_4g/train_ordered_4g_5b.log
ordered,8700,0.2850816,1.5808,0.6863,0.1705,0.9929,0.000114,3.2,logs/ordered_5b_4g/train_ordered_4g_5b.log
ordered,8800,0.2883584,1.5802,0.6895,0.1786,0.9922,0.000116,3.2,logs/ordered_5b_4g/train_ordered_4g_5b.log
ordered,8900,0.2916352,1.59,0.6926,0.1674,0.9919,0.000117,3.2,logs/ordered_5b_4g/train_ordered_4g_5b.log
ordered,9000,0.294912,1.5826,0.6847,0.1651,0.9952,0.000118,3.2,logs/ordered_5b_4g/train_ordered_4g_5b.log
ordered,9100,0.2981888,1.5889,0.6916,0.1779,0.9962,0.000119,3.2,logs/ordered_5b_4g/train_ordered_4g_5b.log
ordered,9200,0.3014656,1.5933,0.6919,0.1754,0.9973,0.000121,3.2,logs/ordered_5b_4g/train_ordered_4g_5b.log
ordered,9300,0.3047424,1.5807,0.691,0.1705,0.9894,0.000122,3.2,logs/ordered_5b_4g/train_ordered_4g_5b.log
ordered,9400,0.3080192,1.5827,0.6859,0.1668,0.9932,0.000123,3.3,logs/ordered_5b_4g/train_ordered_4g_5b.log
ordered,9500,0.311296,1.5817,0.6857,0.1734,0.9906,0.000125,3.2,logs/ordered_5b_4g/train_ordered_4g_5b.log
ordered,9600,0.3145728,1.6007,0.6939,0.1704,0.9991,0.000126,3.2,logs/ordered_5b_4g/train_ordered_4g_5b.log
ordered,9700,0.3178496,1.5843,0.6872,0.1703,0.9883,0.000127,3.2,logs/ordered_5b_4g/train_ordered_4g_5b.log
ordered,9800,0.3211264,1.5841,0.6891,0.1706,0.993,0.000129,3.2,logs/ordered_5b_4g/train_ordered_4g_5b.log
ordered,9900,0.3244032,1.5788,0.6901,0.1733,0.9874,0.00013,3.2,logs/ordered_5b_4g/train_ordered_4g_5b.log
ordered,10000,0.32768,1.5785,0.6863,0.1692,0.9875,0.000131,3.2,logs/ordered_5b_4g/train_ordered_4g_5b.log
ordered,10100,0.3309568,1.5809,0.6877,0.1747,0.987,0.000133,3.2,logs/ordered_5b_4g/train_ordered_4g_5b.log
ordered,10200,0.3342336,1.5804,0.6867,0.1654,0.9913,0.000134,3.2,logs/ordered_5b_4g/train_ordered_4g_5b.log
ordered,10300,0.3375104,1.5899,0.6884,0.1765,0.997,0.000135,3.3,logs/ordered_5b_4g/train_ordered_4g_5b.log
ordered,10400,0.3407872,1.5851,0.6854,0.168,0.9906,0.000137,3.2,logs/ordered_5b_4g/train_ordered_4g_5b.log
ordered,10500,0.344064,1.5769,0.6824,0.171,0.9873,0.000138,3.2,logs/ordered_5b_4g/train_ordered_4g_5b.log
ordered,10600,0.3473408,1.5822,0.6847,0.1751,0.9916,0.000139,3.2,logs/ordered_5b_4g/train_ordered_4g_5b.log
ordered,10700,0.3506176,1.5753,0.6868,0.1708,0.9934,0.000141,3.2,logs/ordered_5b_4g/train_ordered_4g_5b.log
ordered,10800,0.3538944,1.5768,0.6839,0.1748,0.987,0.000142,3.3,logs/ordered_5b_4g/train_ordered_4g_5b.log
ordered,10900,0.3571712,1.5849,0.6907,0.1716,0.9946,0.000143,3.2,logs/ordered_5b_4g/train_ordered_4g_5b.log
ordered,11000,0.360448,1.5891,0.6863,0.1628,0.9929,0.000145,3.2,logs/ordered_5b_4g/train_ordered_4g_5b.log
ordered,11100,0.3637248,1.577,0.6902,0.1749,0.9871,0.000146,3.2,logs/ordered_5b_4g/train_ordered_4g_5b.log
ordered,11200,0.3670016,1.5652,0.6865,0.1793,0.9787,0.000147,3.2,logs/ordered_5b_4g/train_ordered_4g_5b.log
ordered,11300,0.3702784,1.5703,0.6875,0.1719,0.9841,0.000149,3.2,logs/ordered_5b_4g/train_ordered_4g_5b.log
ordered,11400,0.3735552,1.5806,0.6913,0.1677,0.986,0.00015,3.2,logs/ordered_5b_4g/train_ordered_4g_5b.log
ordered,11500,0.376832,1.5722,0.685,0.1746,0.9902,0.000151,3.2,logs/ordered_5b_4g/train_ordered_4g_5b.log
ordered,11600,0.3801088,1.5809,0.6902,0.1616,0.9861,0.000153,3.2,logs/ordered_5b_4g/train_ordered_4g_5b.log
ordered,11700,0.3833856,1.5854,0.6886,0.1712,0.992,0.000154,3.2,logs/ordered_5b_4g/train_ordered_4g_5b.log
ordered,11800,0.3866624,1.568,0.6853,0.165,0.9806,0.000155,3.2,logs/ordered_5b_4g/train_ordered_4g_5b.log
ordered,11900,0.3899392,1.5786,0.6923,0.179,0.9832,0.000156,3.2,logs/ordered_5b_4g/train_ordered_4g_5b.log
ordered,12000,0.393216,1.5766,0.6904,0.1575,0.9841,0.000158,3.2,logs/ordered_5b_4g/train_ordered_4g_5b.log
ordered,12100,0.3964928,1.5773,0.6869,0.1618,0.9816,0.000159,3.2,logs/ordered_5b_4g/train_ordered_4g_5b.log
ordered,12200,0.3997696,1.5749,0.6898,0.1664,0.976,0.00016,3.2,logs/ordered_5b_4g/train_ordered_4g_5b.log
ordered,12300,0.4030464,1.5666,0.691,0.1726,0.9801,0.000162,3.3,logs/ordered_5b_4g/train_ordered_4g_5b.log
ordered,12400,0.4063232,1.5705,0.6904,0.1769,0.9799,0.000163,3.2,logs/ordered_5b_4g/train_ordered_4g_5b.log
ordered,12500,0.4096,1.5743,0.6882,0.1726,0.9866,0.000164,3.2,logs/ordered_5b_4g/train_ordered_4g_5b.log
ordered,12600,0.4128768,1.5786,0.6902,0.161,0.9783,0.000166,3.2,logs/ordered_5b_4g/train_ordered_4g_5b.log
ordered,12700,0.4161536,1.5733,0.6809,0.1736,0.9868,0.000167,3.2,logs/ordered_5b_4g/train_ordered_4g_5b.log
ordered,12800,0.4194304,1.5671,0.689,0.1749,0.9758,0.000168,3.2,logs/ordered_5b_4g/train_ordered_4g_5b.log
ordered,12900,0.4227072,1.569,0.6894,0.166,0.9802,0.00017,3.2,logs/ordered_5b_4g/train_ordered_4g_5b.log
ordered,13000,0.425984,1.5739,0.6869,0.162,0.978,0.000171,3.2,logs/ordered_5b_4g/train_ordered_4g_5b.log
ordered,13100,0.4292608,1.5783,0.6889,0.1621,0.9818,0.000172,3.2,logs/ordered_5b_4g/train_ordered_4g_5b.log
ordered,13200,0.4325376,1.572,0.6894,0.1584,0.9745,0.000174,3.2,logs/ordered_5b_4g/train_ordered_4g_5b.log
ordered,13300,0.4358144,1.5785,0.6935,0.1643,0.982,0.000175,3.2,logs/ordered_5b_4g/train_ordered_4g_5b.log
ordered,13400,0.4390912,1.5677,0.6855,0.1632,0.975,0.000176,3.1,logs/ordered_5b_4g/train_ordered_4g_5b.log
ordered,13500,0.442368,1.5633,0.6855,0.1708,0.9753,0.000177,3.2,logs/ordered_5b_4g/train_ordered_4g_5b.log
ordered,13600,0.4456448,1.5714,0.6931,0.1684,0.98,0.000179,3.2,logs/ordered_5b_4g/train_ordered_4g_5b.log
ordered,13700,0.4489216,1.5726,0.6901,0.1663,0.9796,0.00018,3.1,logs/ordered_5b_4g/train_ordered_4g_5b.log
ordered,13800,0.4521984,1.5576,0.6828,0.1738,0.9734,0.000181,3.3,logs/ordered_5b_4g/train_ordered_4g_5b.log
ordered,13900,0.4554752,1.5681,0.6888,0.173,0.9734,0.000183,3.2,logs/ordered_5b_4g/train_ordered_4g_5b.log
ordered,14000,0.458752,1.5728,0.6925,0.1724,0.9803,0.000184,3.2,logs/ordered_5b_4g/train_ordered_4g_5b.log
ordered,14100,0.4620288,1.5645,0.6874,0.1748,0.9776,0.000185,3.2,logs/ordered_5b_4g/train_ordered_4g_5b.log
ordered,14200,0.4653056,1.562,0.6866,0.1674,0.967,0.000187,3.2,logs/ordered_5b_4g/train_ordered_4g_5b.log
ordered,14300,0.4685824,1.5676,0.6921,0.1752,0.9734,0.000188,3.2,logs/ordered_5b_4g/train_ordered_4g_5b.log
ordered,14400,0.4718592,1.5688,0.6873,0.1659,0.9694,0.000189,3.2,logs/ordered_5b_4g/train_ordered_4g_5b.log
ordered,14500,0.475136,1.5614,0.6907,0.1682,0.9682,0.000191,3.3,logs/ordered_5b_4g/train_ordered_4g_5b.log
ordered,14600,0.4784128,1.5573,0.6917,0.1751,0.9669,0.000192,3.3,logs/ordered_5b_4g/train_ordered_4g_5b.log
ordered,14700,0.4816896,1.5575,0.6881,0.1838,0.9694,0.000193,3.3,logs/ordered_5b_4g/train_ordered_4g_5b.log
ordered,14800,0.4849664,1.5588,0.6908,0.1743,0.967,0.000195,3.2,logs/ordered_5b_4g/train_ordered_4g_5b.log
ordered,14900,0.4882432,1.562,0.689,0.1745,0.9736,0.000196,3.3,logs/ordered_5b_4g/train_ordered_4g_5b.log
ordered,15000,0.49152,1.5607,0.689,0.1716,0.9679,0.000197,3.2,logs/ordered_5b_4g/train_ordered_4g_5b.log
ordered,15100,0.4947968,1.5527,0.6838,0.1728,0.9669,0.000198,3.2,logs/ordered_5b_4g/train_ordered_4g_5b.log
ordered,15200,0.4980736,1.5598,0.6916,0.1756,0.9701,0.0002,3.2,logs/ordered_5b_4g/train_ordered_4g_5b.log
ordered,15300,0.5013504,1.5555,0.6905,0.1669,0.9661,0.000201,3.2,logs/ordered_5b_4g/train_ordered_4g_5b.log
ordered,15400,0.5046272,1.5573,0.6886,0.1714,0.9642,0.000202,3.2,logs/ordered_5b_4g/train_ordered_4g_5b.log
ordered,15500,0.507904,1.5637,0.6889,0.1692,0.9693,0.000204,3.2,logs/ordered_5b_4g/train_ordered_4g_5b.log
ordered,15600,0.5111808,1.5491,0.6879,0.1814,0.9629,0.000205,3.3,logs/ordered_5b_4g/train_ordered_4g_5b.log
ordered,15700,0.5144576,1.552,0.6904,0.1661,0.9596,0.000206,3.2,logs/ordered_5b_4g/train_ordered_4g_5b.log
ordered,15800,0.5177344,1.5589,0.6901,0.1734,0.965,0.000208,3.2,logs/ordered_5b_4g/train_ordered_4g_5b.log
ordered,15900,0.5210112,1.5497,0.687,0.171,0.9607,0.000209,3.2,logs/ordered_5b_4g/train_ordered_4g_5b.log
ordered,16000,0.524288,1.5588,0.6945,0.1683,0.962,0.00021,3.2,logs/ordered_5b_4g/train_ordered_4g_5b.log
ordered,16100,0.5275648,1.5503,0.6883,0.1729,0.9547,0.000212,3.2,logs/ordered_5b_4g/train_ordered_4g_5b.log
ordered,16200,0.5308416,1.5498,0.6901,0.1836,0.9606,0.000213,3.2,logs/ordered_5b_4g/train_ordered_4g_5b.log
ordered,16300,0.5341184,1.5472,0.6845,0.1694,0.9586,0.000214,3.2,logs/ordered_5b_4g/train_ordered_4g_5b.log
ordered,16400,0.5373952,1.5465,0.6883,0.1691,0.954,0.000216,3.2,logs/ordered_5b_4g/train_ordered_4g_5b.log
ordered,16500,0.540672,1.5577,0.6918,0.1646,0.9639,0.000217,3.3,logs/ordered_5b_4g/train_ordered_4g_5b.log
ordered,16600,0.5439488,1.5481,0.6897,0.1726,0.9559,0.000218,3.2,logs/ordered_5b_4g/train_ordered_4g_5b.log
ordered,16700,0.5472256,1.5511,0.6947,0.1688,0.9539,0.000219,3.2,logs/ordered_5b_4g/train_ordered_4g_5b.log
ordered,16800,0.5505024,1.5448,0.6932,0.1766,0.948,0.000221,3.3,logs/ordered_5b_4g/train_ordered_4g_5b.log
ordered,16900,0.5537792,1.5413,0.6896,0.1654,0.9499,0.000222,3.2,logs/ordered_5b_4g/train_ordered_4g_5b.log
ordered,17000,0.557056,1.538,0.6904,0.1753,0.9443,0.000223,3.2,logs/ordered_5b_4g/train_ordered_4g_5b.log
ordered,17100,0.5603328,1.5338,0.6892,0.1705,0.9439,0.000225,3.2,logs/ordered_5b_4g/train_ordered_4g_5b.log
ordered,17200,0.5636096,1.541,0.6886,0.1639,0.9478,0.000226,3.2,logs/ordered_5b_4g/train_ordered_4g_5b.log
ordered,17300,0.5668864,1.5396,0.6892,0.17,0.9458,0.000227,3.3,logs/ordered_5b_4g/train_ordered_4g_5b.log
ordered,17400,0.5701632,1.5382,0.6922,0.174,0.9398,0.000229,3.2,logs/ordered_5b_4g/train_ordered_4g_5b.log
ordered,17500,0.57344,1.538,0.6874,0.1656,0.9464,0.00023,3.2,logs/ordered_5b_4g/train_ordered_4g_5b.log
ordered,17600,0.5767168,1.5314,0.6909,0.1772,0.9392,0.000231,3.2,logs/ordered_5b_4g/train_ordered_4g_5b.log
ordered,17700,0.5799936,1.5241,0.6898,0.1713,0.9303,0.000233,3.2,logs/ordered_5b_4g/train_ordered_4g_5b.log
ordered,17800,0.5832704,1.5321,0.6903,0.1609,0.9349,0.000234,3.3,logs/ordered_5b_4g/train_ordered_4g_5b.log
ordered,17900,0.5865472,1.5345,0.6892,0.1654,0.9407,0.000235,3.2,logs/ordered_5b_4g/train_ordered_4g_5b.log
ordered,18000,0.589824,1.5289,0.6947,0.17,0.9297,0.000237,3.2,logs/ordered_5b_4g/train_ordered_4g_5b.log
ordered,18100,0.5931008,1.5309,0.6921,0.1788,0.9393,0.000238,3.2,logs/ordered_5b_4g/train_ordered_4g_5b.log
ordered,18200,0.5963776,1.5155,0.687,0.1758,0.9292,0.000239,3.2,logs/ordered_5b_4g/train_ordered_4g_5b.log
ordered,18300,0.5996544,1.5193,0.6926,0.1673,0.9265,0.00024,3.2,logs/ordered_5b_4g/train_ordered_4g_5b.log
ordered,18400,0.6029312,1.5145,0.6889,0.1737,0.9232,0.000242,3.2,logs/ordered_5b_4g/train_ordered_4g_5b.log
ordered,18500,0.606208,1.5181,0.6932,0.1677,0.926,0.000243,3.2,logs/ordered_5b_4g/train_ordered_4g_5b.log
ordered,18600,0.6094848,1.511,0.6934,0.1717,0.9197,0.000244,3.3,logs/ordered_5b_4g/train_ordered_4g_5b.log
ordered,18700,0.6127616,1.5083,0.6833,0.1646,0.9191,0.000246,3.2,logs/ordered_5b_4g/train_ordered_4g_5b.log
ordered,18800,0.6160384,1.5099,0.6926,0.1706,0.9149,0.000247,3.2,logs/ordered_5b_4g/train_ordered_4g_5b.log
ordered,18900,0.6193152,1.5035,0.6873,0.1762,0.9112,0.000248,3.3,logs/ordered_5b_4g/train_ordered_4g_5b.log
ordered,19000,0.622592,1.5145,0.6901,0.1647,0.9142,0.00025,3.2,logs/ordered_5b_4g/train_ordered_4g_5b.log
ordered,19100,0.6258688,1.503,0.695,0.1736,0.9052,0.000251,3.2,logs/ordered_5b_4g/train_ordered_4g_5b.log
ordered,19200,0.6291456,1.5005,0.6921,0.1715,0.9097,0.000252,3.2,logs/ordered_5b_4g/train_ordered_4g_5b.log
ordered,19300,0.6324224,1.5059,0.6918,0.1844,0.9116,0.000254,3.2,logs/ordered_5b_4g/train_ordered_4g_5b.log
ordered,19400,0.6356992,1.5023,0.6925,0.1732,0.9077,0.000255,3.2,logs/ordered_5b_4g/train_ordered_4g_5b.log
ordered,19500,0.638976,1.4969,0.6886,0.1696,0.9066,0.000256,3.2,logs/ordered_5b_4g/train_ordered_4g_5b.log
ordered,19600,0.6422528,1.5,0.6853,0.1715,0.9041,0.000258,3.3,logs/ordered_5b_4g/train_ordered_4g_5b.log
ordered,19700,0.6455296,1.4915,0.6926,0.1787,0.8975,0.000259,3.2,logs/ordered_5b_4g/train_ordered_4g_5b.log
ordered,19800,0.6488064,1.4835,0.6934,0.1709,0.8908,0.00026,3.3,logs/ordered_5b_4g/train_ordered_4g_5b.log
ordered,19900,0.6520832,1.4932,0.6885,0.1688,0.8959,0.000261,3.2,logs/ordered_5b_4g/train_ordered_4g_5b.log
ordered,20000,0.65536,1.482,0.6886,0.1727,0.889,0.000263,3.2,logs/ordered_5b_4g/train_ordered_4g_5b.log
ordered,20100,0.6586368,1.4766,0.6852,0.1734,0.8859,0.000264,3.2,logs/ordered_5b_4g/train_ordered_4g_5b.log
ordered,20200,0.6619136,1.4794,0.6914,0.1659,0.8844,0.000265,3.2,logs/ordered_5b_4g/train_ordered_4g_5b.log
ordered,20300,0.6651904,1.4852,0.694,0.1632,0.8887,0.000267,3.2,logs/ordered_5b_4g/train_ordered_4g_5b.log
ordered,20400,0.6684672,1.4811,0.688,0.1693,0.8849,0.000268,3.2,logs/ordered_5b_4g/train_ordered_4g_5b.log
ordered,20500,0.671744,1.4744,0.6935,0.1728,0.8777,0.000269,3.3,logs/ordered_5b_4g/train_ordered_4g_5b.log
ordered,20600,0.6750208,1.4688,0.6911,0.1688,0.8754,0.000271,3.2,logs/ordered_5b_4g/train_ordered_4g_5b.log
ordered,20700,0.6782976,1.4684,0.6919,0.1751,0.8761,0.000272,3.2,logs/ordered_5b_4g/train_ordered_4g_5b.log
ordered,20800,0.6815744,1.472,0.6918,0.1737,0.8756,0.000273,3.2,logs/ordered_5b_4g/train_ordered_4g_5b.log
ordered,20900,0.6848512,1.4547,0.6888,0.1756,0.8646,0.000275,3.2,logs/ordered_5b_4g/train_ordered_4g_5b.log
ordered,21000,0.688128,1.4566,0.6893,0.1758,0.8661,0.000276,3.2,logs/ordered_5b_4g/train_ordered_4g_5b.log
ordered,21100,0.6914048,1.4625,0.6887,0.171,0.8699,0.000277,3.2,logs/ordered_5b_4g/train_ordered_4g_5b.log
ordered,21200,0.6946816,1.4583,0.6922,0.1665,0.8581,0.000279,3.2,logs/ordered_5b_4g/train_ordered_4g_5b.log
ordered,21300,0.6979584,1.4587,0.6917,0.168,0.8589,0.00028,3.2,logs/ordered_5b_4g/train_ordered_4g_5b.log
ordered,21400,0.7012352,1.4563,0.6923,0.1665,0.8592,0.000281,3.2,logs/ordered_5b_4g/train_ordered_4g_5b.log
ordered,21500,0.704512,1.442,0.6933,0.1789,0.8489,0.000282,3.2,logs/ordered_5b_4g/train_ordered_4g_5b.log
ordered,21600,0.7077888,1.4453,0.6923,0.1709,0.8494,0.000284,3.2,logs/ordered_5b_4g/train_ordered_4g_5b.log
ordered,21700,0.7110656,1.4435,0.6904,0.1641,0.8485,0.000285,3.2,logs/ordered_5b_4g/train_ordered_4g_5b.log
ordered,21800,0.7143424,1.4402,0.6898,0.1747,0.843,0.000286,3.3,logs/ordered_5b_4g/train_ordered_4g_5b.log
ordered,21900,0.7176192,1.4338,0.6931,0.1679,0.8379,0.000288,3.2,logs/ordered_5b_4g/train_ordered_4g_5b.log
ordered,22000,0.720896,1.4257,0.6864,0.1652,0.8339,0.000289,3.2,logs/ordered_5b_4g/train_ordered_4g_5b.log
ordered,22100,0.7241728,1.4274,0.6898,0.1712,0.8337,0.00029,3.2,logs/ordered_5b_4g/train_ordered_4g_5b.log
ordered,22200,0.7274496,1.423,0.6926,0.1733,0.8286,0.000292,3.2,logs/ordered_5b_4g/train_ordered_4g_5b.log
ordered,22300,0.7307264,1.4146,0.6859,0.1728,0.8244,0.000293,3.3,logs/ordered_5b_4g/train_ordered_4g_5b.log
ordered,22400,0.7340032,1.4177,0.6909,0.1724,0.824,0.000294,3.2,logs/ordered_5b_4g/train_ordered_4g_5b.log
ordered,22500,0.73728,1.4147,0.6912,0.1698,0.8182,0.000296,3.2,logs/ordered_5b_4g/train_ordered_4g_5b.log
ordered,22600,0.7405568,1.4081,0.6867,0.1732,0.8169,0.000297,3.2,logs/ordered_5b_4g/train_ordered_4g_5b.log
ordered,22700,0.7438336,1.4049,0.6897,0.1724,0.8126,0.000298,3.2,logs/ordered_5b_4g/train_ordered_4g_5b.log
ordered,22800,0.7471104,1.406,0.6912,0.1692,0.8133,0.0003,3.3,logs/ordered_5b_4g/train_ordered_4g_5b.log
ordered,22900,0.7503872,1.3914,0.6858,0.1726,0.8048,0.000301,3.2,logs/ordered_5b_4g/train_ordered_4g_5b.log
ordered,23000,0.753664,1.4089,0.6963,0.1783,0.8122,0.000302,3.2,logs/ordered_5b_4g/train_ordered_4g_5b.log
ordered,23100,0.7569408,1.3922,0.6919,0.1731,0.798,0.000304,3.2,logs/ordered_5b_4g/train_ordered_4g_5b.log
ordered,23200,0.7602176,1.3808,0.6863,0.1742,0.7933,0.000305,3.2,logs/ordered_5b_4g/train_ordered_4g_5b.log
ordered,23300,0.7634944,1.3923,0.694,0.1741,0.7946,0.000306,3.2,logs/ordered_5b_4g/train_ordered_4g_5b.log
ordered,23400,0.7667712,1.3856,0.6897,0.1636,0.7893,0.000308,3.2,logs/ordered_5b_4g/train_ordered_4g_5b.log
ordered,23500,0.770048,1.3803,0.6877,0.1688,0.7882,0.000309,3.2,logs/ordered_5b_4g/train_ordered_4g_5b.log
ordered,23600,0.7733248,1.3859,0.6927,0.1652,0.7882,0.00031,3.2,logs/ordered_5b_4g/train_ordered_4g_5b.log
ordered,23700,0.7766016,1.3757,0.6866,0.1696,0.7865,0.000312,3.2,logs/ordered_5b_4g/train_ordered_4g_5b.log
ordered,23800,0.7798784,1.3684,0.6899,0.1686,0.7724,0.000313,3.2,logs/ordered_5b_4g/train_ordered_4g_5b.log
ordered,23900,0.7831552,1.3668,0.6906,0.1716,0.776,0.000314,3.2,logs/ordered_5b_4g/train_ordered_4g_5b.log
ordered,24000,0.786432,1.3659,0.6913,0.1673,0.7669,0.000316,3.2,logs/ordered_5b_4g/train_ordered_4g_5b.log
ordered,24100,0.7897088,1.3615,0.6928,0.1736,0.7641,0.000317,3.2,logs/ordered_5b_4g/train_ordered_4g_5b.log
ordered,24200,0.7929856,1.3529,0.687,0.1764,0.7639,0.000318,3.2,logs/ordered_5b_4g/train_ordered_4g_5b.log
ordered,24300,0.7962624,1.349,0.6881,0.1768,0.7587,0.000319,3.2,logs/ordered_5b_4g/train_ordered_4g_5b.log
ordered,24400,0.7995392,1.3461,0.6924,0.1719,0.7544,0.000321,3.2,logs/ordered_5b_4g/train_ordered_4g_5b.log
ordered,24500,0.802816,1.3497,0.6896,0.1709,0.7499,0.000322,3.2,logs/ordered_5b_4g/train_ordered_4g_5b.log
ordered,24600,0.8060928,1.3443,0.6897,0.1721,0.7544,0.000323,3.2,logs/ordered_5b_4g/train_ordered_4g_5b.log
ordered,24700,0.8093696,1.3406,0.6921,0.1699,0.7449,0.000325,3.2,logs/ordered_5b_4g/train_ordered_4g_5b.log
ordered,24800,0.8126464,1.3334,0.6933,0.1729,0.7397,0.000326,3.3,logs/ordered_5b_4g/train_ordered_4g_5b.log
ordered,24900,0.8159232,1.3361,0.697,0.1676,0.735,0.000327,3.3,logs/ordered_5b_4g/train_ordered_4g_5b.log
ordered,25000,0.8192,1.3423,0.6976,0.1622,0.7358,0.000329,3.2,logs/ordered_5b_4g/train_ordered_4g_5b.log
ordered,25100,0.8224768,1.3275,0.6873,0.1724,0.7368,0.00033,3.2,logs/ordered_5b_4g/train_ordered_4g_5b.log
ordered,25200,0.8257536,1.3228,0.6906,0.1713,0.733,0.000331,3.2,logs/ordered_5b_4g/train_ordered_4g_5b.log
ordered,25300,0.8290304,1.3145,0.6946,0.1771,0.7261,0.000333,3.3,logs/ordered_5b_4g/train_ordered_4g_5b.log
ordered,25400,0.8323072,1.3175,0.6943,0.1805,0.7197,0.000334,3.2,logs/ordered_5b_4g/train_ordered_4g_5b.log
ordered,25500,0.835584,1.3204,0.6909,0.1635,0.7185,0.000335,3.2,logs/ordered_5b_4g/train_ordered_4g_5b.log
ordered,25600,0.8388608,1.3077,0.6914,0.1777,0.7129,0.000337,3.2,logs/ordered_5b_4g/train_ordered_4g_5b.log
ordered,25700,0.8421376,1.2939,0.6839,0.1777,0.7106,0.000338,3.2,logs/ordered_5b_4g/train_ordered_4g_5b.log
ordered,25800,0.8454144,1.3052,0.6945,0.1764,0.7072,0.000339,3.3,logs/ordered_5b_4g/train_ordered_4g_5b.log
ordered,25900,0.8486912,1.3024,0.6896,0.1756,0.7082,0.00034,3.2,logs/ordered_5b_4g/train_ordered_4g_5b.log
ordered,26000,0.851968,1.2958,0.6962,0.1735,0.6954,0.000342,3.2,logs/ordered_5b_4g/train_ordered_4g_5b.log
ordered,26100,0.8552448,1.2873,0.6854,0.171,0.6993,0.000343,3.2,logs/ordered_5b_4g/train_ordered_4g_5b.log
ordered,26200,0.8585216,1.2885,0.692,0.1707,0.6912,0.000344,3.2,logs/ordered_5b_4g/train_ordered_4g_5b.log
ordered,26300,0.8617984,1.2785,0.6886,0.1717,0.6839,0.000346,3.3,logs/ordered_5b_4g/train_ordered_4g_5b.log
ordered,26400,0.8650752,1.2716,0.6854,0.1728,0.6856,0.000347,3.3,logs/ordered_5b_4g/train_ordered_4g_5b.log
ordered,26500,0.868352,1.2727,0.6879,0.1734,0.6834,0.000348,3.2,logs/ordered_5b_4g/train_ordered_4g_5b.log
ordered,26600,0.8716288,1.275,0.6917,0.1715,0.678,0.00035,3.2,logs/ordered_5b_4g/train_ordered_4g_5b.log
ordered,26700,0.8749056,1.2694,0.6836,0.1756,0.6809,0.000351,3.2,logs/ordered_5b_4g/train_ordered_4g_5b.log
ordered,26800,0.8781824,1.2704,0.6902,0.1729,0.6734,0.000352,3.2,logs/ordered_5b_4g/train_ordered_4g_5b.log
ordered,26900,0.8814592,1.2671,0.6923,0.1725,0.6691,0.000354,3.2,logs/ordered_5b_4g/train_ordered_4g_5b.log
ordered,27000,0.884736,1.2682,0.6884,0.1583,0.6731,0.000355,3.2,logs/ordered_5b_4g/train_ordered_4g_5b.log
ordered,27100,0.8880128,1.2625,0.6885,0.1631,0.6653,0.000356,3.3,logs/ordered_5b_4g/train_ordered_4g_5b.log
ordered,27200,0.8912896,1.2582,0.6896,0.166,0.6594,0.000358,3.2,logs/ordered_5b_4g/train_ordered_4g_5b.log
ordered,27300,0.8945664,1.2435,0.6898,0.1827,0.6545,0.000359,3.3,logs/ordered_5b_4g/train_ordered_4g_5b.log
ordered,27400,0.8978432,1.2471,0.6929,0.1764,0.6494,0.00036,3.3,logs/ordered_5b_4g/train_ordered_4g_5b.log
ordered,27500,0.90112,1.2387,0.6926,0.1705,0.6454,0.000361,3.2,logs/ordered_5b_4g/train_ordered_4g_5b.log
ordered,27600,0.9043968,1.2468,0.6936,0.1712,0.6471,0.000363,3.2,logs/ordered_5b_4g/train_ordered_4g_5b.log
ordered,27700,0.9076736,1.226,0.6899,0.1724,0.6415,0.000364,3.2,logs/ordered_5b_4g/train_ordered_4g_5b.log
ordered,27800,0.9109504,1.2366,0.6899,0.1734,0.6406,0.000365,3.3,logs/ordered_5b_4g/train_ordered_4g_5b.log
ordered,27900,0.9142272,1.2272,0.689,0.1727,0.6332,0.000367,3.2,logs/ordered_5b_4g/train_ordered_4g_5b.log
ordered,28000,0.917504,1.2394,0.6925,0.1698,0.6375,0.000368,3.2,logs/ordered_5b_4g/train_ordered_4g_5b.log
ordered,28100,0.9207808,1.2338,0.6937,0.1739,0.6348,0.000369,3.2,logs/ordered_5b_4g/train_ordered_4g_5b.log
ordered,28200,0.9240576,1.2157,0.6917,0.175,0.625,0.000371,3.3,logs/ordered_5b_4g/train_ordered_4g_5b.log
ordered,28300,0.9273344,1.2139,0.6927,0.1733,0.6179,0.000372,3.3,logs/ordered_5b_4g/train_ordered_4g_5b.log
ordered,28400,0.9306112,1.227,0.6945,0.1677,0.6262,0.000373,3.2,logs/ordered_5b_4g/train_ordered_4g_5b.log
ordered,28500,0.933888,1.2105,0.6866,0.1712,0.6185,0.000375,3.2,logs/ordered_5b_4g/train_ordered_4g_5b.log
ordered,28600,0.9371648,1.2113,0.6917,0.1719,0.6183,0.000376,3.2,logs/ordered_5b_4g/train_ordered_4g_5b.log
ordered,28700,0.9404416,1.2068,0.6864,0.1729,0.6183,0.000377,3.2,logs/ordered_5b_4g/train_ordered_4g_5b.log
ordered,28800,0.9437184,1.2103,0.6925,0.1666,0.607,0.000379,3.2,logs/ordered_5b_4g/train_ordered_4g_5b.log
ordered,28900,0.9469952,1.2097,0.6932,0.1752,0.6141,0.00038,3.2,logs/ordered_5b_4g/train_ordered_4g_5b.log
ordered,29000,0.950272,1.1945,0.6881,0.1739,0.6016,0.000381,3.2,logs/ordered_5b_4g/train_ordered_4g_5b.log
ordered,29100,0.9535488,1.1817,0.6899,0.1773,0.5963,0.000382,3.2,logs/ordered_5b_4g/train_ordered_4g_5b.log
ordered,29200,0.9568256,1.1958,0.6915,0.1711,0.6034,0.000384,3.2,logs/ordered_5b_4g/train_ordered_4g_5b.log
ordered,29300,0.9601024,1.1789,0.6859,0.1869,0.5927,0.000385,3.2,logs/ordered_5b_4g/train_ordered_4g_5b.log
ordered,29400,0.9633792,1.1864,0.6957,0.1743,0.586,0.000386,3.2,logs/ordered_5b_4g/train_ordered_4g_5b.log
ordered,29500,0.966656,1.1804,0.6933,0.1822,0.5893,0.000388,3.2,logs/ordered_5b_4g/train_ordered_4g_5b.log
ordered,29600,0.9699328,1.1912,0.695,0.1714,0.5906,0.000389,3.2,logs/ordered_5b_4g/train_ordered_4g_5b.log
ordered,29700,0.9732096,1.1724,0.6914,0.1715,0.5782,0.00039,3.2,logs/ordered_5b_4g/train_ordered_4g_5b.log
ordered,29800,0.9764864,1.1618,0.6815,0.1709,0.5782,0.000392,3.3,logs/ordered_5b_4g/train_ordered_4g_5b.log
ordered,29900,0.9797632,1.1672,0.6876,0.173,0.5785,0.000393,3.2,logs/ordered_5b_4g/train_ordered_4g_5b.log
ordered,30000,0.98304,1.1708,0.6907,0.1791,0.5813,0.000394,3.2,logs/ordered_5b_4g/train_ordered_4g_5b.log
ordered,30100,0.9863168,1.1533,0.6823,0.1738,0.5713,0.000396,3.2,logs/ordered_5b_4g/train_ordered_4g_5b.log
ordered,30200,0.9895936,1.1665,0.689,0.1731,0.574,0.000397,3.2,logs/ordered_5b_4g/train_ordered_4g_5b.log
ordered,30300,0.9928704,1.1575,0.6851,0.18,0.5685,0.000398,3.2,logs/ordered_5b_4g/train_ordered_4g_5b.log
ordered,30400,0.9961472,1.1648,0.6951,0.1793,0.5645,0.0004,3.2,logs/ordered_5b_4g/train_ordered_4g_5b.log
ordered,30500,0.999424,1.1615,0.6914,0.1674,0.5651,0.000401,3.3,logs/ordered_5b_4g/train_ordered_4g_5b.log
ordered,30600,1.0027008,1.1584,0.6989,0.1771,0.558,0.000402,3.3,logs/ordered_5b_4g/train_ordered_4g_5b.log
ordered,30700,1.0059776,1.1455,0.6887,0.1759,0.5509,0.000403,3.2,logs/ordered_5b_4g/train_ordered_4g_5b.log
ordered,30800,1.0092544,1.1374,0.6922,0.173,0.5474,0.000405,3.2,logs/ordered_5b_4g/train_ordered_4g_5b.log
ordered,30900,1.0125312,1.1468,0.6851,0.1713,0.5544,0.000406,3.2,logs/ordered_5b_4g/train_ordered_4g_5b.log
ordered,31000,1.015808,1.1444,0.6954,0.1738,0.5451,0.000407,3.2,logs/ordered_5b_4g/train_ordered_4g_5b.log
ordered,31100,1.0190848,1.1383,0.6951,0.1738,0.5429,0.000409,3.2,logs/ordered_5b_4g/train_ordered_4g_5b.log
ordered,31200,1.0223616,1.1419,0.6938,0.1768,0.5458,0.00041,3.2,logs/ordered_5b_4g/train_ordered_4g_5b.log
ordered,31300,1.0256384,1.141,0.6955,0.1732,0.5439,0.000411,3.3,logs/ordered_5b_4g/train_ordered_4g_5b.log
ordered,31400,1.0289152,1.1494,0.692,0.1724,0.5495,0.000413,3.2,logs/ordered_5b_4g/train_ordered_4g_5b.log
ordered,31500,1.032192,1.1289,0.689,0.1799,0.5388,0.000414,3.2,logs/ordered_5b_4g/train_ordered_4g_5b.log
ordered,31600,1.0354688,1.1145,0.6901,0.1755,0.5306,0.000415,3.2,logs/ordered_5b_4g/train_ordered_4g_5b.log
ordered,31700,1.0387456,1.1197,0.6844,0.1744,0.5344,0.000417,3.2,logs/ordered_5b_4g/train_ordered_4g_5b.log
ordered,31800,1.0420224,1.1254,0.6905,0.1712,0.5272,0.000418,3.3,logs/ordered_5b_4g/train_ordered_4g_5b.log
ordered,31900,1.0452992,1.1175,0.687,0.1706,0.527,0.000419,3.2,logs/ordered_5b_4g/train_ordered_4g_5b.log
ordered,32000,1.048576,1.1256,0.6951,0.171,0.5254,0.000421,3.2,logs/ordered_5b_4g/train_ordered_4g_5b.log
ordered,32100,1.0518528,1.1137,0.6921,0.1738,0.5181,0.000422,3.2,logs/ordered_5b_4g/train_ordered_4g_5b.log
ordered,32200,1.0551296,1.1119,0.6864,0.1723,0.5235,0.000423,3.2,logs/ordered_5b_4g/train_ordered_4g_5b.log
ordered,32300,1.0584064,1.1113,0.6922,0.1743,0.515,0.000424,3.2,logs/ordered_5b_4g/train_ordered_4g_5b.log
ordered,32400,1.0616832,1.109,0.6948,0.1774,0.5154,0.000426,3.2,logs/ordered_5b_4g/train_ordered_4g_5b.log
ordered,32500,1.06496,1.1108,0.6937,0.1746,0.5142,0.000427,3.2,logs/ordered_5b_4g/train_ordered_4g_5b.log
ordered,32600,1.0682368,1.1074,0.6952,0.1798,0.5088,0.000428,3.2,logs/ordered_5b_4g/train_ordered_4g_5b.log
ordered,32700,1.0715136,1.1014,0.6912,0.1609,0.5072,0.00043,3.2,logs/ordered_5b_4g/train_ordered_4g_5b.log
ordered,32800,1.0747904,1.102,0.6901,0.1781,0.5066,0.000431,3.2,logs/ordered_5b_4g/train_ordered_4g_5b.log
ordered,32900,1.0780672,1.1016,0.6916,0.1673,0.5,0.000432,3.2,logs/ordered_5b_4g/train_ordered_4g_5b.log
ordered,33000,1.081344,1.0972,0.6921,0.1747,0.5014,0.000434,3.2,logs/ordered_5b_4g/train_ordered_4g_5b.log
ordered,33100,1.0846208,1.0985,0.6894,0.1755,0.502,0.000435,3.2,logs/ordered_5b_4g/train_ordered_4g_5b.log
ordered,33200,1.0878976,1.0964,0.6906,0.1804,0.5072,0.000436,3.2,logs/ordered_5b_4g/train_ordered_4g_5b.log
ordered,33300,1.0911744,1.0923,0.6919,0.1746,0.4967,0.000438,3.3,logs/ordered_5b_4g/train_ordered_4g_5b.log
ordered,33400,1.0944512,1.0962,0.6879,0.1728,0.4969,0.000439,3.2,logs/ordered_5b_4g/train_ordered_4g_5b.log
ordered,33500,1.097728,1.0729,0.6834,0.1778,0.4882,0.00044,3.2,logs/ordered_5b_4g/train_ordered_4g_5b.log
ordered,33600,1.1010048,1.0856,0.6937,0.1741,0.4918,0.000442,3.2,logs/ordered_5b_4g/train_ordered_4g_5b.log
ordered,33700,1.1042816,1.0774,0.6892,0.1803,0.4887,0.000443,3.2,logs/ordered_5b_4g/train_ordered_4g_5b.log
ordered,33800,1.1075584,1.0873,0.6924,0.168,0.4887,0.000444,3.3,logs/ordered_5b_4g/train_ordered_4g_5b.log
ordered,33900,1.1108352,1.0805,0.689,0.174,0.4885,0.000446,3.2,logs/ordered_5b_4g/train_ordered_4g_5b.log
ordered,34000,1.114112,1.0713,0.6898,0.1707,0.4807,0.000447,3.2,logs/ordered_5b_4g/train_ordered_4g_5b.log
ordered,34100,1.1173888,1.0821,0.696,0.1769,0.4851,0.000448,3.2,logs/ordered_5b_4g/train_ordered_4g_5b.log
ordered,34200,1.1206656,1.0779,0.6894,0.173,0.4797,0.00045,3.2,logs/ordered_5b_4g/train_ordered_4g_5b.log
ordered,34300,1.1239424,1.0734,0.691,0.1786,0.4795,0.000451,3.3,logs/ordered_5b_4g/train_ordered_4g_5b.log
ordered,34400,1.1272192,1.0651,0.6862,0.1656,0.4709,0.000452,3.3,logs/ordered_5b_4g/train_ordered_4g_5b.log
ordered,34500,1.130496,1.0647,0.6927,0.1763,0.4738,0.000454,3.2,logs/ordered_5b_4g/train_ordered_4g_5b.log
ordered,34600,1.1337728,1.073,0.6979,0.169,0.4686,0.000455,3.3,logs/ordered_5b_4g/train_ordered_4g_5b.log
ordered,34700,1.1370496,1.0563,0.6893,0.1768,0.4671,0.000456,3.2,logs/ordered_5b_4g/train_ordered_4g_5b.log
ordered,34800,1.1403264,1.0723,0.6946,0.1799,0.4743,0.000458,3.3,logs/ordered_5b_4g/train_ordered_4g_5b.log
ordered,34900,1.1436032,1.0609,0.6913,0.165,0.4642,0.000459,3.2,logs/ordered_5b_4g/train_ordered_4g_5b.log
ordered,35000,1.14688,1.0595,0.685,0.17,0.466,0.00046,3.2,logs/ordered_5b_4g/train_ordered_4g_5b.log
ordered,35100,1.1501568,1.0711,0.6923,0.174,0.4719,0.000461,3.2,logs/ordered_5b_4g/train_ordered_4g_5b.log
ordered,35200,1.1534336,1.0563,0.6951,0.1724,0.4621,0.000463,3.2,logs/ordered_5b_4g/train_ordered_4g_5b.log
ordered,35300,1.1567104,1.0603,0.6937,0.1752,0.4612,0.000464,3.3,logs/ordered_5b_4g/train_ordered_4g_5b.log
ordered,35400,1.1599872,1.0505,0.6892,0.1725,0.4566,0.000465,3.2,logs/ordered_5b_4g/train_ordered_4g_5b.log
ordered,35500,1.163264,1.0473,0.6947,0.1753,0.4527,0.000467,3.3,logs/ordered_5b_4g/train_ordered_4g_5b.log
ordered,35600,1.1665408,1.0487,0.6898,0.1754,0.4552,0.000468,3.3,logs/ordered_5b_4g/train_ordered_4g_5b.log
ordered,35700,1.1698176,1.0482,0.6942,0.1697,0.4528,0.000469,3.3,logs/ordered_5b_4g/train_ordered_4g_5b.log
ordered,35800,1.1730944,1.046,0.6893,0.1793,0.453,0.000471,3.2,logs/ordered_5b_4g/train_ordered_4g_5b.log
ordered,35900,1.1763712,1.0487,0.6848,0.1747,0.4594,0.000472,3.2,logs/ordered_5b_4g/train_ordered_4g_5b.log
ordered,36000,1.179648,1.0437,0.6925,0.1806,0.4508,0.000473,3.2,logs/ordered_5b_4g/train_ordered_4g_5b.log
ordered,36100,1.1829248,1.0423,0.6904,0.1733,0.4453,0.000475,3.2,logs/ordered_5b_4g/train_ordered_4g_5b.log
ordered,36200,1.1862016,1.0423,0.6922,0.1825,0.4463,0.000476,3.2,logs/ordered_5b_4g/train_ordered_4g_5b.log
ordered,36300,1.1894784,1.0414,0.692,0.1811,0.4477,0.000477,3.3,logs/ordered_5b_4g/train_ordered_4g_5b.log
ordered,36400,1.1927552,1.0303,0.682,0.1874,0.4486,0.000479,3.3,logs/ordered_5b_4g/train_ordered_4g_5b.log
ordered,36500,1.196032,1.0494,0.6893,0.1671,0.4468,0.00048,3.3,logs/ordered_5b_4g/train_ordered_4g_5b.log
ordered,36600,1.1993088,1.0443,0.6937,0.1783,0.4495,0.000481,3.3,logs/ordered_5b_4g/train_ordered_4g_5b.log
ordered,36700,1.2025856,1.0244,0.6902,0.171,0.4297,0.000482,3.2,logs/ordered_5b_4g/train_ordered_4g_5b.log
ordered,36800,1.2058624,1.0353,0.6964,0.1739,0.4373,0.000484,3.3,logs/ordered_5b_4g/train_ordered_4g_5b.log
ordered,36900,1.2091392,1.0317,0.6946,0.1775,0.4406,0.000485,3.2,logs/ordered_5b_4g/train_ordered_4g_5b.log
ordered,37000,1.212416,1.0264,0.69,0.1797,0.4383,0.000486,3.2,logs/ordered_5b_4g/train_ordered_4g_5b.log
ordered,37100,1.2156928,1.0323,0.6909,0.1708,0.4335,0.000488,3.2,logs/ordered_5b_4g/train_ordered_4g_5b.log
ordered,37200,1.2189696,1.022,0.6915,0.1707,0.4328,0.000489,3.2,logs/ordered_5b_4g/train_ordered_4g_5b.log
ordered,37300,1.2222464,1.0252,0.6932,0.169,0.4272,0.00049,3.2,logs/ordered_5b_4g/train_ordered_4g_5b.log
ordered,37400,1.2255232,1.035,0.695,0.1747,0.4305,0.000492,3.2,logs/ordered_5b_4g/train_ordered_4g_5b.log
ordered,37500,1.2288,1.0323,0.689,0.1795,0.4362,0.000493,3.2,logs/ordered_5b_4g/train_ordered_4g_5b.log
ordered,37600,1.2320768,1.0215,0.6918,0.1767,0.4276,0.000494,3.2,logs/ordered_5b_4g/train_ordered_4g_5b.log
ordered,37700,1.2353536,1.0164,0.6835,0.1698,0.429,0.000496,3.2,logs/ordered_5b_4g/train_ordered_4g_5b.log
ordered,37800,1.2386304,1.0383,0.6947,0.1741,0.4358,0.000497,3.2,logs/ordered_5b_4g/train_ordered_4g_5b.log
ordered,37900,1.2419072,1.0153,0.6926,0.1729,0.4164,0.000498,3.2,logs/ordered_5b_4g/train_ordered_4g_5b.log
ordered,38000,1.245184,1.0071,0.6899,0.1805,0.4139,0.0005,3.2,logs/ordered_5b_4g/train_ordered_4g_5b.log
ordered,38100,1.2484608,1.0096,0.692,0.1791,0.4178,0.000501,3.2,logs/ordered_5b_4g/train_ordered_4g_5b.log
ordered,38200,1.2517376,1.0041,0.6923,0.1762,0.4125,0.000502,3.2,logs/ordered_5b_4g/train_ordered_4g_5b.log
ordered,38300,1.2550144,1.0131,0.6939,0.1676,0.4154,0.000503,3.3,logs/ordered_5b_4g/train_ordered_4g_5b.log
ordered,38400,1.2582912,1.006,0.6897,0.183,0.4206,0.000505,3.2,logs/ordered_5b_4g/train_ordered_4g_5b.log
ordered,38500,1.261568,1.0032,0.6859,0.1707,0.4157,0.000506,3.2,logs/ordered_5b_4g/train_ordered_4g_5b.log
ordered,38600,1.2648448,1.0139,0.6928,0.1746,0.4231,0.000507,3.2,logs/ordered_5b_4g/train_ordered_4g_5b.log
ordered,38700,1.2681216,1.0119,0.6976,0.1777,0.4148,0.000509,3.2,logs/ordered_5b_4g/train_ordered_4g_5b.log
ordered,38800,1.2713984,1.0128,0.6931,0.1714,0.4145,0.00051,3.3,logs/ordered_5b_4g/train_ordered_4g_5b.log
ordered,38900,1.2746752,1.0027,0.6943,0.1819,0.4068,0.000511,3.2,logs/ordered_5b_4g/train_ordered_4g_5b.log
ordered,39000,1.277952,0.9961,0.696,0.1816,0.4023,0.000513,3.2,logs/ordered_5b_4g/train_ordered_4g_5b.log
ordered,39100,1.2812288,1.0056,0.6874,0.18,0.4117,0.000514,3.2,logs/ordered_5b_4g/train_ordered_4g_5b.log
ordered,39200,1.2845056,1.006,0.6904,0.1824,0.4151,0.000515,3.2,logs/ordered_5b_4g/train_ordered_4g_5b.log
ordered,39300,1.2877824,0.999,0.6954,0.1695,0.4001,0.000517,3.3,logs/ordered_5b_4g/train_ordered_4g_5b.log
ordered,39400,1.2910592,1.0015,0.6927,0.1707,0.4046,0.000518,3.2,logs/ordered_5b_4g/train_ordered_4g_5b.log
ordered,39500,1.294336,1.0009,0.6913,0.1744,0.4063,0.000519,3.2,logs/ordered_5b_4g/train_ordered_4g_5b.log
ordered,39600,1.2976128,1.0027,0.698,0.1734,0.4016,0.000521,3.2,logs/ordered_5b_4g/train_ordered_4g_5b.log
ordered,39700,1.3008896,1.013,0.7026,0.1751,0.4068,0.000522,3.2,logs/ordered_5b_4g/train_ordered_4g_5b.log
ordered,39800,1.3041664,0.9978,0.6904,0.178,0.4007,0.000523,3.2,logs/ordered_5b_4g/train_ordered_4g_5b.log
ordered,39900,1.3074432,0.9945,0.6887,0.1787,0.4027,0.000524,3.2,logs/ordered_5b_4g/train_ordered_4g_5b.log
ordered,40000,1.31072,1.0002,0.6938,0.1787,0.4012,0.000526,3.2,logs/ordered_5b_4g/train_ordered_4g_5b.log
ordered,40100,1.3139968,1.0015,0.6867,0.1683,0.4014,0.000527,3.2,logs/ordered_5b_4g/train_ordered_4g_5b.log
ordered,40200,1.3172736,0.9908,0.6904,0.1792,0.3994,0.000528,3.2,logs/ordered_5b_4g/train_ordered_4g_5b.log
ordered,40300,1.3205504,0.9793,0.6873,0.176,0.391,0.00053,3.3,logs/ordered_5b_4g/train_ordered_4g_5b.log
ordered,40400,1.3238272,0.9935,0.6961,0.1696,0.3934,0.000531,3.2,logs/ordered_5b_4g/train_ordered_4g_5b.log
ordered,40500,1.327104,0.9995,0.688,0.1718,0.4025,0.000532,3.2,logs/ordered_5b_4g/train_ordered_4g_5b.log
ordered,40600,1.3303808,0.982,0.6903,0.1759,0.3898,0.000534,3.2,logs/ordered_5b_4g/train_ordered_4g_5b.log
ordered,40700,1.3336576,0.9839,0.6893,0.1719,0.3937,0.000535,3.2,logs/ordered_5b_4g/train_ordered_4g_5b.log
ordered,40800,1.3369344,0.9879,0.6917,0.1762,0.3898,0.000536,3.3,logs/ordered_5b_4g/train_ordered_4g_5b.log
ordered,40900,1.3402112,0.987,0.6936,0.1738,0.391,0.000538,3.2,logs/ordered_5b_4g/train_ordered_4g_5b.log
ordered,41000,1.343488,0.988,0.6896,0.1765,0.3924,0.000539,3.3,logs/ordered_5b_4g/train_ordered_4g_5b.log
ordered,41100,1.3467648,0.9734,0.6906,0.1831,0.383,0.00054,3.2,logs/ordered_5b_4g/train_ordered_4g_5b.log
ordered,41200,1.3500416,0.9721,0.6877,0.1788,0.3878,0.000542,3.2,logs/ordered_5b_4g/train_ordered_4g_5b.log
ordered,41300,1.3533184,0.988,0.6892,0.1792,0.3873,0.000543,3.3,logs/ordered_5b_4g/train_ordered_4g_5b.log
ordered,41400,1.3565952,0.9868,0.6893,0.1719,0.3909,0.000544,3.2,logs/ordered_5b_4g/train_ordered_4g_5b.log
ordered,41500,1.359872,0.9777,0.6879,0.1724,0.3846,0.000545,3.3,logs/ordered_5b_4g/train_ordered_4g_5b.log
ordered,41600,1.3631488,0.9803,0.6913,0.1758,0.3883,0.000547,3.2,logs/ordered_5b_4g/train_ordered_4g_5b.log
ordered,41700,1.3664256,0.9767,0.6893,0.1818,0.3823,0.000548,3.2,logs/ordered_5b_4g/train_ordered_4g_5b.log
ordered,41800,1.3697024,0.9831,0.6917,0.1738,0.385,0.000549,3.3,logs/ordered_5b_4g/train_ordered_4g_5b.log
ordered,41900,1.3729792,0.9698,0.6874,0.1744,0.3768,0.000551,3.2,logs/ordered_5b_4g/train_ordered_4g_5b.log
ordered,42000,1.376256,0.9756,0.6964,0.1754,0.3826,0.000552,3.2,logs/ordered_5b_4g/train_ordered_4g_5b.log
ordered,42100,1.3795328,0.9853,0.6919,0.1704,0.3886,0.000553,3.2,logs/ordered_5b_4g/train_ordered_4g_5b.log
ordered,42200,1.3828096,0.9701,0.6905,0.1801,0.3787,0.000555,3.2,logs/ordered_5b_4g/train_ordered_4g_5b.log
ordered,42300,1.3860864,0.9628,0.6883,0.1697,0.3713,0.000556,3.3,logs/ordered_5b_4g/train_ordered_4g_5b.log
ordered,42400,1.3893632,0.9732,0.6936,0.1715,0.3707,0.000557,3.2,logs/ordered_5b_4g/train_ordered_4g_5b.log
ordered,42500,1.39264,0.9722,0.6957,0.1714,0.37,0.000559,3.3,logs/ordered_5b_4g/train_ordered_4g_5b.log
ordered,42600,1.3959168,0.9669,0.6908,0.172,0.3712,0.00056,3.2,logs/ordered_5b_4g/train_ordered_4g_5b.log
ordered,42700,1.3991936,0.9635,0.6945,0.1797,0.3677,0.000561,3.2,logs/ordered_5b_4g/train_ordered_4g_5b.log
ordered,42800,1.4024704,0.9739,0.6909,0.1811,0.3794,0.000563,3.2,logs/ordered_5b_4g/train_ordered_4g_5b.log
ordered,42900,1.4057472,0.9619,0.6955,0.1757,0.366,0.000564,3.2,logs/ordered_5b_4g/train_ordered_4g_5b.log
ordered,43000,1.409024,0.9678,0.6886,0.178,0.3768,0.000565,3.2,logs/ordered_5b_4g/train_ordered_4g_5b.log
ordered,43100,1.4123008,0.9766,0.6971,0.1695,0.3747,0.000566,3.2,logs/ordered_5b_4g/train_ordered_4g_5b.log
ordered,43200,1.4155776,0.9637,0.6859,0.1709,0.3678,0.000568,3.2,logs/ordered_5b_4g/train_ordered_4g_5b.log
ordered,43300,1.4188544,0.9579,0.6896,0.1745,0.3648,0.000569,3.3,logs/ordered_5b_4g/train_ordered_4g_5b.log
ordered,43400,1.4221312,0.968,0.6889,0.1771,0.3706,0.00057,3.2,logs/ordered_5b_4g/train_ordered_4g_5b.log
ordered,43500,1.425408,0.9631,0.689,0.1767,0.3699,0.000572,3.2,logs/ordered_5b_4g/train_ordered_4g_5b.log
ordered,43600,1.4286848,0.9582,0.6891,0.1796,0.3689,0.000573,3.2,logs/ordered_5b_4g/train_ordered_4g_5b.log
ordered,43700,1.4319616,0.9612,0.6958,0.1764,0.3663,0.000574,3.2,logs/ordered_5b_4g/train_ordered_4g_5b.log
ordered,43800,1.4352384,0.9479,0.6849,0.1721,0.3545,0.000576,3.3,logs/ordered_5b_4g/train_ordered_4g_5b.log
ordered,43900,1.4385152,0.9575,0.6852,0.1768,0.3693,0.000577,3.2,logs/ordered_5b_4g/train_ordered_4g_5b.log
ordered,44000,1.441792,0.9539,0.6907,0.1844,0.3601,0.000578,3.2,logs/ordered_5b_4g/train_ordered_4g_5b.log
ordered,44100,1.4450688,0.9592,0.6959,0.1745,0.3612,0.00058,3.2,logs/ordered_5b_4g/train_ordered_4g_5b.log
ordered,44200,1.4483456,0.9568,0.6851,0.1826,0.3673,0.000581,3.2,logs/ordered_5b_4g/train_ordered_4g_5b.log
ordered,44300,1.4516224,0.945,0.6869,0.1752,0.356,0.000582,3.3,logs/ordered_5b_4g/train_ordered_4g_5b.log
ordered,44400,1.4548992,0.9556,0.688,0.1766,0.3634,0.000584,3.2,logs/ordered_5b_4g/train_ordered_4g_5b.log
ordered,44500,1.458176,0.9697,0.691,0.1786,0.3701,0.000585,3.2,logs/ordered_5b_4g/train_ordered_4g_5b.log
ordered,44600,1.4614528,0.9542,0.6917,0.1742,0.3597,0.000586,3.2,logs/ordered_5b_4g/train_ordered_4g_5b.log
ordered,44700,1.4647296,0.9571,0.6929,0.1735,0.3599,0.000588,3.2,logs/ordered_5b_4g/train_ordered_4g_5b.log
ordered,44800,1.4680064,0.9566,0.6937,0.1689,0.3596,0.000589,3.2,logs/ordered_5b_4g/train_ordered_4g_5b.log
ordered,44900,1.4712832,0.9696,0.6926,0.1795,0.3694,0.00059,3.2,logs/ordered_5b_4g/train_ordered_4g_5b.log
ordered,45000,1.47456,0.9557,0.6907,0.1814,0.3608,0.000592,3.2,logs/ordered_5b_4g/train_ordered_4g_5b.log
ordered,45100,1.4778368,0.9576,0.6921,0.1734,0.361,0.000593,3.3,logs/ordered_5b_4g/train_ordered_4g_5b.log
ordered,45200,1.4811136,0.9373,0.6909,0.1787,0.3452,0.000594,3.2,logs/ordered_5b_4g/train_ordered_4g_5b.log
ordered,45300,1.4843904,0.9424,0.6927,0.1737,0.3473,0.000595,3.2,logs/ordered_5b_4g/train_ordered_4g_5b.log
ordered,45400,1.4876672,0.9545,0.6959,0.1766,0.3574,0.000597,3.2,logs/ordered_5b_4g/train_ordered_4g_5b.log
ordered,45500,1.490944,0.9411,0.6912,0.1764,0.3463,0.000598,3.2,logs/ordered_5b_4g/train_ordered_4g_5b.log
ordered,45600,1.4942208,0.9356,0.6846,0.183,0.3482,0.000599,3.2,logs/ordered_5b_4g/train_ordered_4g_5b.log
ordered,45700,1.4974976,0.9554,0.6921,0.1794,0.3583,0.000601,3.2,logs/ordered_5b_4g/train_ordered_4g_5b.log
ordered,45800,1.5007744,0.9466,0.6965,0.1752,0.3478,0.000602,3.3,logs/ordered_5b_4g/train_ordered_4g_5b.log
ordered,45900,1.5040512,0.951,0.6944,0.1753,0.3506,0.000603,3.2,logs/ordered_5b_4g/train_ordered_4g_5b.log
ordered,46000,1.507328,0.9486,0.6923,0.1819,0.3518,0.000605,3.2,logs/ordered_5b_4g/train_ordered_4g_5b.log
ordered,46100,1.5106048,0.9443,0.6937,0.1732,0.3511,0.000606,3.2,logs/ordered_5b_4g/train_ordered_4g_5b.log
ordered,46200,1.5138816,0.9399,0.6927,0.1863,0.3487,0.000607,3.2,logs/ordered_5b_4g/train_ordered_4g_5b.log
ordered,46300,1.5171584,0.9443,0.6912,0.176,0.3497,0.000609,3.3,logs/ordered_5b_4g/train_ordered_4g_5b.log
ordered,46400,1.5204352,0.9356,0.6841,0.1707,0.3444,0.00061,3.2,logs/ordered_5b_4g/train_ordered_4g_5b.log
ordered,46500,1.523712,0.9456,0.6913,0.178,0.3475,0.000611,3.2,logs/ordered_5b_4g/train_ordered_4g_5b.log
ordered,46600,1.5269888,0.9395,0.6938,0.1832,0.346,0.000613,3.2,logs/ordered_5b_4g/train_ordered_4g_5b.log
ordered,46700,1.5302656,0.9478,0.6924,0.1766,0.3516,0.000614,3.2,logs/ordered_5b_4g/train_ordered_4g_5b.log
ordered,46800,1.5335424,0.939,0.6875,0.1757,0.3448,0.000615,3.3,logs/ordered_5b_4g/train_ordered_4g_5b.log
ordered,46900,1.5368192,0.9518,0.6929,0.1803,0.3555,0.000617,3.3,logs/ordered_5b_4g/train_ordered_4g_5b.log
ordered,47000,1.540096,0.944,0.6925,0.1741,0.3451,0.000618,3.2,logs/ordered_5b_4g/train_ordered_4g_5b.log
ordered,47100,1.5433728,0.9455,0.688,0.1797,0.349,0.000619,3.2,logs/ordered_5b_4g/train_ordered_4g_5b.log
ordered,47200,1.5466496,0.9358,0.6912,0.1774,0.3411,0.000621,3.2,logs/ordered_5b_4g/train_ordered_4g_5b.log
ordered,47300,1.5499264,0.9321,0.6905,0.1816,0.3417,0.000622,3.3,logs/ordered_5b_4g/train_ordered_4g_5b.log
ordered,47400,1.5532032,0.9442,0.6938,0.1758,0.3444,0.000623,3.2,logs/ordered_5b_4g/train_ordered_4g_5b.log
ordered,47500,1.55648,0.952,0.6928,0.1794,0.3562,0.000624,3.2,logs/ordered_5b_4g/train_ordered_4g_5b.log
ordered,47600,1.5597568,0.9348,0.6906,0.1808,0.3378,0.000626,3.2,logs/ordered_5b_4g/train_ordered_4g_5b.log
ordered,47700,1.5630336,0.9324,0.6866,0.1724,0.3378,0.000627,3.2,logs/ordered_5b_4g/train_ordered_4g_5b.log
ordered,47800,1.5663104,0.937,0.6927,0.1766,0.3394,0.000628,3.3,logs/ordered_5b_4g/train_ordered_4g_5b.log
ordered,47900,1.5695872,0.9314,0.6928,0.1726,0.3379,0.00063,3.2,logs/ordered_5b_4g/train_ordered_4g_5b.log
ordered,48000,1.572864,0.925,0.6866,0.183,0.3321,0.000631,3.2,logs/ordered_5b_4g/train_ordered_4g_5b.log
ordered,48100,1.5761408,0.9357,0.6891,0.1731,0.3387,0.000632,3.2,logs/ordered_5b_4g/train_ordered_4g_5b.log
ordered,48200,1.5794176,0.9238,0.689,0.1734,0.3341,0.000634,3.2,logs/ordered_5b_4g/train_ordered_4g_5b.log
ordered,48300,1.5826944,0.9388,0.6933,0.1736,0.3392,0.000635,3.3,logs/ordered_5b_4g/train_ordered_4g_5b.log
ordered,48400,1.5859712,0.9394,0.6937,0.1791,0.3428,0.000636,3.3,logs/ordered_5b_4g/train_ordered_4g_5b.log
ordered,48500,1.589248,0.9307,0.6945,0.1776,0.3367,0.000638,3.2,logs/ordered_5b_4g/train_ordered_4g_5b.log
ordered,48600,1.5925248,0.9421,0.6944,0.1827,0.3411,0.000639,3.2,logs/ordered_5b_4g/train_ordered_4g_5b.log
ordered,48700,1.5958016,0.9251,0.6905,0.1827,0.3363,0.00064,3.2,logs/ordered_5b_4g/train_ordered_4g_5b.log
ordered,48800,1.5990784,0.9435,0.6965,0.1736,0.3341,0.000642,3.2,logs/ordered_5b_4g/train_ordered_4g_5b.log
ordered,48900,1.6023552,0.9341,0.6907,0.172,0.3391,0.000643,3.2,logs/ordered_5b_4g/train_ordered_4g_5b.log
ordered,49000,1.605632,0.9257,0.6894,0.1919,0.335,0.000644,3.3,logs/ordered_5b_4g/train_ordered_4g_5b.log
ordered,49100,1.6089088,0.9302,0.693,0.1844,0.3366,0.000645,3.2,logs/ordered_5b_4g/train_ordered_4g_5b.log
ordered,49200,1.6121856,0.9334,0.6929,0.1778,0.3351,0.000647,3.3,logs/ordered_5b_4g/train_ordered_4g_5b.log
ordered,49300,1.6154624,0.9243,0.6935,0.1865,0.3298,0.000648,3.3,logs/ordered_5b_4g/train_ordered_4g_5b.log
ordered,49400,1.6187392,0.9261,0.6883,0.1802,0.3318,0.000649,3.3,logs/ordered_5b_4g/train_ordered_4g_5b.log
ordered,49500,1.622016,0.92,0.6941,0.1812,0.3287,0.000651,3.3,logs/ordered_5b_4g/train_ordered_4g_5b.log
ordered,49600,1.6252928,0.9357,0.69,0.1662,0.3302,0.000652,3.2,logs/ordered_5b_4g/train_ordered_4g_5b.log
ordered,49700,1.6285696,0.9131,0.6849,0.1761,0.3202,0.000653,3.2,logs/ordered_5b_4g/train_ordered_4g_5b.log
ordered,49800,1.6318464,0.9275,0.6897,0.1804,0.3317,0.000655,3.3,logs/ordered_5b_4g/train_ordered_4g_5b.log
ordered,49900,1.6351232,0.9152,0.6848,0.1767,0.3216,0.000656,3.3,logs/ordered_5b_4g/train_ordered_4g_5b.log
ordered,50000,1.6384,0.9282,0.6942,0.1831,0.335,0.000657,3.3,logs/ordered_5b_4g/train_ordered_4g_5b.log
ordered,50100,1.6416768,0.9384,0.6947,0.1758,0.3366,0.000659,3.2,logs/ordered_5b_4g/train_ordered_4g_5b.log
ordered,50200,1.6449536,0.929,0.6951,0.176,0.3289,0.00066,3.2,logs/ordered_5b_4g/train_ordered_4g_5b.log
ordered,50300,1.6482304,0.9259,0.6915,0.179,0.328,0.000661,3.3,logs/ordered_5b_4g/train_ordered_4g_5b.log
ordered,50400,1.6515072,0.915,0.6938,0.1771,0.3216,0.000663,3.2,logs/ordered_5b_4g/train_ordered_4g_5b.log
ordered,50500,1.654784,0.9283,0.6952,0.191,0.3304,0.000664,3.3,logs/ordered_5b_4g/train_ordered_4g_5b.log
ordered,50600,1.6580608,0.9127,0.6855,0.1835,0.3247,0.000665,3.2,logs/ordered_5b_4g/train_ordered_4g_5b.log
ordered,50700,1.6613376,0.9158,0.6895,0.1746,0.3212,0.000666,3.3,logs/ordered_5b_4g/train_ordered_4g_5b.log
ordered,50800,1.6646144,0.9385,0.6991,0.1742,0.3391,0.000668,3.3,logs/ordered_5b_4g/train_ordered_4g_5b.log
ordered,50900,1.6678912,0.9164,0.6904,0.1828,0.3235,0.000669,3.2,logs/ordered_5b_4g/train_ordered_4g_5b.log
ordered,51000,1.671168,0.9094,0.6926,0.1776,0.3192,0.00067,3.2,logs/ordered_5b_4g/train_ordered_4g_5b.log
ordered,51100,1.6744448,0.9218,0.6908,0.1782,0.3265,0.000672,3.2,logs/ordered_5b_4g/train_ordered_4g_5b.log
ordered,51200,1.6777216,0.927,0.6891,0.1767,0.3303,0.000673,3.2,logs/ordered_5b_4g/train_ordered_4g_5b.log
ordered,51300,1.6809984,0.9134,0.687,0.1728,0.3189,0.000674,3.3,logs/ordered_5b_4g/train_ordered_4g_5b.log
ordered,51400,1.6842752,0.9179,0.6939,0.1795,0.3181,0.000676,3.3,logs/ordered_5b_4g/train_ordered_4g_5b.log
ordered,51500,1.687552,0.9184,0.6871,0.1779,0.3229,0.000677,3.2,logs/ordered_5b_4g/train_ordered_4g_5b.log
ordered,51600,1.6908288,0.9122,0.6911,0.1745,0.3186,0.000678,3.2,logs/ordered_5b_4g/train_ordered_4g_5b.log
ordered,51700,1.6941056,0.9261,0.6924,0.1766,0.3278,0.00068,3.2,logs/ordered_5b_4g/train_ordered_4g_5b.log
ordered,51800,1.6973824,0.9141,0.6902,0.1847,0.3267,0.000681,3.3,logs/ordered_5b_4g/train_ordered_4g_5b.log
ordered,51900,1.7006592,0.9209,0.6908,0.1735,0.3219,0.000682,3.2,logs/ordered_5b_4g/train_ordered_4g_5b.log
ordered,52000,1.703936,0.9224,0.6936,0.1793,0.3271,0.000684,3.2,logs/ordered_5b_4g/train_ordered_4g_5b.log
ordered,52100,1.7072128,0.9088,0.6905,0.1776,0.3159,0.000685,3.2,logs/ordered_5b_4g/train_ordered_4g_5b.log
ordered,52200,1.7104896,0.916,0.6884,0.1786,0.3236,0.000686,3.2,logs/ordered_5b_4g/train_ordered_4g_5b.log
ordered,52300,1.7137664,0.9241,0.6962,0.1791,0.3244,0.000687,3.2,logs/ordered_5b_4g/train_ordered_4g_5b.log
ordered,52400,1.7170432,0.9201,0.6955,0.1792,0.3189,0.000689,3.3,logs/ordered_5b_4g/train_ordered_4g_5b.log
ordered,52500,1.72032,0.9202,0.6923,0.1727,0.3252,0.00069,3.3,logs/ordered_5b_4g/train_ordered_4g_5b.log
ordered,52600,1.7235968,0.9102,0.6911,0.1796,0.3151,0.000691,3.2,logs/ordered_5b_4g/train_ordered_4g_5b.log
ordered,52700,1.7268736,0.9051,0.6864,0.1785,0.3162,0.000693,3.3,logs/ordered_5b_4g/train_ordered_4g_5b.log
ordered,52800,1.7301504,0.9074,0.6949,0.1751,0.317,0.000694,3.3,logs/ordered_5b_4g/train_ordered_4g_5b.log
ordered,52900,1.7334272,0.9088,0.6905,0.1772,0.3202,0.000695,3.3,logs/ordered_5b_4g/train_ordered_4g_5b.log
ordered,53000,1.736704,0.9086,0.6896,0.1846,0.3202,0.000697,3.2,logs/ordered_5b_4g/train_ordered_4g_5b.log
ordered,53100,1.7399808,0.9141,0.69,0.1729,0.3182,0.000698,3.3,logs/ordered_5b_4g/train_ordered_4g_5b.log
ordered,53200,1.7432576,0.914,0.6845,0.1696,0.3194,0.000699,3.2,logs/ordered_5b_4g/train_ordered_4g_5b.log
ordered,53300,1.7465344,0.9136,0.6882,0.1806,0.3179,0.000701,3.3,logs/ordered_5b_4g/train_ordered_4g_5b.log
ordered,53400,1.7498112,0.9038,0.6893,0.1827,0.3119,0.000702,3.2,logs/ordered_5b_4g/train_ordered_4g_5b.log
ordered,53500,1.753088,0.905,0.6866,0.1815,0.3168,0.000703,3.3,logs/ordered_5b_4g/train_ordered_4g_5b.log
ordered,53600,1.7563648,0.9096,0.6933,0.1777,0.3135,0.000705,3.3,logs/ordered_5b_4g/train_ordered_4g_5b.log
ordered,53700,1.7596416,0.9036,0.6925,0.1891,0.3143,0.000706,3.3,logs/ordered_5b_4g/train_ordered_4g_5b.log
ordered,53800,1.7629184,0.9094,0.688,0.1779,0.3094,0.000707,3.3,logs/ordered_5b_4g/train_ordered_4g_5b.log
ordered,53900,1.7661952,0.9126,0.6911,0.1805,0.3178,0.000708,3.3,logs/ordered_5b_4g/train_ordered_4g_5b.log
ordered,54000,1.769472,0.9144,0.6932,0.1835,0.3167,0.00071,3.2,logs/ordered_5b_4g/train_ordered_4g_5b.log
ordered,54100,1.7727488,0.8961,0.6881,0.1814,0.3078,0.000711,3.3,logs/ordered_5b_4g/train_ordered_4g_5b.log
ordered,54200,1.7760256,0.9146,0.6892,0.1746,0.3202,0.000712,3.2,logs/ordered_5b_4g/train_ordered_4g_5b.log
ordered,54300,1.7793024,0.9008,0.6893,0.1841,0.3062,0.000714,3.3,logs/ordered_5b_4g/train_ordered_4g_5b.log
ordered,54400,1.7825792,0.9018,0.6885,0.1812,0.3104,0.000715,3.2,logs/ordered_5b_4g/train_ordered_4g_5b.log
ordered,54500,1.785856,0.9018,0.6922,0.1818,0.311,0.000716,3.3,logs/ordered_5b_4g/train_ordered_4g_5b.log
ordered,54600,1.7891328,0.9043,0.6876,0.1748,0.3122,0.000718,3.3,logs/ordered_5b_4g/train_ordered_4g_5b.log
ordered,54700,1.7924096,0.9124,0.6957,0.1803,0.3156,0.000719,3.2,logs/ordered_5b_4g/train_ordered_4g_5b.log
ordered,54800,1.7956864,0.9101,0.694,0.1714,0.3103,0.00072,3.3,logs/ordered_5b_4g/train_ordered_4g_5b.log
ordered,54900,1.7989632,0.9005,0.6905,0.1893,0.3077,0.000722,3.3,logs/ordered_5b_4g/train_ordered_4g_5b.log
ordered,55000,1.80224,0.9094,0.6914,0.176,0.3081,0.000723,3.2,logs/ordered_5b_4g/train_ordered_4g_5b.log
ordered,55100,1.8055168,0.9039,0.6937,0.1859,0.3098,0.000724,3.2,logs/ordered_5b_4g/train_ordered_4g_5b.log
ordered,55200,1.8087936,0.9124,0.6918,0.1796,0.3141,0.000726,3.3,logs/ordered_5b_4g/train_ordered_4g_5b.log
ordered,55300,1.8120704,0.9059,0.6896,0.1865,0.3107,0.000727,3.2,logs/ordered_5b_4g/train_ordered_4g_5b.log
ordered,55400,1.8153472,0.9042,0.692,0.1749,0.3055,0.000728,3.3,logs/ordered_5b_4g/train_ordered_4g_5b.log
ordered,55500,1.818624,0.9022,0.6895,0.1764,0.305,0.000729,3.2,logs/ordered_5b_4g/train_ordered_4g_5b.log
ordered,55600,1.8219008,0.9026,0.6892,0.1807,0.3122,0.000731,3.2,logs/ordered_5b_4g/train_ordered_4g_5b.log
ordered,55700,1.8251776,0.9158,0.6941,0.1894,0.3194,0.000732,3.2,logs/ordered_5b_4g/train_ordered_4g_5b.log
ordered,55800,1.8284544,0.9031,0.6863,0.1701,0.3102,0.000733,3.3,logs/ordered_5b_4g/train_ordered_4g_5b.log
ordered,55900,1.8317312,0.9048,0.6912,0.1752,0.3105,0.000735,3.2,logs/ordered_5b_4g/train_ordered_4g_5b.log
ordered,56000,1.835008,0.8943,0.6903,0.1823,0.3054,0.000736,3.2,logs/ordered_5b_4g/train_ordered_4g_5b.log
ordered,56100,1.8382848,0.9052,0.6935,0.1762,0.3087,0.000737,3.2,logs/ordered_5b_4g/train_ordered_4g_5b.log
ordered,56200,1.8415616,0.9006,0.6919,0.1816,0.3103,0.000739,3.2,logs/ordered_5b_4g/train_ordered_4g_5b.log
ordered,56300,1.8448384,0.8949,0.6895,0.1809,0.3078,0.00074,3.2,logs/ordered_5b_4g/train_ordered_4g_5b.log
ordered,56400,1.8481152,0.9043,0.6891,0.1753,0.3102,0.000741,3.2,logs/ordered_5b_4g/train_ordered_4g_5b.log
ordered,56500,1.851392,0.9026,0.6916,0.178,0.3061,0.000743,3.2,logs/ordered_5b_4g/train_ordered_4g_5b.log
ordered,56600,1.8546688,0.8998,0.6865,0.1791,0.3042,0.000744,3.3,logs/ordered_5b_4g/train_ordered_4g_5b.log
ordered,56700,1.8579456,0.8927,0.6876,0.1748,0.3033,0.000745,3.3,logs/ordered_5b_4g/train_ordered_4g_5b.log
ordered,56800,1.8612224,0.8876,0.6825,0.1817,0.3026,0.000747,3.3,logs/ordered_5b_4g/train_ordered_4g_5b.log
ordered,56900,1.8644992,0.8998,0.6921,0.1741,0.3059,0.000748,3.2,logs/ordered_5b_4g/train_ordered_4g_5b.log
ordered,57000,1.867776,0.8969,0.6827,0.173,0.3034,0.000749,3.2,logs/ordered_5b_4g/train_ordered_4g_5b.log
ordered,57100,1.8710528,0.9048,0.694,0.183,0.3065,0.000751,3.2,logs/ordered_5b_4g/train_ordered_4g_5b.log
ordered,57200,1.8743296,0.9014,0.6898,0.173,0.3073,0.000752,3.2,logs/ordered_5b_4g/train_ordered_4g_5b.log
ordered,57300,1.8776064,0.8952,0.6895,0.1833,0.3023,0.000753,3.2,logs/ordered_5b_4g/train_ordered_4g_5b.log
ordered,57400,1.8808832,0.8995,0.6877,0.1791,0.3002,0.000755,3.2,logs/ordered_5b_4g/train_ordered_4g_5b.log
ordered,57500,1.88416,0.9042,0.6941,0.1764,0.305,0.000756,3.2,logs/ordered_5b_4g/train_ordered_4g_5b.log
ordered,57600,1.8874368,0.9013,0.6859,0.1739,0.3084,0.000757,3.2,logs/ordered_5b_4g/train_ordered_4g_5b.log
ordered,57700,1.8907136,0.9044,0.6909,0.1799,0.3038,0.000759,3.2,logs/ordered_5b_4g/train_ordered_4g_5b.log
ordered,57800,1.8939904,0.8915,0.693,0.1818,0.2943,0.00076,3.2,logs/ordered_5b_4g/train_ordered_4g_5b.log
ordered,57900,1.8972672,0.9002,0.6895,0.1817,0.2991,0.000761,3.2,logs/ordered_5b_4g/train_ordered_4g_5b.log
ordered,58000,1.900544,0.8967,0.6934,0.1816,0.3001,0.000763,3.2,logs/ordered_5b_4g/train_ordered_4g_5b.log
ordered,58100,1.9038208,0.8957,0.6874,0.1799,0.3027,0.000764,3.2,logs/ordered_5b_4g/train_ordered_4g_5b.log
ordered,58200,1.9070976,0.9048,0.6929,0.1812,0.3079,0.000765,3.2,logs/ordered_5b_4g/train_ordered_4g_5b.log
ordered,58300,1.9103744,0.9033,0.6841,0.175,0.3053,0.000766,3.3,logs/ordered_5b_4g/train_ordered_4g_5b.log
ordered,58400,1.9136512,0.8896,0.6946,0.1853,0.2973,0.000768,3.2,logs/ordered_5b_4g/train_ordered_4g_5b.log
ordered,58500,1.916928,0.8903,0.6878,0.1792,0.2993,0.000769,3.3,logs/ordered_5b_4g/train_ordered_4g_5b.log
ordered,58600,1.9202048,0.89,0.6861,0.1856,0.3025,0.00077,3.2,logs/ordered_5b_4g/train_ordered_4g_5b.log
ordered,58700,1.9234816,0.8882,0.6866,0.1834,0.2983,0.000772,3.2,logs/ordered_5b_4g/train_ordered_4g_5b.log
ordered,58800,1.9267584,0.8893,0.6897,0.1812,0.2982,0.000773,3.3,logs/ordered_5b_4g/train_ordered_4g_5b.log
ordered,58900,1.9300352,0.8934,0.6884,0.1742,0.2992,0.000774,3.2,logs/ordered_5b_4g/train_ordered_4g_5b.log
ordered,59000,1.933312,0.8944,0.6895,0.1857,0.3013,0.000776,3.2,logs/ordered_5b_4g/train_ordered_4g_5b.log
ordered,59100,1.9365888,0.892,0.6902,0.1766,0.2958,0.000777,3.2,logs/ordered_5b_4g/train_ordered_4g_5b.log
ordered,59200,1.9398656,0.8922,0.6885,0.1893,0.2954,0.000778,3.2,logs/ordered_5b_4g/train_ordered_4g_5b.log
ordered,59300,1.9431424,0.8908,0.6911,0.1821,0.2972,0.00078,3.3,logs/ordered_5b_4g/train_ordered_4g_5b.log
ordered,59400,1.9464192,0.8984,0.691,0.1858,0.3042,0.000781,3.2,logs/ordered_5b_4g/train_ordered_4g_5b.log
ordered,59500,1.949696,0.8921,0.6891,0.1724,0.2977,0.000782,3.2,logs/ordered_5b_4g/train_ordered_4g_5b.log
ordered,59600,1.9529728,0.8899,0.6916,0.1861,0.3014,0.000784,3.2,logs/ordered_5b_4g/train_ordered_4g_5b.log
ordered,59700,1.9562496,0.8961,0.6911,0.1738,0.2985,0.000785,3.2,logs/ordered_5b_4g/train_ordered_4g_5b.log
ordered,59800,1.9595264,0.8976,0.6945,0.1801,0.3021,0.000786,3.2,logs/ordered_5b_4g/train_ordered_4g_5b.log
ordered,59900,1.9628032,0.8923,0.692,0.1769,0.2983,0.000787,3.2,logs/ordered_5b_4g/train_ordered_4g_5b.log
ordered,60000,1.96608,0.8855,0.6892,0.1739,0.2926,0.000789,3.2,logs/ordered_5b_4g/train_ordered_4g_5b.log
ordered,60100,1.9693568,0.8891,0.6882,0.1722,0.293,0.00079,3.2,logs/ordered_5b_4g/train_ordered_4g_5b.log
ordered,60200,1.9726336,0.8791,0.6861,0.1804,0.2878,0.000791,3.2,logs/ordered_5b_4g/train_ordered_4g_5b.log
ordered,60300,1.9759104,0.899,0.6883,0.1745,0.2989,0.000793,3.2,logs/ordered_5b_4g/train_ordered_4g_5b.log
ordered,60400,1.9791872,0.8873,0.686,0.1834,0.2965,0.000794,3.2,logs/ordered_5b_4g/train_ordered_4g_5b.log
ordered,60500,1.982464,0.8915,0.6878,0.1836,0.2966,0.000795,3.2,logs/ordered_5b_4g/train_ordered_4g_5b.log
ordered,60600,1.9857408,0.8941,0.684,0.1788,0.2986,0.000797,3.2,logs/ordered_5b_4g/train_ordered_4g_5b.log
ordered,60700,1.9890176,0.8899,0.6899,0.1828,0.2924,0.000798,3.2,logs/ordered_5b_4g/train_ordered_4g_5b.log
ordered,60800,1.9922944,0.8809,0.6848,0.181,0.2888,0.000799,3.3,logs/ordered_5b_4g/train_ordered_4g_5b.log
ordered,60900,1.9955712,0.898,0.6905,0.1822,0.3015,0.000801,3.2,logs/ordered_5b_4g/train_ordered_4g_5b.log
ordered,61000,1.998848,0.889,0.6849,0.1788,0.2967,0.000802,3.2,logs/ordered_5b_4g/train_ordered_4g_5b.log
ordered,61100,2.0021248,0.8867,0.688,0.1856,0.2913,0.000803,3.2,logs/ordered_5b_4g/train_ordered_4g_5b.log
ordered,61200,2.0054016,0.9077,0.6972,0.1766,0.3068,0.000805,3.2,logs/ordered_5b_4g/train_ordered_4g_5b.log
ordered,61300,2.0086784,0.8891,0.6861,0.1791,0.2943,0.000806,3.2,logs/ordered_5b_4g/train_ordered_4g_5b.log
ordered,61400,2.0119552,0.8906,0.6897,0.1818,0.2932,0.000807,3.3,logs/ordered_5b_4g/train_ordered_4g_5b.log
ordered,61500,2.015232,0.8834,0.6878,0.1724,0.2888,0.000808,3.2,logs/ordered_5b_4g/train_ordered_4g_5b.log
ordered,61600,2.0185088,0.8943,0.6918,0.1851,0.3012,0.00081,3.2,logs/ordered_5b_4g/train_ordered_4g_5b.log
ordered,61700,2.0217856,0.8879,0.6884,0.1826,0.2967,0.000811,3.2,logs/ordered_5b_4g/train_ordered_4g_5b.log
ordered,61800,2.0250624,0.8866,0.6869,0.1742,0.2931,0.000812,3.3,logs/ordered_5b_4g/train_ordered_4g_5b.log
ordered,61900,2.0283392,0.8828,0.6909,0.1773,0.29,0.000814,3.3,logs/ordered_5b_4g/train_ordered_4g_5b.log
ordered,62000,2.031616,0.8829,0.6855,0.183,0.2926,0.000815,3.2,logs/ordered_5b_4g/train_ordered_4g_5b.log
ordered,62100,2.0348928,0.8763,0.6835,0.1822,0.2922,0.000816,3.2,logs/ordered_5b_4g/train_ordered_4g_5b.log
ordered,62200,2.0381696,0.888,0.6913,0.1821,0.2932,0.000818,3.3,logs/ordered_5b_4g/train_ordered_4g_5b.log
ordered,62300,2.0414464,0.9023,0.6917,0.183,0.3002,0.000819,3.3,logs/ordered_5b_4g/train_ordered_4g_5b.log
ordered,62400,2.0447232,0.8869,0.6847,0.1824,0.2896,0.00082,3.3,logs/ordered_5b_4g/train_ordered_4g_5b.log
ordered,62500,2.048,0.8911,0.6873,0.1824,0.2957,0.000822,3.2,logs/ordered_5b_4g/train_ordered_4g_5b.log
ordered,62600,2.0512768,0.8858,0.6923,0.1864,0.294,0.000823,3.3,logs/ordered_5b_4g/train_ordered_4g_5b.log
ordered,62700,2.0545536,0.8943,0.6947,0.1812,0.294,0.000824,3.2,logs/ordered_5b_4g/train_ordered_4g_5b.log
ordered,62800,2.0578304,0.8875,0.6868,0.1856,0.294,0.000826,3.2,logs/ordered_5b_4g/train_ordered_4g_5b.log
ordered,62900,2.0611072,0.8861,0.6888,0.1898,0.2932,0.000827,3.2,logs/ordered_5b_4g/train_ordered_4g_5b.log
ordered,63000,2.064384,0.8925,0.6923,0.182,0.2893,0.000828,3.2,logs/ordered_5b_4g/train_ordered_4g_5b.log
ordered,63100,2.0676608,0.8828,0.6895,0.1906,0.2956,0.000829,3.2,logs/ordered_5b_4g/train_ordered_4g_5b.log
ordered,63200,2.0709376,0.8838,0.6884,0.1774,0.2887,0.000831,3.2,logs/ordered_5b_4g/train_ordered_4g_5b.log
ordered,63300,2.0742144,0.8871,0.6934,0.1796,0.2945,0.000832,3.2,logs/ordered_5b_4g/train_ordered_4g_5b.log
ordered,63400,2.0774912,0.8913,0.6918,0.1818,0.2922,0.000833,3.2,logs/ordered_5b_4g/train_ordered_4g_5b.log
ordered,63500,2.080768,0.8902,0.6898,0.1794,0.2931,0.000835,3.2,logs/ordered_5b_4g/train_ordered_4g_5b.log
ordered,63600,2.0840448,0.8835,0.6828,0.1799,0.2916,0.000836,3.2,logs/ordered_5b_4g/train_ordered_4g_5b.log
ordered,63700,2.0873216,0.8853,0.6859,0.1743,0.2889,0.000837,3.2,logs/ordered_5b_4g/train_ordered_4g_5b.log
ordered,63800,2.0905984,0.8858,0.6878,0.193,0.2925,0.000839,3.3,logs/ordered_5b_4g/train_ordered_4g_5b.log
ordered,63900,2.0938752,0.8942,0.6958,0.1827,0.2907,0.00084,3.2,logs/ordered_5b_4g/train_ordered_4g_5b.log
ordered,64000,2.097152,0.8881,0.6892,0.174,0.2893,0.000841,3.3,logs/ordered_5b_4g/train_ordered_4g_5b.log
ordered,64100,2.1004288,0.8923,0.6929,0.1791,0.2938,0.000843,3.2,logs/ordered_5b_4g/train_ordered_4g_5b.log
ordered,64200,2.1037056,0.8773,0.6877,0.1804,0.2835,0.000844,3.2,logs/ordered_5b_4g/train_ordered_4g_5b.log
ordered,64300,2.1069824,0.881,0.6829,0.1763,0.2872,0.000845,3.3,logs/ordered_5b_4g/train_ordered_4g_5b.log
ordered,64400,2.1102592,0.8825,0.6853,0.175,0.2884,0.000847,3.2,logs/ordered_5b_4g/train_ordered_4g_5b.log
ordered,64500,2.113536,0.8819,0.6899,0.1762,0.2891,0.000848,3.2,logs/ordered_5b_4g/train_ordered_4g_5b.log
ordered,64600,2.1168128,0.8898,0.6899,0.1811,0.2907,0.000849,3.2,logs/ordered_5b_4g/train_ordered_4g_5b.log
ordered,64700,2.1200896,0.8762,0.6873,0.184,0.2885,0.00085,3.2,logs/ordered_5b_4g/train_ordered_4g_5b.log
ordered,64800,2.1233664,0.8746,0.6855,0.179,0.2842,0.000852,3.2,logs/ordered_5b_4g/train_ordered_4g_5b.log
ordered,64900,2.1266432,0.8738,0.6888,0.1824,0.2879,0.000853,3.2,logs/ordered_5b_4g/train_ordered_4g_5b.log
ordered,65000,2.12992,0.8686,0.6809,0.1773,0.2811,0.000854,3.2,logs/ordered_5b_4g/train_ordered_4g_5b.log
ordered,65100,2.1331968,0.8793,0.6896,0.1864,0.2848,0.000856,3.2,logs/ordered_5b_4g/train_ordered_4g_5b.log
ordered,65200,2.1364736,0.8911,0.6882,0.1774,0.2985,0.000857,3.2,logs/ordered_5b_4g/train_ordered_4g_5b.log
ordered,65300,2.1397504,0.8803,0.687,0.1685,0.2848,0.000858,3.2,logs/ordered_5b_4g/train_ordered_4g_5b.log
ordered,65400,2.1430272,0.8782,0.6835,0.1784,0.2888,0.00086,3.2,logs/ordered_5b_4g/train_ordered_4g_5b.log
ordered,65500,2.146304,0.8888,0.6895,0.1847,0.2889,0.000861,3.3,logs/ordered_5b_4g/train_ordered_4g_5b.log
ordered,65600,2.1495808,0.8958,0.6907,0.18,0.2909,0.000862,3.3,logs/ordered_5b_4g/train_ordered_4g_5b.log
ordered,65700,2.1528576,0.8853,0.6898,0.1856,0.2855,0.000864,3.2,logs/ordered_5b_4g/train_ordered_4g_5b.log
ordered,65800,2.1561344,0.8944,0.6888,0.1787,0.296,0.000865,3.3,logs/ordered_5b_4g/train_ordered_4g_5b.log
ordered,65900,2.1594112,0.8734,0.6868,0.1784,0.2856,0.000866,3.2,logs/ordered_5b_4g/train_ordered_4g_5b.log
ordered,66000,2.162688,0.8884,0.6931,0.182,0.293,0.000868,3.3,logs/ordered_5b_4g/train_ordered_4g_5b.log
ordered,66100,2.1659648,0.8807,0.6889,0.1765,0.2875,0.000869,3.2,logs/ordered_5b_4g/train_ordered_4g_5b.log
ordered,66200,2.1692416,0.8817,0.687,0.1895,0.2881,0.00087,3.2,logs/ordered_5b_4g/train_ordered_4g_5b.log
ordered,66300,2.1725184,0.8822,0.6871,0.1734,0.28,0.000871,3.3,logs/ordered_5b_4g/train_ordered_4g_5b.log
ordered,66400,2.1757952,0.8774,0.6854,0.1781,0.2822,0.000873,3.2,logs/ordered_5b_4g/train_ordered_4g_5b.log
ordered,66500,2.179072,0.8826,0.6874,0.1842,0.2877,0.000874,3.2,logs/ordered_5b_4g/train_ordered_4g_5b.log
ordered,66600,2.1823488,0.881,0.6847,0.1847,0.2912,0.000875,3.2,logs/ordered_5b_4g/train_ordered_4g_5b.log
ordered,66700,2.1856256,0.8835,0.6874,0.18,0.285,0.000877,3.2,logs/ordered_5b_4g/train_ordered_4g_5b.log
ordered,66800,2.1889024,0.8711,0.685,0.1827,0.2824,0.000878,3.3,logs/ordered_5b_4g/train_ordered_4g_5b.log
ordered,66900,2.1921792,0.8775,0.6895,0.1821,0.287,0.000879,3.3,logs/ordered_5b_4g/train_ordered_4g_5b.log
ordered,67000,2.195456,0.8799,0.6881,0.1868,0.2844,0.000881,3.3,logs/ordered_5b_4g/train_ordered_4g_5b.log
ordered,67100,2.1987328,0.8737,0.6834,0.1758,0.2814,0.000882,3.2,logs/ordered_5b_4g/train_ordered_4g_5b.log
ordered,67200,2.2020096,0.8748,0.6875,0.1811,0.2833,0.000883,3.2,logs/ordered_5b_4g/train_ordered_4g_5b.log
ordered,67300,2.2052864,0.8793,0.6847,0.1851,0.2885,0.000885,3.3,logs/ordered_5b_4g/train_ordered_4g_5b.log
ordered,67400,2.2085632,0.8886,0.691,0.1847,0.2898,0.000886,3.2,logs/ordered_5b_4g/train_ordered_4g_5b.log
ordered,67500,2.21184,0.871,0.6906,0.187,0.2846,0.000887,3.3,logs/ordered_5b_4g/train_ordered_4g_5b.log
ordered,67600,2.2151168,0.8759,0.6869,0.1833,0.2828,0.000889,3.2,logs/ordered_5b_4g/train_ordered_4g_5b.log
ordered,67700,2.2183936,0.8778,0.6881,0.1851,0.2866,0.00089,3.2,logs/ordered_5b_4g/train_ordered_4g_5b.log
ordered,67800,2.2216704,0.8697,0.6857,0.1853,0.2817,0.000891,3.2,logs/ordered_5b_4g/train_ordered_4g_5b.log
ordered,67900,2.2249472,0.8713,0.6837,0.1852,0.2833,0.000893,3.2,logs/ordered_5b_4g/train_ordered_4g_5b.log
ordered,68000,2.228224,0.8779,0.6911,0.1767,0.2842,0.000894,3.2,logs/ordered_5b_4g/train_ordered_4g_5b.log
ordered,68100,2.2315008,0.8774,0.6834,0.1874,0.2874,0.000895,3.3,logs/ordered_5b_4g/train_ordered_4g_5b.log
ordered,68200,2.2347776,0.8662,0.6883,0.1823,0.2762,0.000897,3.2,logs/ordered_5b_4g/train_ordered_4g_5b.log
ordered,68300,2.2380544,0.875,0.6868,0.1811,0.2855,0.000898,3.2,logs/ordered_5b_4g/train_ordered_4g_5b.log
ordered,68400,2.2413312,0.8834,0.6838,0.1758,0.2883,0.000899,3.2,logs/ordered_5b_4g/train_ordered_4g_5b.log
ordered,68500,2.244608,0.8846,0.6862,0.1827,0.2907,0.000901,3.2,logs/ordered_5b_4g/train_ordered_4g_5b.log
ordered,68600,2.2478848,0.8893,0.6944,0.1788,0.2851,0.000902,3.3,logs/ordered_5b_4g/train_ordered_4g_5b.log
ordered,68700,2.2511616,0.8699,0.6886,0.1865,0.2796,0.000903,3.2,logs/ordered_5b_4g/train_ordered_4g_5b.log
ordered,68800,2.2544384,0.8799,0.6863,0.1772,0.2855,0.000905,3.3,logs/ordered_5b_4g/train_ordered_4g_5b.log
ordered,68900,2.2577152,0.8675,0.6828,0.1862,0.2824,0.000906,3.2,logs/ordered_5b_4g/train_ordered_4g_5b.log
ordered,69000,2.260992,0.8737,0.6877,0.1872,0.2852,0.000907,3.2,logs/ordered_5b_4g/train_ordered_4g_5b.log
ordered,69100,2.2642688,0.8779,0.6898,0.1858,0.2821,0.000908,3.2,logs/ordered_5b_4g/train_ordered_4g_5b.log
ordered,69200,2.2675456,0.8785,0.6904,0.1776,0.286,0.00091,3.2,logs/ordered_5b_4g/train_ordered_4g_5b.log
ordered,69300,2.2708224,0.8772,0.6881,0.1806,0.2857,0.000911,3.3,logs/ordered_5b_4g/train_ordered_4g_5b.log
ordered,69400,2.2740992,0.867,0.6835,0.1826,0.2803,0.000912,3.2,logs/ordered_5b_4g/train_ordered_4g_5b.log
ordered,69500,2.277376,0.8882,0.6894,0.1816,0.2915,0.000914,3.3,logs/ordered_5b_4g/train_ordered_4g_5b.log
ordered,69600,2.2806528,0.8752,0.6892,0.1751,0.2815,0.000915,3.2,logs/ordered_5b_4g/train_ordered_4g_5b.log
ordered,69700,2.2839296,0.8719,0.6805,0.1815,0.2823,0.000916,3.2,logs/ordered_5b_4g/train_ordered_4g_5b.log
ordered,69800,2.2872064,0.8789,0.6842,0.1818,0.2883,0.000918,3.3,logs/ordered_5b_4g/train_ordered_4g_5b.log
ordered,69900,2.2904832,0.8928,0.6862,0.1761,0.2903,0.000919,3.3,logs/ordered_5b_4g/train_ordered_4g_5b.log
ordered,70000,2.29376,0.8689,0.683,0.1837,0.2799,0.00092,3.2,logs/ordered_5b_4g/train_ordered_4g_5b.log
ordered,70100,2.2970368,0.8782,0.6857,0.1824,0.2812,0.000922,3.2,logs/ordered_5b_4g/train_ordered_4g_5b.log
ordered,70200,2.3003136,0.8737,0.6885,0.1824,0.2782,0.000923,3.2,logs/ordered_5b_4g/train_ordered_4g_5b.log
ordered,70300,2.3035904,0.8851,0.6893,0.1818,0.2855,0.000924,3.3,logs/ordered_5b_4g/train_ordered_4g_5b.log
ordered,70400,2.3068672,0.8734,0.6901,0.1828,0.2816,0.000926,3.2,logs/ordered_5b_4g/train_ordered_4g_5b.log
ordered,70500,2.310144,0.8858,0.6917,0.1801,0.2856,0.000927,3.3,logs/ordered_5b_4g/train_ordered_4g_5b.log
ordered,70600,2.3134208,0.8716,0.6868,0.1847,0.275,0.000928,3.2,logs/ordered_5b_4g/train_ordered_4g_5b.log
ordered,70700,2.3166976,0.8739,0.6887,0.1819,0.2837,0.000929,3.2,logs/ordered_5b_4g/train_ordered_4g_5b.log
ordered,70800,2.3199744,0.8815,0.6859,0.1737,0.2862,0.000931,3.3,logs/ordered_5b_4g/train_ordered_4g_5b.log
ordered,70900,2.3232512,0.8688,0.689,0.1803,0.2757,0.000932,3.2,logs/ordered_5b_4g/train_ordered_4g_5b.log
ordered,71000,2.326528,0.8659,0.6845,0.1763,0.2789,0.000933,3.2,logs/ordered_5b_4g/train_ordered_4g_5b.log
ordered,71100,2.3298048,0.8789,0.6887,0.175,0.2801,0.000935,3.2,logs/ordered_5b_4g/train_ordered_4g_5b.log
ordered,71200,2.3330816,0.8758,0.682,0.1725,0.2845,0.000936,3.2,logs/ordered_5b_4g/train_ordered_4g_5b.log
ordered,71300,2.3363584,0.8739,0.6835,0.1729,0.2801,0.000937,3.3,logs/ordered_5b_4g/train_ordered_4g_5b.log
ordered,71400,2.3396352,0.8708,0.6877,0.1875,0.2795,0.000939,3.2,logs/ordered_5b_4g/train_ordered_4g_5b.log
ordered,71500,2.342912,0.8647,0.6805,0.1849,0.2792,0.00094,3.2,logs/ordered_5b_4g/train_ordered_4g_5b.log
ordered,71600,2.3461888,0.875,0.6886,0.1867,0.2818,0.000941,3.2,logs/ordered_5b_4g/train_ordered_4g_5b.log
ordered,71700,2.3494656,0.8774,0.6863,0.1779,0.2796,0.000943,3.3,logs/ordered_5b_4g/train_ordered_4g_5b.log
ordered,71800,2.3527424,0.879,0.6902,0.1844,0.2887,0.000944,3.3,logs/ordered_5b_4g/train_ordered_4g_5b.log
ordered,71900,2.3560192,0.8859,0.6884,0.1744,0.2895,0.000945,3.2,logs/ordered_5b_4g/train_ordered_4g_5b.log
ordered,72000,2.359296,0.8694,0.6831,0.1809,0.2762,0.000947,3.3,logs/ordered_5b_4g/train_ordered_4g_5b.log
ordered,72100,2.3625728,0.8713,0.686,0.1796,0.2742,0.000948,3.2,logs/ordered_5b_4g/train_ordered_4g_5b.log
ordered,72200,2.3658496,0.8804,0.6881,0.1844,0.286,0.000949,3.3,logs/ordered_5b_4g/train_ordered_4g_5b.log
ordered,72300,2.3691264,0.8719,0.6867,0.1881,0.2808,0.00095,3.3,logs/ordered_5b_4g/train_ordered_4g_5b.log
ordered,72400,2.3724032,0.892,0.6937,0.1807,0.2908,0.000952,3.3,logs/ordered_5b_4g/train_ordered_4g_5b.log
ordered,72500,2.37568,0.8735,0.6874,0.1854,0.2814,0.000953,3.2,logs/ordered_5b_4g/train_ordered_4g_5b.log
ordered,72600,2.3789568,0.873,0.6846,0.1835,0.2763,0.000954,3.2,logs/ordered_5b_4g/train_ordered_4g_5b.log
ordered,72700,2.3822336,0.8641,0.6842,0.1856,0.2752,0.000956,3.3,logs/ordered_5b_4g/train_ordered_4g_5b.log
ordered,72800,2.3855104,0.8571,0.6831,0.1842,0.2677,0.000957,3.3,logs/ordered_5b_4g/train_ordered_4g_5b.log
ordered,72900,2.3887872,0.8764,0.6916,0.1847,0.2775,0.000958,3.2,logs/ordered_5b_4g/train_ordered_4g_5b.log
ordered,73000,2.392064,0.878,0.6847,0.1786,0.2807,0.00096,3.2,logs/ordered_5b_4g/train_ordered_4g_5b.log
ordered,73100,2.3953408,0.872,0.6865,0.1831,0.28,0.000961,3.3,logs/ordered_5b_4g/train_ordered_4g_5b.log
ordered,73200,2.3986176,0.8686,0.6872,0.1868,0.2778,0.000962,3.3,logs/ordered_5b_4g/train_ordered_4g_5b.log
ordered,73300,2.4018944,0.8734,0.6888,0.1779,0.28,0.000964,3.3,logs/ordered_5b_4g/train_ordered_4g_5b.log
ordered,73400,2.4051712,0.8666,0.6859,0.1869,0.2796,0.000965,3.2,logs/ordered_5b_4g/train_ordered_4g_5b.log
ordered,73500,2.408448,0.8777,0.683,0.1814,0.2833,0.000966,3.3,logs/ordered_5b_4g/train_ordered_4g_5b.log
ordered,73600,2.4117248,0.8799,0.687,0.1845,0.2851,0.000968,3.3,logs/ordered_5b_4g/train_ordered_4g_5b.log
ordered,73700,2.4150016,0.8729,0.6844,0.18,0.283,0.000969,3.2,logs/ordered_5b_4g/train_ordered_4g_5b.log
ordered,73800,2.4182784,0.8666,0.6848,0.1798,0.2772,0.00097,3.3,logs/ordered_5b_4g/train_ordered_4g_5b.log
ordered,73900,2.4215552,0.8645,0.6827,0.1883,0.2708,0.000971,3.3,logs/ordered_5b_4g/train_ordered_4g_5b.log
ordered,74000,2.424832,0.881,0.6912,0.1822,0.2782,0.000973,3.2,logs/ordered_5b_4g/train_ordered_4g_5b.log
ordered,74100,2.4281088,0.8805,0.6879,0.1794,0.2819,0.000974,3.3,logs/ordered_5b_4g/train_ordered_4g_5b.log
ordered,74200,2.4313856,0.8651,0.6812,0.1807,0.2794,0.000975,3.2,logs/ordered_5b_4g/train_ordered_4g_5b.log
ordered,74300,2.4346624,0.8685,0.6857,0.1842,0.279,0.000977,3.3,logs/ordered_5b_4g/train_ordered_4g_5b.log
ordered,74400,2.4379392,0.8661,0.684,0.1793,0.2765,0.000978,3.2,logs/ordered_5b_4g/train_ordered_4g_5b.log
ordered,74500,2.441216,0.87,0.6846,0.181,0.2798,0.000979,3.2,logs/ordered_5b_4g/train_ordered_4g_5b.log
ordered,74600,2.4444928,0.8647,0.6882,0.1847,0.2743,0.000981,3.2,logs/ordered_5b_4g/train_ordered_4g_5b.log
ordered,74700,2.4477696,0.8806,0.6888,0.1791,0.2823,0.000982,3.2,logs/ordered_5b_4g/train_ordered_4g_5b.log
ordered,74800,2.4510464,0.8659,0.684,0.1817,0.2729,0.000983,3.2,logs/ordered_5b_4g/train_ordered_4g_5b.log
ordered,74900,2.4543232,0.8799,0.6897,0.1788,0.2837,0.000985,3.2,logs/ordered_5b_4g/train_ordered_4g_5b.log
ordered,75000,2.4576,0.8772,0.6873,0.1851,0.2787,0.000986,3.2,logs/ordered_5b_4g/train_ordered_4g_5b.log
ordered,75100,2.4608768,0.8732,0.6893,0.1794,0.2788,0.000987,3.2,logs/ordered_5b_4g/train_ordered_4g_5b.log
ordered,75200,2.4641536,0.8705,0.6827,0.1901,0.2752,0.000989,3.3,logs/ordered_5b_4g/train_ordered_4g_5b.log
ordered,75300,2.4674304,0.8754,0.6911,0.1828,0.2797,0.00099,3.3,logs/ordered_5b_4g/train_ordered_4g_5b.log
ordered,75400,2.4707072,0.8705,0.6857,0.1835,0.2784,0.000991,3.3,logs/ordered_5b_4g/train_ordered_4g_5b.log
ordered,75500,2.473984,0.8678,0.6853,0.1787,0.2779,0.000992,3.2,logs/ordered_5b_4g/train_ordered_4g_5b.log
ordered,75600,2.4772608,0.8716,0.6852,0.1875,0.2824,0.000994,3.2,logs/ordered_5b_4g/train_ordered_4g_5b.log
ordered,75700,2.4805376,0.876,0.6879,0.1808,0.2766,0.000995,3.2,logs/ordered_5b_4g/train_ordered_4g_5b.log
ordered,75800,2.4838144,0.8542,0.68,0.1843,0.2701,0.000996,3.3,logs/ordered_5b_4g/train_ordered_4g_5b.log
ordered,75900,2.4870912,0.8612,0.6866,0.1777,0.267,0.000998,3.3,logs/ordered_5b_4g/train_ordered_4g_5b.log
ordered,76000,2.490368,0.8659,0.6857,0.1894,0.2729,0.000999,3.2,logs/ordered_5b_4g/train_ordered_4g_5b.log
ordered,76100,2.4936448,0.8636,0.6801,0.1891,0.2784,0.001,3.2,logs/ordered_5b_4g/train_ordered_4g_5b.log
ordered,76200,2.4969216,0.86,0.687,0.1799,0.2726,0.001,3.3,logs/ordered_5b_4g/train_ordered_4g_5b.log
ordered,76300,2.5001984,0.859,0.6847,0.1824,0.2726,0.001,3.3,logs/ordered_5b_4g/train_ordered_4g_5b.log
ordered,76400,2.5034752,0.8627,0.6834,0.1757,0.2732,0.001,3.2,logs/ordered_5b_4g/train_ordered_4g_5b.log
ordered,76500,2.506752,0.8701,0.6812,0.1814,0.2775,0.00101,3.2,logs/ordered_5b_4g/train_ordered_4g_5b.log
ordered,76600,2.5100288,0.8646,0.6854,0.1828,0.2746,0.00101,3.2,logs/ordered_5b_4g/train_ordered_4g_5b.log
ordered,76700,2.5133056,0.8698,0.6848,0.1815,0.2756,0.00101,3.2,logs/ordered_5b_4g/train_ordered_4g_5b.log
ordered,76800,2.5165824,0.8675,0.6881,0.1814,0.2785,0.00101,3.3,logs/ordered_5b_4g/train_ordered_4g_5b.log
ordered,76900,2.5198592,0.8814,0.6865,0.17,0.2757,0.00101,3.3,logs/ordered_5b_4g/train_ordered_4g_5b.log
ordered,77000,2.523136,0.8658,0.6835,0.1885,0.2767,0.00101,3.3,logs/ordered_5b_4g/train_ordered_4g_5b.log
ordered,77100,2.5264128,0.8607,0.683,0.1811,0.2714,0.00101,3.2,logs/ordered_5b_4g/train_ordered_4g_5b.log
ordered,77200,2.5296896,0.8679,0.6845,0.1828,0.2771,0.00101,3.2,logs/ordered_5b_4g/train_ordered_4g_5b.log
ordered,77300,2.5329664,0.87,0.6863,0.1829,0.2778,0.00102,3.3,logs/ordered_5b_4g/train_ordered_4g_5b.log
ordered,77400,2.5362432,0.8749,0.6886,0.1839,0.2797,0.00102,3.2,logs/ordered_5b_4g/train_ordered_4g_5b.log
ordered,77500,2.53952,0.8661,0.6856,0.1798,0.2746,0.00102,3.2,logs/ordered_5b_4g/train_ordered_4g_5b.log
ordered,77600,2.5427968,0.8715,0.6873,0.1814,0.272,0.00102,3.2,logs/ordered_5b_4g/train_ordered_4g_5b.log
ordered,77700,2.5460736,0.863,0.6875,0.1775,0.2705,0.00102,3.2,logs/ordered_5b_4g/train_ordered_4g_5b.log
ordered,77800,2.5493504,0.8743,0.6887,0.177,0.2717,0.00102,3.3,logs/ordered_5b_4g/train_ordered_4g_5b.log
ordered,77900,2.5526272,0.8675,0.6859,0.176,0.2782,0.00102,3.2,logs/ordered_5b_4g/train_ordered_4g_5b.log
ordered,78000,2.555904,0.8588,0.6815,0.1799,0.2657,0.00103,3.2,logs/ordered_5b_4g/train_ordered_4g_5b.log
ordered,78100,2.5591808,0.8575,0.68,0.1875,0.2704,0.00103,3.2,logs/ordered_5b_4g/train_ordered_4g_5b.log
ordered,78200,2.5624576,0.87,0.6876,0.1804,0.2748,0.00103,3.2,logs/ordered_5b_4g/train_ordered_4g_5b.log
ordered,78300,2.5657344,0.8574,0.6831,0.1857,0.2749,0.00103,3.3,logs/ordered_5b_4g/train_ordered_4g_5b.log
ordered,78400,2.5690112,0.8689,0.6881,0.1807,0.2752,0.00103,3.2,logs/ordered_5b_4g/train_ordered_4g_5b.log
ordered,78500,2.572288,0.8626,0.6846,0.1851,0.2724,0.00103,3.2,logs/ordered_5b_4g/train_ordered_4g_5b.log
ordered,78600,2.5755648,0.8657,0.6858,0.1878,0.2751,0.00103,3.3,logs/ordered_5b_4g/train_ordered_4g_5b.log
ordered,78700,2.5788416,0.8701,0.6876,0.1804,0.2756,0.00103,3.2,logs/ordered_5b_4g/train_ordered_4g_5b.log
ordered,78800,2.5821184,0.8658,0.6826,0.1864,0.2752,0.00104,3.3,logs/ordered_5b_4g/train_ordered_4g_5b.log
ordered,78900,2.5853952,0.8747,0.6921,0.1891,0.2793,0.00104,3.3,logs/ordered_5b_4g/train_ordered_4g_5b.log
ordered,79000,2.588672,0.8684,0.6913,0.182,0.2731,0.00104,3.3,logs/ordered_5b_4g/train_ordered_4g_5b.log
ordered,79100,2.5919488,0.875,0.6873,0.1743,0.2751,0.00104,3.3,logs/ordered_5b_4g/train_ordered_4g_5b.log
ordered,79200,2.5952256,0.8499,0.6839,0.1912,0.2668,0.00104,3.3,logs/ordered_5b_4g/train_ordered_4g_5b.log
ordered,79300,2.5985024,0.87,0.6863,0.1731,0.2761,0.00104,3.3,logs/ordered_5b_4g/train_ordered_4g_5b.log
ordered,79400,2.6017792,0.8647,0.6872,0.1825,0.273,0.00104,3.3,logs/ordered_5b_4g/train_ordered_4g_5b.log
ordered,79500,2.605056,0.8656,0.6833,0.1874,0.2765,0.00105,3.3,logs/ordered_5b_4g/train_ordered_4g_5b.log
ordered,79600,2.6083328,0.8713,0.6847,0.1882,0.2776,0.00105,3.3,logs/ordered_5b_4g/train_ordered_4g_5b.log
ordered,79700,2.6116096,0.849,0.6793,0.1812,0.2606,0.00105,3.3,logs/ordered_5b_4g/train_ordered_4g_5b.log
ordered,79800,2.6148864,0.8646,0.6843,0.1794,0.276,0.00105,3.3,logs/ordered_5b_4g/train_ordered_4g_5b.log
ordered,79900,2.6181632,0.871,0.6861,0.1834,0.2748,0.00105,3.2,logs/ordered_5b_4g/train_ordered_4g_5b.log
ordered,80000,2.62144,0.8635,0.6872,0.1959,0.2697,0.00105,3.2,logs/ordered_5b_4g/train_ordered_4g_5b.log
ordered,80100,2.6247168,0.8583,0.684,0.1881,0.2711,0.00105,3.3,logs/ordered_5b_4g/train_ordered_4g_5b.log
ordered,80200,2.6279936,0.8622,0.6847,0.19,0.2717,0.00105,3.2,logs/ordered_5b_4g/train_ordered_4g_5b.log
ordered,80300,2.6312704,0.8713,0.6875,0.1831,0.2756,0.00106,3.3,logs/ordered_5b_4g/train_ordered_4g_5b.log
ordered,80400,2.6345472,0.8683,0.6862,0.1932,0.2732,0.00106,3.2,logs/ordered_5b_4g/train_ordered_4g_5b.log
ordered,80500,2.637824,0.8642,0.685,0.1838,0.2697,0.00106,3.3,logs/ordered_5b_4g/train_ordered_4g_5b.log
ordered,80600,2.6411008,0.8689,0.685,0.184,0.272,0.00106,3.2,logs/ordered_5b_4g/train_ordered_4g_5b.log
ordered,80700,2.6443776,0.8702,0.6916,0.1811,0.2724,0.00106,3.2,logs/ordered_5b_4g/train_ordered_4g_5b.log
ordered,80800,2.6476544,0.8535,0.6835,0.1909,0.266,0.00106,3.3,logs/ordered_5b_4g/train_ordered_4g_5b.log
ordered,80900,2.6509312,0.8706,0.687,0.1829,0.276,0.00106,3.2,logs/ordered_5b_4g/train_ordered_4g_5b.log
ordered,81000,2.654208,0.858,0.682,0.1823,0.2687,0.00106,3.2,logs/ordered_5b_4g/train_ordered_4g_5b.log
ordered,81100,2.6574848,0.865,0.6883,0.1751,0.2704,0.00107,3.3,logs/ordered_5b_4g/train_ordered_4g_5b.log
ordered,81200,2.6607616,0.8662,0.6856,0.1846,0.2734,0.00107,3.2,logs/ordered_5b_4g/train_ordered_4g_5b.log
ordered,81300,2.6640384,0.8784,0.6855,0.1772,0.2776,0.00107,3.2,logs/ordered_5b_4g/train_ordered_4g_5b.log
ordered,81400,2.6673152,0.8677,0.6886,0.189,0.2744,0.00107,3.2,logs/ordered_5b_4g/train_ordered_4g_5b.log
ordered,81500,2.670592,0.8736,0.6857,0.1859,0.2815,0.00107,3.2,logs/ordered_5b_4g/train_ordered_4g_5b.log
ordered,81600,2.6738688,0.8619,0.683,0.1836,0.2742,0.00107,3.2,logs/ordered_5b_4g/train_ordered_4g_5b.log
ordered,81700,2.6771456,0.8719,0.6952,0.1826,0.2699,0.00107,3.2,logs/ordered_5b_4g/train_ordered_4g_5b.log
ordered,81800,2.6804224,0.8534,0.6878,0.1843,0.2674,0.00108,3.3,logs/ordered_5b_4g/train_ordered_4g_5b.log
ordered,81900,2.6836992,0.8731,0.6852,0.1813,0.2798,0.00108,3.2,logs/ordered_5b_4g/train_ordered_4g_5b.log
ordered,82000,2.686976,0.8637,0.6832,0.1823,0.2754,0.00108,3.2,logs/ordered_5b_4g/train_ordered_4g_5b.log
ordered,82100,2.6902528,0.8664,0.6844,0.1886,0.2755,0.00108,3.3,logs/ordered_5b_4g/train_ordered_4g_5b.log
ordered,82200,2.6935296,0.8627,0.6861,0.1866,0.2724,0.00108,3.2,logs/ordered_5b_4g/train_ordered_4g_5b.log
ordered,82300,2.6968064,0.8564,0.6877,0.186,0.2628,0.00108,3.3,logs/ordered_5b_4g/train_ordered_4g_5b.log
ordered,82400,2.7000832,0.8539,0.6822,0.1917,0.2712,0.00108,3.2,logs/ordered_5b_4g/train_ordered_4g_5b.log
ordered,82500,2.70336,0.8573,0.6813,0.1775,0.2722,0.00108,3.2,logs/ordered_5b_4g/train_ordered_4g_5b.log
ordered,82600,2.7066368,0.8601,0.6899,0.1867,0.2705,0.00109,3.3,logs/ordered_5b_4g/train_ordered_4g_5b.log
ordered,82700,2.7099136,0.8675,0.6868,0.1908,0.2775,0.00109,3.2,logs/ordered_5b_4g/train_ordered_4g_5b.log
ordered,82800,2.7131904,0.8616,0.6857,0.1836,0.2682,0.00109,3.3,logs/ordered_5b_4g/train_ordered_4g_5b.log
ordered,82900,2.7164672,0.8582,0.6835,0.189,0.2724,0.00109,3.2,logs/ordered_5b_4g/train_ordered_4g_5b.log
ordered,83000,2.719744,0.8602,0.6823,0.1828,0.2693,0.00109,3.3,logs/ordered_5b_4g/train_ordered_4g_5b.log
ordered,83100,2.7230208,0.8572,0.68,0.1842,0.2666,0.00109,3.2,logs/ordered_5b_4g/train_ordered_4g_5b.log
ordered,83200,2.7262976,0.8757,0.6878,0.1759,0.2782,0.00109,3.2,logs/ordered_5b_4g/train_ordered_4g_5b.log
ordered,83300,2.7295744,0.8618,0.6857,0.1833,0.2701,0.0011,3.3,logs/ordered_5b_4g/train_ordered_4g_5b.log
ordered,83400,2.7328512,0.8665,0.6855,0.1849,0.2745,0.0011,3.3,logs/ordered_5b_4g/train_ordered_4g_5b.log
ordered,83500,2.736128,0.8537,0.6828,0.1792,0.2637,0.0011,3.2,logs/ordered_5b_4g/train_ordered_4g_5b.log
ordered,83600,2.7394048,0.8666,0.6876,0.1863,0.2753,0.0011,3.3,logs/ordered_5b_4g/train_ordered_4g_5b.log
ordered,83700,2.7426816,0.8604,0.6851,0.1823,0.2732,0.0011,3.3,logs/ordered_5b_4g/train_ordered_4g_5b.log
ordered,83800,2.7459584,0.8657,0.6866,0.1813,0.2696,0.0011,3.3,logs/ordered_5b_4g/train_ordered_4g_5b.log
ordered,83900,2.7492352,0.8602,0.6828,0.1818,0.2668,0.0011,3.2,logs/ordered_5b_4g/train_ordered_4g_5b.log
ordered,84000,2.752512,0.8596,0.6866,0.1821,0.2636,0.0011,3.2,logs/ordered_5b_4g/train_ordered_4g_5b.log
ordered,84100,2.7557888,0.8683,0.6859,0.1833,0.2712,0.00111,3.2,logs/ordered_5b_4g/train_ordered_4g_5b.log
ordered,84200,2.7590656,0.8685,0.6889,0.1801,0.2756,0.00111,3.3,logs/ordered_5b_4g/train_ordered_4g_5b.log
ordered,84300,2.7623424,0.8617,0.6817,0.1744,0.2671,0.00111,3.3,logs/ordered_5b_4g/train_ordered_4g_5b.log
ordered,84400,2.7656192,0.8512,0.6826,0.1851,0.2577,0.00111,3.2,logs/ordered_5b_4g/train_ordered_4g_5b.log
ordered,84500,2.768896,0.8521,0.6812,0.1852,0.2652,0.00111,3.2,logs/ordered_5b_4g/train_ordered_4g_5b.log
ordered,84600,2.7721728,0.8471,0.6845,0.1859,0.2626,0.00111,3.3,logs/ordered_5b_4g/train_ordered_4g_5b.log
ordered,84700,2.7754496,0.8677,0.6894,0.184,0.2743,0.00111,3.3,logs/ordered_5b_4g/train_ordered_4g_5b.log
ordered,84800,2.7787264,0.8659,0.6883,0.1859,0.2728,0.00111,3.3,logs/ordered_5b_4g/train_ordered_4g_5b.log
ordered,84900,2.7820032,0.8494,0.6824,0.1843,0.2635,0.00112,3.3,logs/ordered_5b_4g/train_ordered_4g_5b.log
ordered,85000,2.78528,0.8611,0.6793,0.1866,0.2673,0.00112,3.3,logs/ordered_5b_4g/train_ordered_4g_5b.log
ordered,85100,2.7885568,0.8606,0.684,0.1907,0.267,0.00112,3.2,logs/ordered_5b_4g/train_ordered_4g_5b.log
ordered,85200,2.7918336,0.8665,0.6832,0.1828,0.275,0.00112,3.2,logs/ordered_5b_4g/train_ordered_4g_5b.log
ordered,85300,2.7951104,0.8588,0.6846,0.187,0.2649,0.00112,3.3,logs/ordered_5b_4g/train_ordered_4g_5b.log
ordered,85400,2.7983872,0.8633,0.687,0.1767,0.2693,0.00112,3.3,logs/ordered_5b_4g/train_ordered_4g_5b.log
ordered,85500,2.801664,0.8616,0.6846,0.1766,0.2679,0.00112,3.3,logs/ordered_5b_4g/train_ordered_4g_5b.log
ordered,85600,2.8049408,0.8567,0.6849,0.1851,0.264,0.00113,3.2,logs/ordered_5b_4g/train_ordered_4g_5b.log
ordered,85700,2.8082176,0.8621,0.6853,0.1804,0.2698,0.00113,3.2,logs/ordered_5b_4g/train_ordered_4g_5b.log
ordered,85800,2.8114944,0.8626,0.6869,0.1805,0.2668,0.00113,3.3,logs/ordered_5b_4g/train_ordered_4g_5b.log
ordered,85900,2.8147712,0.8778,0.6889,0.1851,0.2841,0.00113,3.2,logs/ordered_5b_4g/train_ordered_4g_5b.log
ordered,86000,2.818048,0.8741,0.687,0.1808,0.277,0.00113,3.2,logs/ordered_5b_4g/train_ordered_4g_5b.log
ordered,86100,2.8213248,0.861,0.6869,0.1722,0.2706,0.00113,3.3,logs/ordered_5b_4g/train_ordered_4g_5b.log
ordered,86200,2.8246016,0.8606,0.6832,0.178,0.2692,0.00113,3.2,logs/ordered_5b_4g/train_ordered_4g_5b.log
ordered,86300,2.8278784,0.8703,0.6865,0.1798,0.2722,0.00113,3.3,logs/ordered_5b_4g/train_ordered_4g_5b.log
ordered,86400,2.8311552,0.8588,0.6868,0.1881,0.2684,0.00114,3.3,logs/ordered_5b_4g/train_ordered_4g_5b.log
ordered,86500,2.834432,0.8604,0.6866,0.1856,0.2723,0.00114,3.3,logs/ordered_5b_4g/train_ordered_4g_5b.log
ordered,86600,2.8377088,0.8738,0.6884,0.1857,0.2839,0.00114,3.2,logs/ordered_5b_4g/train_ordered_4g_5b.log
ordered,86700,2.8409856,0.8704,0.6878,0.194,0.2756,0.00114,3.2,logs/ordered_5b_4g/train_ordered_4g_5b.log
ordered,86800,2.8442624,0.8694,0.6864,0.1908,0.2736,0.00114,3.3,logs/ordered_5b_4g/train_ordered_4g_5b.log
ordered,86900,2.8475392,0.8734,0.6862,0.1714,0.2743,0.00114,3.2,logs/ordered_5b_4g/train_ordered_4g_5b.log
ordered,87000,2.850816,0.8488,0.6798,0.1816,0.2624,0.00114,3.3,logs/ordered_5b_4g/train_ordered_4g_5b.log
ordered,87100,2.8540928,0.8715,0.6857,0.1868,0.2761,0.00114,3.2,logs/ordered_5b_4g/train_ordered_4g_5b.log
ordered,87200,2.8573696,0.8618,0.6878,0.1756,0.2649,0.00115,3.3,logs/ordered_5b_4g/train_ordered_4g_5b.log
ordered,87300,2.8606464,0.8496,0.6806,0.1876,0.2631,0.00115,3.3,logs/ordered_5b_4g/train_ordered_4g_5b.log
ordered,87400,2.8639232,0.8449,0.6787,0.1892,0.2647,0.00115,3.3,logs/ordered_5b_4g/train_ordered_4g_5b.log
ordered,87500,2.8672,0.8617,0.6863,0.1751,0.2634,0.00115,3.3,logs/ordered_5b_4g/train_ordered_4g_5b.log
ordered,87600,2.8704768,0.8564,0.6815,0.1845,0.2668,0.00115,3.3,logs/ordered_5b_4g/train_ordered_4g_5b.log
ordered,87700,2.8737536,0.8607,0.6852,0.1744,0.2693,0.00115,3.3,logs/ordered_5b_4g/train_ordered_4g_5b.log
ordered,87800,2.8770304,0.857,0.6815,0.1825,0.2695,0.00115,3.3,logs/ordered_5b_4g/train_ordered_4g_5b.log
ordered,87900,2.8803072,0.8582,0.6863,0.1863,0.262,0.00116,3.2,logs/ordered_5b_4g/train_ordered_4g_5b.log
ordered,88000,2.883584,0.8551,0.688,0.1837,0.2608,0.00116,3.2,logs/ordered_5b_4g/train_ordered_4g_5b.log
ordered,88100,2.8868608,0.8525,0.6875,0.1841,0.2698,0.00116,3.2,logs/ordered_5b_4g/train_ordered_4g_5b.log
ordered,88200,2.8901376,0.8478,0.6848,0.1881,0.2598,0.00116,3.3,logs/ordered_5b_4g/train_ordered_4g_5b.log
ordered,88300,2.8934144,0.8669,0.6863,0.1859,0.2694,0.00116,3.3,logs/ordered_5b_4g/train_ordered_4g_5b.log
ordered,88400,2.8966912,0.8657,0.6884,0.1781,0.2648,0.00116,3.2,logs/ordered_5b_4g/train_ordered_4g_5b.log
ordered,88500,2.899968,0.8586,0.6841,0.1861,0.2669,0.00116,3.2,logs/ordered_5b_4g/train_ordered_4g_5b.log
ordered,88600,2.9032448,0.8464,0.679,0.1912,0.2637,0.00116,3.3,logs/ordered_5b_4g/train_ordered_4g_5b.log
ordered,88700,2.9065216,0.8595,0.6854,0.1851,0.2714,0.00117,3.2,logs/ordered_5b_4g/train_ordered_4g_5b.log
ordered,88800,2.9097984,0.8612,0.6872,0.1848,0.2684,0.00117,3.2,logs/ordered_5b_4g/train_ordered_4g_5b.log
ordered,88900,2.9130752,0.8608,0.6854,0.1759,0.2673,0.00117,3.2,logs/ordered_5b_4g/train_ordered_4g_5b.log
ordered,89000,2.916352,0.8664,0.6794,0.1836,0.2733,0.00117,3.2,logs/ordered_5b_4g/train_ordered_4g_5b.log
ordered,89100,2.9196288,0.8583,0.6819,0.1881,0.2666,0.00117,3.3,logs/ordered_5b_4g/train_ordered_4g_5b.log
ordered,89200,2.9229056,0.8608,0.687,0.1795,0.2709,0.00117,3.3,logs/ordered_5b_4g/train_ordered_4g_5b.log
ordered,89300,2.9261824,0.8561,0.6848,0.1885,0.2653,0.00117,3.3,logs/ordered_5b_4g/train_ordered_4g_5b.log
ordered,89400,2.9294592,0.8597,0.6883,0.1862,0.2695,0.00118,3.2,logs/ordered_5b_4g/train_ordered_4g_5b.log
ordered,89500,2.932736,0.8661,0.6882,0.1868,0.272,0.00118,3.3,logs/ordered_5b_4g/train_ordered_4g_5b.log
ordered,89600,2.9360128,0.8614,0.6837,0.1886,0.2704,0.00118,3.3,logs/ordered_5b_4g/train_ordered_4g_5b.log
ordered,89700,2.9392896,0.8528,0.68,0.1898,0.267,0.00118,3.3,logs/ordered_5b_4g/train_ordered_4g_5b.log
ordered,89800,2.9425664,0.8598,0.6867,0.1876,0.2668,0.00118,3.3,logs/ordered_5b_4g/train_ordered_4g_5b.log
ordered,89900,2.9458432,0.8763,0.6865,0.1716,0.2756,0.00118,3.2,logs/ordered_5b_4g/train_ordered_4g_5b.log
ordered,90000,2.94912,0.8489,0.6754,0.1867,0.2618,0.00118,3.2,logs/ordered_5b_4g/train_ordered_4g_5b.log
ordered,90100,2.9523968,0.85,0.6798,0.187,0.2635,0.00118,3.3,logs/ordered_5b_4g/train_ordered_4g_5b.log
ordered,90200,2.9556736,0.8695,0.6866,0.1839,0.2714,0.00119,3.2,logs/ordered_5b_4g/train_ordered_4g_5b.log
ordered,90300,2.9589504,0.8627,0.682,0.1782,0.266,0.00119,3.3,logs/ordered_5b_4g/train_ordered_4g_5b.log
ordered,90400,2.9622272,0.8674,0.6778,0.1864,0.2768,0.00119,3.2,logs/ordered_5b_4g/train_ordered_4g_5b.log
ordered,90500,2.965504,0.866,0.681,0.1771,0.2698,0.00119,3.2,logs/ordered_5b_4g/train_ordered_4g_5b.log
ordered,90600,2.9687808,0.8525,0.6791,0.1882,0.2637,0.00119,3.2,logs/ordered_5b_4g/train_ordered_4g_5b.log
ordered,90700,2.9720576,0.8539,0.6773,0.1927,0.2651,0.00119,3.2,logs/ordered_5b_4g/train_ordered_4g_5b.log
ordered,90800,2.9753344,0.8445,0.6787,0.1865,0.2633,0.00119,3.3,logs/ordered_5b_4g/train_ordered_4g_5b.log
ordered,90900,2.9786112,0.8552,0.6801,0.1918,0.2664,0.00119,3.3,logs/ordered_5b_4g/train_ordered_4g_5b.log
ordered,91000,2.981888,0.8596,0.6815,0.1891,0.2733,0.0012,3.2,logs/ordered_5b_4g/train_ordered_4g_5b.log
ordered,91100,2.9851648,0.8562,0.683,0.1859,0.2626,0.0012,3.2,logs/ordered_5b_4g/train_ordered_4g_5b.log
ordered,91200,2.9884416,0.8571,0.6818,0.1847,0.2705,0.0012,3.3,logs/ordered_5b_4g/train_ordered_4g_5b.log
ordered,91300,2.9917184,0.8592,0.6821,0.1824,0.2699,0.0012,3.3,logs/ordered_5b_4g/train_ordered_4g_5b.log
ordered,91400,2.9949952,0.8595,0.6807,0.1847,0.2729,0.0012,3.2,logs/ordered_5b_4g/train_ordered_4g_5b.log
ordered,91500,2.998272,0.8523,0.6809,0.175,0.2657,0.0012,3.2,logs/ordered_5b_4g/train_ordered_4g_5b.log
ordered,91600,3.0015488,0.8364,0.6747,0.1794,0.2515,0.0012,3.2,logs/ordered_5b_4g/train_ordered_4g_5b.log
ordered,91700,3.0048256,0.8511,0.6783,0.1802,0.2627,0.00121,3.2,logs/ordered_5b_4g/train_ordered_4g_5b.log
ordered,91800,3.0081024,0.8466,0.6768,0.1858,0.2626,0.00121,3.3,logs/ordered_5b_4g/train_ordered_4g_5b.log
ordered,91900,3.0113792,0.8415,0.6779,0.1861,0.2599,0.00121,3.3,logs/ordered_5b_4g/train_ordered_4g_5b.log
ordered,92000,3.014656,0.8688,0.6836,0.1807,0.2771,0.00121,3.2,logs/ordered_5b_4g/train_ordered_4g_5b.log
ordered,92100,3.0179328,0.8471,0.6718,0.1888,0.2659,0.00121,3.3,logs/ordered_5b_4g/train_ordered_4g_5b.log
ordered,92200,3.0212096,0.8678,0.6818,0.1713,0.2708,0.00121,3.3,logs/ordered_5b_4g/train_ordered_4g_5b.log
ordered,92300,3.0244864,0.8543,0.676,0.1857,0.2698,0.00121,3.3,logs/ordered_5b_4g/train_ordered_4g_5b.log
ordered,92400,3.0277632,0.8516,0.6779,0.1875,0.2625,0.00121,3.2,logs/ordered_5b_4g/train_ordered_4g_5b.log
ordered,92500,3.03104,0.85,0.6772,0.183,0.2636,0.00122,3.3,logs/ordered_5b_4g/train_ordered_4g_5b.log
ordered,92600,3.0343168,0.8508,0.6771,0.1737,0.2608,0.00122,3.2,logs/ordered_5b_4g/train_ordered_4g_5b.log
ordered,92700,3.0375936,0.847,0.6762,0.1824,0.2571,0.00122,3.3,logs/ordered_5b_4g/train_ordered_4g_5b.log
ordered,92800,3.0408704,0.844,0.6729,0.1849,0.2617,0.00122,3.2,logs/ordered_5b_4g/train_ordered_4g_5b.log
ordered,92900,3.0441472,0.8462,0.6739,0.1889,0.2684,0.00122,3.2,logs/ordered_5b_4g/train_ordered_4g_5b.log
ordered,93000,3.047424,0.8403,0.6687,0.1824,0.2603,0.00122,3.2,logs/ordered_5b_4g/train_ordered_4g_5b.log
ordered,93100,3.0507008,0.8391,0.6724,0.1846,0.2601,0.00122,3.2,logs/ordered_5b_4g/train_ordered_4g_5b.log
ordered,93200,3.0539776,0.8507,0.6749,0.1788,0.2666,0.00123,3.2,logs/ordered_5b_4g/train_ordered_4g_5b.log
ordered,93300,3.0572544,0.8541,0.6769,0.1788,0.266,0.00123,3.3,logs/ordered_5b_4g/train_ordered_4g_5b.log
ordered,93400,3.0605312,0.8451,0.6724,0.1774,0.2586,0.00123,3.3,logs/ordered_5b_4g/train_ordered_4g_5b.log
ordered,93500,3.063808,0.8582,0.6822,0.1812,0.2662,0.00123,3.3,logs/ordered_5b_4g/train_ordered_4g_5b.log
ordered,93600,3.0670848,0.8518,0.673,0.1817,0.2673,0.00123,3.3,logs/ordered_5b_4g/train_ordered_4g_5b.log
ordered,93700,3.0703616,0.8484,0.6734,0.1777,0.2632,0.00123,3.2,logs/ordered_5b_4g/train_ordered_4g_5b.log
ordered,93800,3.0736384,0.8424,0.6715,0.1804,0.261,0.00123,3.3,logs/ordered_5b_4g/train_ordered_4g_5b.log
ordered,93900,3.0769152,0.8321,0.6692,0.1823,0.2559,0.00123,3.2,logs/ordered_5b_4g/train_ordered_4g_5b.log
ordered,94000,3.080192,0.8432,0.6676,0.1825,0.2627,0.00124,3.2,logs/ordered_5b_4g/train_ordered_4g_5b.log
ordered,94100,3.0834688,0.8526,0.6749,0.1738,0.2672,0.00124,3.2,logs/ordered_5b_4g/train_ordered_4g_5b.log
ordered,94200,3.0867456,0.8522,0.6779,0.182,0.2701,0.00124,3.2,logs/ordered_5b_4g/train_ordered_4g_5b.log
ordered,94300,3.0900224,0.8469,0.6737,0.1818,0.2659,0.00124,3.3,logs/ordered_5b_4g/train_ordered_4g_5b.log
ordered,94400,3.0932992,0.8402,0.6696,0.1798,0.258,0.00124,3.2,logs/ordered_5b_4g/train_ordered_4g_5b.log
ordered,94500,3.096576,0.8412,0.6722,0.1822,0.2598,0.00124,3.2,logs/ordered_5b_4g/train_ordered_4g_5b.log
ordered,94600,3.0998528,0.8579,0.6744,0.1838,0.273,0.00124,3.2,logs/ordered_5b_4g/train_ordered_4g_5b.log
ordered,94700,3.1031296,0.8361,0.6673,0.1804,0.2626,0.00124,3.2,logs/ordered_5b_4g/train_ordered_4g_5b.log
ordered,94800,3.1064064,0.8401,0.6687,0.1829,0.2608,0.00125,3.2,logs/ordered_5b_4g/train_ordered_4g_5b.log
ordered,94900,3.1096832,0.8374,0.6672,0.1822,0.2608,0.00125,3.2,logs/ordered_5b_4g/train_ordered_4g_5b.log
ordered,95000,3.11296,0.8459,0.6769,0.1878,0.2647,0.00125,3.2,logs/ordered_5b_4g/train_ordered_4g_5b.log
ordered,95100,3.1162368,0.8398,0.6739,0.1862,0.2619,0.00125,3.2,logs/ordered_5b_4g/train_ordered_4g_5b.log
ordered,95200,3.1195136,0.8349,0.6701,0.1855,0.2582,0.00125,3.2,logs/ordered_5b_4g/train_ordered_4g_5b.log
ordered,95300,3.1227904,0.8394,0.6685,0.1856,0.2593,0.00125,3.2,logs/ordered_5b_4g/train_ordered_4g_5b.log
ordered,95400,3.1260672,0.8343,0.6689,0.1886,0.2567,0.00125,3.2,logs/ordered_5b_4g/train_ordered_4g_5b.log
ordered,95500,3.129344,0.8388,0.6647,0.1748,0.2619,0.00126,3.2,logs/ordered_5b_4g/train_ordered_4g_5b.log
ordered,95600,3.1326208,0.8362,0.667,0.1825,0.2602,0.00126,3.2,logs/ordered_5b_4g/train_ordered_4g_5b.log
ordered,95700,3.1358976,0.8347,0.6691,0.1857,0.2554,0.00126,3.2,logs/ordered_5b_4g/train_ordered_4g_5b.log
ordered,95800,3.1391744,0.8455,0.6724,0.1782,0.2661,0.00126,3.3,logs/ordered_5b_4g/train_ordered_4g_5b.log
ordered,95900,3.1424512,0.8404,0.6703,0.1812,0.2604,0.00126,3.2,logs/ordered_5b_4g/train_ordered_4g_5b.log
ordered,96000,3.145728,0.8408,0.6686,0.1799,0.2619,0.00126,3.2,logs/ordered_5b_4g/train_ordered_4g_5b.log
ordered,96100,3.1490048,0.8327,0.6676,0.183,0.2552,0.00126,3.2,logs/ordered_5b_4g/train_ordered_4g_5b.log
ordered,96200,3.1522816,0.8437,0.6679,0.1844,0.2656,0.00126,3.2,logs/ordered_5b_4g/train_ordered_4g_5b.log
ordered,96300,3.1555584,0.831,0.6613,0.1879,0.2575,0.00127,3.3,logs/ordered_5b_4g/train_ordered_4g_5b.log
ordered,96400,3.1588352,0.8323,0.6672,0.1838,0.2576,0.00127,3.2,logs/ordered_5b_4g/train_ordered_4g_5b.log
ordered,96500,3.162112,0.8433,0.673,0.175,0.2608,0.00127,3.2,logs/ordered_5b_4g/train_ordered_4g_5b.log
ordered,96600,3.1653888,0.8422,0.6677,0.1788,0.2636,0.00127,3.2,logs/ordered_5b_4g/train_ordered_4g_5b.log
ordered,96700,3.1686656,0.8417,0.6685,0.1787,0.2596,0.00127,3.2,logs/ordered_5b_4g/train_ordered_4g_5b.log
ordered,96800,3.1719424,0.8376,0.6641,0.1725,0.2629,0.00127,3.3,logs/ordered_5b_4g/train_ordered_4g_5b.log
ordered,96900,3.1752192,0.8363,0.6665,0.1855,0.2611,0.00127,3.2,logs/ordered_5b_4g/train_ordered_4g_5b.log
ordered,97000,3.178496,0.8374,0.6713,0.1847,0.2611,0.00128,3.2,logs/ordered_5b_4g/train_ordered_4g_5b.log
ordered,97100,3.1817728,0.8338,0.6679,0.1827,0.2571,0.00128,3.2,logs/ordered_5b_4g/train_ordered_4g_5b.log
ordered,97200,3.1850496,0.833,0.6668,0.1755,0.2585,0.00128,3.2,logs/ordered_5b_4g/train_ordered_4g_5b.log
ordered,97300,3.1883264,0.8395,0.6718,0.1765,0.259,0.00128,3.2,logs/ordered_5b_4g/train_ordered_4g_5b.log
ordered,97400,3.1916032,0.84,0.6701,0.1829,0.2592,0.00128,3.2,logs/ordered_5b_4g/train_ordered_4g_5b.log
ordered,97500,3.19488,0.8376,0.664,0.1665,0.2583,0.00128,3.2,logs/ordered_5b_4g/train_ordered_4g_5b.log
ordered,97600,3.1981568,0.8336,0.6674,0.1877,0.26,0.00128,3.2,logs/ordered_5b_4g/train_ordered_4g_5b.log
ordered,97700,3.2014336,0.8444,0.6709,0.1764,0.2605,0.00128,3.3,logs/ordered_5b_4g/train_ordered_4g_5b.log
ordered,97800,3.2047104,0.8469,0.6685,0.1802,0.2664,0.00129,3.3,logs/ordered_5b_4g/train_ordered_4g_5b.log
ordered,97900,3.2079872,0.8388,0.6661,0.1677,0.2608,0.00129,3.2,logs/ordered_5b_4g/train_ordered_4g_5b.log
ordered,98000,3.211264,0.8438,0.6726,0.1787,0.2595,0.00129,3.2,logs/ordered_5b_4g/train_ordered_4g_5b.log
ordered,98100,3.2145408,0.8385,0.6667,0.1773,0.261,0.00129,3.2,logs/ordered_5b_4g/train_ordered_4g_5b.log
ordered,98200,3.2178176,0.8425,0.6735,0.1876,0.2665,0.00129,3.2,logs/ordered_5b_4g/train_ordered_4g_5b.log
ordered,98300,3.2210944,0.8412,0.6714,0.1746,0.2593,0.00129,3.3,logs/ordered_5b_4g/train_ordered_4g_5b.log
ordered,98400,3.2243712,0.8342,0.67,0.1818,0.2574,0.00129,3.2,logs/ordered_5b_4g/train_ordered_4g_5b.log
ordered,98500,3.227648,0.8437,0.6706,0.1742,0.264,0.00129,3.2,logs/ordered_5b_4g/train_ordered_4g_5b.log
ordered,98600,3.2309248,0.8297,0.6639,0.1731,0.2556,0.0013,3.2,logs/ordered_5b_4g/train_ordered_4g_5b.log
ordered,98700,3.2342016,0.8311,0.6662,0.1773,0.2548,0.0013,3.2,logs/ordered_5b_4g/train_ordered_4g_5b.log
ordered,98800,3.2374784,0.8307,0.6663,0.1782,0.2614,0.0013,3.3,logs/ordered_5b_4g/train_ordered_4g_5b.log
ordered,98900,3.2407552,0.8302,0.6639,0.1763,0.2609,0.0013,3.2,logs/ordered_5b_4g/train_ordered_4g_5b.log
ordered,99000,3.244032,0.8456,0.6696,0.1753,0.2675,0.0013,3.2,logs/ordered_5b_4g/train_ordered_4g_5b.log
ordered,99100,3.2473088,0.8323,0.6657,0.1751,0.2584,0.0013,3.3,logs/ordered_5b_4g/train_ordered_4g_5b.log
ordered,99200,3.2505856,0.8411,0.6699,0.1794,0.2605,0.0013,3.2,logs/ordered_5b_4g/train_ordered_4g_5b.log
ordered,99300,3.2538624,0.8309,0.6647,0.1826,0.2635,0.00131,3.2,logs/ordered_5b_4g/train_ordered_4g_5b.log
ordered,99400,3.2571392,0.8263,0.6599,0.1812,0.2584,0.00131,3.2,logs/ordered_5b_4g/train_ordered_4g_5b.log
ordered,99500,3.260416,0.849,0.6724,0.1807,0.2668,0.00131,3.3,logs/ordered_5b_4g/train_ordered_4g_5b.log
ordered,99600,3.2636928,0.8441,0.6706,0.1726,0.263,0.00131,3.2,logs/ordered_5b_4g/train_ordered_4g_5b.log
ordered,99700,3.2669696,0.8404,0.6667,0.1736,0.2647,0.00131,3.2,logs/ordered_5b_4g/train_ordered_4g_5b.log
ordered,99800,3.2702464,0.8365,0.6647,0.1801,0.2618,0.00131,3.3,logs/ordered_5b_4g/train_ordered_4g_5b.log
ordered,99900,3.2735232,0.8388,0.6704,0.175,0.2619,0.00131,3.3,logs/ordered_5b_4g/train_ordered_4g_5b.log
ordered,100000,3.2768,0.833,0.6612,0.1723,0.259,0.00131,3.3,logs/ordered_5b_4g/train_ordered_4g_5b.log
ordered,100100,3.2800768,0.8376,0.6678,0.1811,0.2611,0.00132,3.2,logs/ordered_5b_4g/train_ordered_4g_5b.log
ordered,100200,3.2833536,0.8292,0.6639,0.1778,0.2571,0.00132,3.3,logs/ordered_5b_4g/train_ordered_4g_5b.log
ordered,100300,3.2866304,0.8269,0.6639,0.1806,0.2598,0.00132,3.2,logs/ordered_5b_4g/train_ordered_4g_5b.log
ordered,100400,3.2899072,0.8317,0.6674,0.1734,0.2548,0.00132,3.2,logs/ordered_5b_4g/train_ordered_4g_5b.log
ordered,100500,3.293184,0.8334,0.666,0.1865,0.2628,0.00132,3.2,logs/ordered_5b_4g/train_ordered_4g_5b.log
ordered,100600,3.2964608,0.8335,0.6704,0.1806,0.2613,0.00132,3.2,logs/ordered_5b_4g/train_ordered_4g_5b.log
ordered,100700,3.2997376,0.8337,0.6636,0.1776,0.2645,0.00132,3.3,logs/ordered_5b_4g/train_ordered_4g_5b.log
ordered,100800,3.3030144,0.8295,0.6626,0.1767,0.261,0.00133,3.2,logs/ordered_5b_4g/train_ordered_4g_5b.log
ordered,100900,3.3062912,0.8292,0.6672,0.1802,0.2559,0.00133,3.2,logs/ordered_5b_4g/train_ordered_4g_5b.log
ordered,101000,3.309568,0.8345,0.6618,0.175,0.2607,0.00133,3.2,logs/ordered_5b_4g/train_ordered_4g_5b.log
ordered,101100,3.3128448,0.8354,0.6638,0.1688,0.2612,0.00133,3.2,logs/ordered_5b_4g/train_ordered_4g_5b.log
ordered,101200,3.3161216,0.8248,0.6621,0.179,0.2573,0.00133,3.2,logs/ordered_5b_4g/train_ordered_4g_5b.log
ordered,101300,3.3193984,0.8301,0.6638,0.1765,0.2576,0.00133,3.3,logs/ordered_5b_4g/train_ordered_4g_5b.log
ordered,101400,3.3226752,0.8444,0.6647,0.16,0.2669,0.00133,3.2,logs/ordered_5b_4g/train_ordered_4g_5b.log
ordered,101500,3.325952,0.8227,0.6633,0.1706,0.256,0.00133,3.2,logs/ordered_5b_4g/train_ordered_4g_5b.log
ordered,101600,3.3292288,0.8354,0.6652,0.1672,0.2573,0.00134,3.2,logs/ordered_5b_4g/train_ordered_4g_5b.log
ordered,101700,3.3325056,0.8206,0.6584,0.1773,0.2558,0.00134,3.2,logs/ordered_5b_4g/train_ordered_4g_5b.log
ordered,101800,3.3357824,0.8129,0.6597,0.1806,0.2494,0.00134,3.2,logs/ordered_5b_4g/train_ordered_4g_5b.log
ordered,101900,3.3390592,0.8347,0.6664,0.1738,0.2592,0.00134,3.2,logs/ordered_5b_4g/train_ordered_4g_5b.log
ordered,102000,3.342336,0.8385,0.6632,0.1858,0.2642,0.00134,3.2,logs/ordered_5b_4g/train_ordered_4g_5b.log
ordered,102100,3.3456128,0.8268,0.6604,0.1716,0.2564,0.00134,3.2,logs/ordered_5b_4g/train_ordered_4g_5b.log
ordered,102200,3.3488896,0.821,0.6612,0.1761,0.2539,0.00134,3.2,logs/ordered_5b_4g/train_ordered_4g_5b.log
ordered,102300,3.3521664,0.8337,0.6656,0.1673,0.2606,0.00134,3.3,logs/ordered_5b_4g/train_ordered_4g_5b.log
ordered,102400,3.3554432,0.8224,0.6615,0.1795,0.2554,0.00135,3.2,logs/ordered_5b_4g/train_ordered_4g_5b.log
ordered,102500,3.35872,0.8255,0.6565,0.1756,0.2567,0.00135,3.2,logs/ordered_5b_4g/train_ordered_4g_5b.log
ordered,102600,3.3619968,0.8245,0.6594,0.175,0.2582,0.00135,3.2,logs/ordered_5b_4g/train_ordered_4g_5b.log
ordered,102700,3.3652736,0.8404,0.6702,0.1751,0.2673,0.00135,3.3,logs/ordered_5b_4g/train_ordered_4g_5b.log
ordered,102800,3.3685504,0.8328,0.666,0.1786,0.2591,0.00135,3.3,logs/ordered_5b_4g/train_ordered_4g_5b.log
ordered,102900,3.3718272,0.8286,0.663,0.1818,0.258,0.00135,3.3,logs/ordered_5b_4g/train_ordered_4g_5b.log
ordered,103000,3.375104,0.8249,0.6562,0.1754,0.26,0.00135,3.2,logs/ordered_5b_4g/train_ordered_4g_5b.log
ordered,103100,3.3783808,0.8263,0.6637,0.1696,0.2529,0.00136,3.2,logs/ordered_5b_4g/train_ordered_4g_5b.log
ordered,103200,3.3816576,0.8289,0.664,0.1738,0.2594,0.00136,3.2,logs/ordered_5b_4g/train_ordered_4g_5b.log
ordered,103300,3.3849344,0.8289,0.6624,0.1724,0.2575,0.00136,3.2,logs/ordered_5b_4g/train_ordered_4g_5b.log
ordered,103400,3.3882112,0.8262,0.66,0.1776,0.2603,0.00136,3.2,logs/ordered_5b_4g/train_ordered_4g_5b.log
ordered,103500,3.391488,0.8366,0.6619,0.1653,0.258,0.00136,3.2,logs/ordered_5b_4g/train_ordered_4g_5b.log
ordered,103600,3.3947648,0.8126,0.6581,0.1786,0.2519,0.00136,3.2,logs/ordered_5b_4g/train_ordered_4g_5b.log
ordered,103700,3.3980416,0.8268,0.6594,0.1733,0.2551,0.00136,3.2,logs/ordered_5b_4g/train_ordered_4g_5b.log
ordered,103800,3.4013184,0.8353,0.6635,0.1734,0.2612,0.00136,3.3,logs/ordered_5b_4g/train_ordered_4g_5b.log
ordered,103900,3.4045952,0.8347,0.6617,0.173,0.2561,0.00137,3.2,logs/ordered_5b_4g/train_ordered_4g_5b.log
ordered,104000,3.407872,0.8359,0.6658,0.1724,0.2621,0.00137,3.2,logs/ordered_5b_4g/train_ordered_4g_5b.log
ordered,104100,3.4111488,0.8286,0.6639,0.1732,0.2586,0.00137,3.2,logs/ordered_5b_4g/train_ordered_4g_5b.log
ordered,104200,3.4144256,0.8297,0.6642,0.1713,0.2559,0.00137,3.2,logs/ordered_5b_4g/train_ordered_4g_5b.log
ordered,104300,3.4177024,0.8304,0.6657,0.1682,0.2563,0.00137,3.2,logs/ordered_5b_4g/train_ordered_4g_5b.log
ordered,104400,3.4209792,0.8242,0.6594,0.1833,0.2575,0.00137,3.2,logs/ordered_5b_4g/train_ordered_4g_5b.log
ordered,104500,3.424256,0.8344,0.6639,0.1746,0.2625,0.00137,3.2,logs/ordered_5b_4g/train_ordered_4g_5b.log
ordered,104600,3.4275328,0.8301,0.6602,0.1737,0.2583,0.00138,3.2,logs/ordered_5b_4g/train_ordered_4g_5b.log
ordered,104700,3.4308096,0.8382,0.6627,0.1658,0.2627,0.00138,3.2,logs/ordered_5b_4g/train_ordered_4g_5b.log
ordered,104800,3.4340864,0.8249,0.6614,0.1653,0.2522,0.00138,3.3,logs/ordered_5b_4g/train_ordered_4g_5b.log
ordered,104900,3.4373632,0.8206,0.6604,0.1703,0.2554,0.00138,3.2,logs/ordered_5b_4g/train_ordered_4g_5b.log
ordered,105000,3.44064,0.8283,0.6584,0.1697,0.256,0.00138,3.2,logs/ordered_5b_4g/train_ordered_4g_5b.log
ordered,105100,3.4439168,0.8252,0.6626,0.1666,0.2532,0.00138,3.2,logs/ordered_5b_4g/train_ordered_4g_5b.log
ordered,105200,3.4471936,0.8226,0.661,0.1691,0.2516,0.00138,3.2,logs/ordered_5b_4g/train_ordered_4g_5b.log
ordered,105300,3.4504704,0.8334,0.6679,0.1665,0.2579,0.00138,3.3,logs/ordered_5b_4g/train_ordered_4g_5b.log
ordered,105400,3.4537472,0.819,0.662,0.1781,0.2499,0.00139,3.2,logs/ordered_5b_4g/train_ordered_4g_5b.log
ordered,105500,3.457024,0.8313,0.6662,0.1718,0.2591,0.00139,3.2,logs/ordered_5b_4g/train_ordered_4g_5b.log
ordered,105600,3.4603008,0.8279,0.664,0.1762,0.2517,0.00139,3.2,logs/ordered_5b_4g/train_ordered_4g_5b.log
ordered,105700,3.4635776,0.8378,0.6627,0.1683,0.2607,0.00139,3.2,logs/ordered_5b_4g/train_ordered_4g_5b.log
ordered,105800,3.4668544,0.8352,0.6667,0.1719,0.2629,0.00139,3.3,logs/ordered_5b_4g/train_ordered_4g_5b.log
ordered,105900,3.4701312,0.8155,0.6583,0.1761,0.2528,0.00139,3.2,logs/ordered_5b_4g/train_ordered_4g_5b.log
ordered,106000,3.473408,0.8181,0.6591,0.1702,0.2519,0.00139,3.2,logs/ordered_5b_4g/train_ordered_4g_5b.log
ordered,106100,3.4766848,0.8296,0.6599,0.1742,0.2586,0.00139,3.2,logs/ordered_5b_4g/train_ordered_4g_5b.log
ordered,106200,3.4799616,0.8288,0.6618,0.1759,0.2572,0.0014,3.2,logs/ordered_5b_4g/train_ordered_4g_5b.log
ordered,106300,3.4832384,0.8245,0.6597,0.1752,0.2541,0.0014,3.3,logs/ordered_5b_4g/train_ordered_4g_5b.log
ordered,106400,3.4865152,0.8315,0.6575,0.1682,0.2653,0.0014,3.2,logs/ordered_5b_4g/train_ordered_4g_5b.log
ordered,106500,3.489792,0.8289,0.6671,0.1792,0.2558,0.0014,3.2,logs/ordered_5b_4g/train_ordered_4g_5b.log
ordered,106600,3.4930688,0.8323,0.6594,0.1689,0.2641,0.0014,3.2,logs/ordered_5b_4g/train_ordered_4g_5b.log
ordered,106700,3.4963456,0.828,0.6635,0.1607,0.2606,0.0014,3.2,logs/ordered_5b_4g/train_ordered_4g_5b.log
ordered,106800,3.4996224,0.8281,0.6567,0.1696,0.2583,0.0014,3.2,logs/ordered_5b_4g/train_ordered_4g_5b.log
ordered,106900,3.5028992,0.8224,0.6587,0.1718,0.2566,0.00141,3.2,logs/ordered_5b_4g/train_ordered_4g_5b.log
ordered,107000,3.506176,0.8106,0.6567,0.1693,0.2478,0.00141,3.2,logs/ordered_5b_4g/train_ordered_4g_5b.log
ordered,107100,3.5094528,0.8176,0.6608,0.1752,0.2498,0.00141,3.2,logs/ordered_5b_4g/train_ordered_4g_5b.log
ordered,107200,3.5127296,0.8257,0.6586,0.175,0.2568,0.00141,3.2,logs/ordered_5b_4g/train_ordered_4g_5b.log
ordered,107300,3.5160064,0.8024,0.6553,0.1754,0.2452,0.00141,3.3,logs/ordered_5b_4g/train_ordered_4g_5b.log
ordered,107400,3.5192832,0.8327,0.6594,0.1709,0.2599,0.00141,3.2,logs/ordered_5b_4g/train_ordered_4g_5b.log
ordered,107500,3.52256,0.8232,0.6636,0.1713,0.2528,0.00141,3.3,logs/ordered_5b_4g/train_ordered_4g_5b.log
ordered,107600,3.5258368,0.8164,0.6617,0.173,0.2514,0.00141,3.2,logs/ordered_5b_4g/train_ordered_4g_5b.log
ordered,107700,3.5291136,0.8159,0.6603,0.1695,0.2533,0.00142,3.2,logs/ordered_5b_4g/train_ordered_4g_5b.log
ordered,107800,3.5323904,0.8287,0.6613,0.1696,0.2584,0.00142,3.3,logs/ordered_5b_4g/train_ordered_4g_5b.log
ordered,107900,3.5356672,0.8199,0.6595,0.1598,0.2554,0.00142,3.2,logs/ordered_5b_4g/train_ordered_4g_5b.log
ordered,108000,3.538944,0.812,0.6544,0.1665,0.2498,0.00142,3.2,logs/ordered_5b_4g/train_ordered_4g_5b.log
ordered,108100,3.5422208,0.819,0.6604,0.1725,0.2541,0.00142,3.2,logs/ordered_5b_4g/train_ordered_4g_5b.log
ordered,108200,3.5454976,0.8223,0.6595,0.1617,0.2521,0.00142,3.2,logs/ordered_5b_4g/train_ordered_4g_5b.log
ordered,108300,3.5487744,0.826,0.6619,0.1704,0.2536,0.00142,3.2,logs/ordered_5b_4g/train_ordered_4g_5b.log
ordered,108400,3.5520512,0.8262,0.6566,0.1714,0.2583,0.00143,3.2,logs/ordered_5b_4g/train_ordered_4g_5b.log
ordered,108500,3.555328,0.8197,0.6586,0.1737,0.253,0.00143,3.2,logs/ordered_5b_4g/train_ordered_4g_5b.log
ordered,108600,3.5586048,0.8155,0.6579,0.1753,0.2489,0.00143,3.2,logs/ordered_5b_4g/train_ordered_4g_5b.log
ordered,108700,3.5618816,0.829,0.6594,0.1699,0.2583,0.00143,3.2,logs/ordered_5b_4g/train_ordered_4g_5b.log
ordered,108800,3.5651584,0.8323,0.6619,0.1668,0.2582,0.00143,3.3,logs/ordered_5b_4g/train_ordered_4g_5b.log
ordered,108900,3.5684352,0.8191,0.6597,0.1587,0.2521,0.00143,3.2,logs/ordered_5b_4g/train_ordered_4g_5b.log
ordered,109000,3.571712,0.8128,0.6565,0.1702,0.2468,0.00143,3.2,logs/ordered_5b_4g/train_ordered_4g_5b.log
ordered,109100,3.5749888,0.8324,0.6609,0.1671,0.2603,0.00143,3.2,logs/ordered_5b_4g/train_ordered_4g_5b.log
ordered,109200,3.5782656,0.8162,0.6558,0.1623,0.2561,0.00144,3.2,logs/ordered_5b_4g/train_ordered_4g_5b.log
ordered,109300,3.5815424,0.8227,0.6628,0.1638,0.2579,0.00144,3.2,logs/ordered_5b_4g/train_ordered_4g_5b.log
ordered,109400,3.5848192,0.8281,0.6596,0.1652,0.2586,0.00144,3.2,logs/ordered_5b_4g/train_ordered_4g_5b.log
ordered,109500,3.588096,0.8268,0.6622,0.1674,0.256,0.00144,3.2,logs/ordered_5b_4g/train_ordered_4g_5b.log
ordered,109600,3.5913728,0.8218,0.6582,0.17,0.2568,0.00144,3.2,logs/ordered_5b_4g/train_ordered_4g_5b.log
ordered,109700,3.5946496,0.8197,0.6601,0.1686,0.2572,0.00144,3.2,logs/ordered_5b_4g/train_ordered_4g_5b.log
ordered,109800,3.5979264,0.8178,0.6536,0.164,0.2528,0.00144,3.3,logs/ordered_5b_4g/train_ordered_4g_5b.log
ordered,109900,3.6012032,0.8181,0.6551,0.1711,0.2521,0.00144,3.2,logs/ordered_5b_4g/train_ordered_4g_5b.log
ordered,110000,3.60448,0.8364,0.6616,0.1681,0.263,0.00145,3.2,logs/ordered_5b_4g/train_ordered_4g_5b.log
ordered,110100,3.6077568,0.8138,0.6564,0.1656,0.2473,0.00145,3.2,logs/ordered_5b_4g/train_ordered_4g_5b.log
ordered,110200,3.6110336,0.8233,0.6617,0.1632,0.2585,0.00145,3.2,logs/ordered_5b_4g/train_ordered_4g_5b.log
ordered,110300,3.6143104,0.8195,0.6574,0.1664,0.2547,0.00145,3.3,logs/ordered_5b_4g/train_ordered_4g_5b.log
ordered,110400,3.6175872,0.8298,0.6629,0.1662,0.2569,0.00145,3.2,logs/ordered_5b_4g/train_ordered_4g_5b.log
ordered,110500,3.620864,0.8127,0.6545,0.1636,0.2495,0.00145,3.2,logs/ordered_5b_4g/train_ordered_4g_5b.log
ordered,110600,3.6241408,0.8165,0.657,0.1663,0.2534,0.00145,3.2,logs/ordered_5b_4g/train_ordered_4g_5b.log
ordered,110700,3.6274176,0.8297,0.657,0.1612,0.2613,0.00146,3.2,logs/ordered_5b_4g/train_ordered_4g_5b.log
ordered,110800,3.6306944,0.8258,0.6602,0.1644,0.2585,0.00146,3.2,logs/ordered_5b_4g/train_ordered_4g_5b.log
ordered,110900,3.6339712,0.8176,0.6556,0.1649,0.2541,0.00146,3.2,logs/ordered_5b_4g/train_ordered_4g_5b.log
ordered,111000,3.637248,0.8282,0.6623,0.1641,0.2592,0.00146,3.2,logs/ordered_5b_4g/train_ordered_4g_5b.log
ordered,111100,3.6405248,0.8259,0.6558,0.1677,0.2593,0.00146,3.2,logs/ordered_5b_4g/train_ordered_4g_5b.log
ordered,111200,3.6438016,0.8277,0.6606,0.172,0.2568,0.00146,3.2,logs/ordered_5b_4g/train_ordered_4g_5b.log
ordered,111300,3.6470784,0.8207,0.6582,0.1603,0.2523,0.00146,3.2,logs/ordered_5b_4g/train_ordered_4g_5b.log
ordered,111400,3.6503552,0.8131,0.6563,0.1662,0.2541,0.00146,3.2,logs/ordered_5b_4g/train_ordered_4g_5b.log
ordered,111500,3.653632,0.829,0.6589,0.1642,0.2563,0.00147,3.2,logs/ordered_5b_4g/train_ordered_4g_5b.log
ordered,111600,3.6569088,0.8258,0.6565,0.1567,0.2536,0.00147,3.2,logs/ordered_5b_4g/train_ordered_4g_5b.log
ordered,111700,3.6601856,0.8249,0.6605,0.1655,0.261,0.00147,3.2,logs/ordered_5b_4g/train_ordered_4g_5b.log
ordered,111800,3.6634624,0.8306,0.6654,0.1598,0.2566,0.00147,3.3,logs/ordered_5b_4g/train_ordered_4g_5b.log
ordered,111900,3.6667392,0.8074,0.6545,0.1761,0.2507,0.00147,3.3,logs/ordered_5b_4g/train_ordered_4g_5b.log
ordered,112000,3.670016,0.8153,0.6525,0.1598,0.2512,0.00147,3.2,logs/ordered_5b_4g/train_ordered_4g_5b.log
ordered,112100,3.6732928,0.8209,0.6619,0.1697,0.2497,0.00147,3.2,logs/ordered_5b_4g/train_ordered_4g_5b.log
ordered,112200,3.6765696,0.8152,0.6584,0.1666,0.2495,0.00147,3.3,logs/ordered_5b_4g/train_ordered_4g_5b.log
ordered,112300,3.6798464,0.8307,0.6597,0.1595,0.2582,0.00148,3.2,logs/ordered_5b_4g/train_ordered_4g_5b.log
ordered,112400,3.6831232,0.8231,0.6562,0.1644,0.2541,0.00148,3.2,logs/ordered_5b_4g/train_ordered_4g_5b.log
ordered,112500,3.6864,0.8195,0.6565,0.1658,0.2556,0.00148,3.2,logs/ordered_5b_4g/train_ordered_4g_5b.log
ordered,112600,3.6896768,0.8149,0.6575,0.1617,0.2511,0.00148,3.2,logs/ordered_5b_4g/train_ordered_4g_5b.log
ordered,112700,3.6929536,0.8296,0.6585,0.1634,0.2612,0.00148,3.2,logs/ordered_5b_4g/train_ordered_4g_5b.log
ordered,112800,3.6962304,0.8236,0.6594,0.1637,0.2565,0.00148,3.3,logs/ordered_5b_4g/train_ordered_4g_5b.log
ordered,112900,3.6995072,0.8199,0.6598,0.1623,0.2546,0.00148,3.2,logs/ordered_5b_4g/train_ordered_4g_5b.log
ordered,113000,3.702784,0.8202,0.654,0.1642,0.2568,0.00149,3.2,logs/ordered_5b_4g/train_ordered_4g_5b.log
ordered,113100,3.7060608,0.8118,0.6528,0.1732,0.2518,0.00149,3.2,logs/ordered_5b_4g/train_ordered_4g_5b.log
ordered,113200,3.7093376,0.8153,0.6537,0.1679,0.2565,0.00149,3.2,logs/ordered_5b_4g/train_ordered_4g_5b.log
ordered,113300,3.7126144,0.8325,0.662,0.1649,0.267,0.00149,3.2,logs/ordered_5b_4g/train_ordered_4g_5b.log
ordered,113400,3.7158912,0.8141,0.6603,0.1694,0.257,0.00149,3.2,logs/ordered_5b_4g/train_ordered_4g_5b.log
ordered,113500,3.719168,0.8215,0.6629,0.1708,0.2553,0.00149,3.3,logs/ordered_5b_4g/train_ordered_4g_5b.log
ordered,113600,3.7224448,0.8113,0.6525,0.1619,0.2489,0.00149,3.3,logs/ordered_5b_4g/train_ordered_4g_5b.log
ordered,113700,3.7257216,0.8245,0.6588,0.1666,0.2547,0.00149,3.2,logs/ordered_5b_4g/train_ordered_4g_5b.log
ordered,113800,3.7289984,0.8168,0.656,0.1652,0.2524,0.0015,3.3,logs/ordered_5b_4g/train_ordered_4g_5b.log
ordered,113900,3.7322752,0.8111,0.6563,0.1675,0.251,0.0015,3.2,logs/ordered_5b_4g/train_ordered_4g_5b.log
ordered,114000,3.735552,0.8272,0.6604,0.1584,0.2591,0.0015,3.2,logs/ordered_5b_4g/train_ordered_4g_5b.log
ordered,114100,3.7388288,0.8205,0.6609,0.1585,0.2513,0.0015,3.2,logs/ordered_5b_4g/train_ordered_4g_5b.log
ordered,114200,3.7421056,0.8208,0.6599,0.1691,0.2575,0.0015,3.2,logs/ordered_5b_4g/train_ordered_4g_5b.log
ordered,114300,3.7453824,0.8251,0.6624,0.1649,0.2592,0.0015,3.3,logs/ordered_5b_4g/train_ordered_4g_5b.log
ordered,114400,3.7486592,0.8303,0.6584,0.1607,0.2595,0.0015,3.2,logs/ordered_5b_4g/train_ordered_4g_5b.log
ordered,114500,3.751936,0.8156,0.6574,0.1639,0.2525,0.00151,3.3,logs/ordered_5b_4g/train_ordered_4g_5b.log
ordered,114600,3.7552128,0.8243,0.6565,0.1597,0.2576,0.00151,3.2,logs/ordered_5b_4g/train_ordered_4g_5b.log
ordered,114700,3.7584896,0.8237,0.658,0.1679,0.2605,0.00151,3.2,logs/ordered_5b_4g/train_ordered_4g_5b.log
ordered,114800,3.7617664,0.8199,0.6576,0.161,0.2501,0.00151,3.2,logs/ordered_5b_4g/train_ordered_4g_5b.log
ordered,114900,3.7650432,0.8141,0.6544,0.1627,0.2541,0.00151,3.2,logs/ordered_5b_4g/train_ordered_4g_5b.log
ordered,115000,3.76832,0.8164,0.655,0.1624,0.2548,0.00151,3.2,logs/ordered_5b_4g/train_ordered_4g_5b.log
ordered,115100,3.7715968,0.8185,0.6535,0.1628,0.2559,0.00151,3.2,logs/ordered_5b_4g/train_ordered_4g_5b.log
ordered,115200,3.7748736,0.8146,0.6596,0.1565,0.2489,0.00151,3.2,logs/ordered_5b_4g/train_ordered_4g_5b.log
ordered,115300,3.7781504,0.8101,0.6553,0.1644,0.2512,0.00152,3.3,logs/ordered_5b_4g/train_ordered_4g_5b.log
ordered,115400,3.7814272,0.8193,0.658,0.1668,0.2562,0.00152,3.2,logs/ordered_5b_4g/train_ordered_4g_5b.log
ordered,115500,3.784704,0.8256,0.6591,0.1617,0.2578,0.00152,3.2,logs/ordered_5b_4g/train_ordered_4g_5b.log
ordered,115600,3.7879808,0.8178,0.6551,0.1613,0.2556,0.00152,3.2,logs/ordered_5b_4g/train_ordered_4g_5b.log
ordered,115700,3.7912576,0.8178,0.6562,0.1639,0.2526,0.00152,3.3,logs/ordered_5b_4g/train_ordered_4g_5b.log
ordered,115800,3.7945344,0.8093,0.6539,0.1644,0.2487,0.00152,3.3,logs/ordered_5b_4g/train_ordered_4g_5b.log
ordered,115900,3.7978112,0.8124,0.6558,0.1701,0.2549,0.00152,3.2,logs/ordered_5b_4g/train_ordered_4g_5b.log
ordered,116000,3.801088,0.8245,0.6545,0.1575,0.2554,0.00153,3.2,logs/ordered_5b_4g/train_ordered_4g_5b.log
ordered,116100,3.8043648,0.8148,0.6558,0.1689,0.2524,0.00153,3.2,logs/ordered_5b_4g/train_ordered_4g_5b.log
ordered,116200,3.8076416,0.8295,0.6614,0.1677,0.2641,0.00153,3.2,logs/ordered_5b_4g/train_ordered_4g_5b.log
ordered,116300,3.8109184,0.7955,0.6506,0.1628,0.2385,0.00153,3.2,logs/ordered_5b_4g/train_ordered_4g_5b.log
ordered,116400,3.8141952,0.8114,0.6548,0.1571,0.2506,0.00153,3.2,logs/ordered_5b_4g/train_ordered_4g_5b.log
ordered,116500,3.817472,0.8131,0.6589,0.1675,0.2545,0.00153,3.2,logs/ordered_5b_4g/train_ordered_4g_5b.log
ordered,116600,3.8207488,0.8096,0.6567,0.164,0.2535,0.00153,3.2,logs/ordered_5b_4g/train_ordered_4g_5b.log
ordered,116700,3.8240256,0.8217,0.6577,0.1622,0.2583,0.00153,3.2,logs/ordered_5b_4g/train_ordered_4g_5b.log
ordered,116800,3.8273024,0.8109,0.6609,0.1582,0.2502,0.00154,3.2,logs/ordered_5b_4g/train_ordered_4g_5b.log
ordered,116900,3.8305792,0.8232,0.6595,0.1566,0.2536,0.00154,3.2,logs/ordered_5b_4g/train_ordered_4g_5b.log
ordered,117000,3.833856,0.8232,0.6562,0.1572,0.2533,0.00154,3.2,logs/ordered_5b_4g/train_ordered_4g_5b.log
ordered,117100,3.8371328,0.8215,0.6624,0.1669,0.2586,0.00154,3.3,logs/ordered_5b_4g/train_ordered_4g_5b.log
ordered,117200,3.8404096,0.8166,0.6593,0.1653,0.2523,0.00154,3.3,logs/ordered_5b_4g/train_ordered_4g_5b.log
ordered,117300,3.8436864,0.8191,0.6567,0.1594,0.2567,0.00154,3.3,logs/ordered_5b_4g/train_ordered_4g_5b.log
ordered,117400,3.8469632,0.8208,0.6608,0.1611,0.2572,0.00154,3.2,logs/ordered_5b_4g/train_ordered_4g_5b.log
ordered,117500,3.85024,0.818,0.6498,0.1588,0.2555,0.00154,3.2,logs/ordered_5b_4g/train_ordered_4g_5b.log
ordered,117600,3.8535168,0.8222,0.6586,0.1608,0.2573,0.00155,3.2,logs/ordered_5b_4g/train_ordered_4g_5b.log
ordered,117700,3.8567936,0.8268,0.6578,0.1583,0.2617,0.00155,3.2,logs/ordered_5b_4g/train_ordered_4g_5b.log
ordered,117800,3.8600704,0.816,0.6568,0.1622,0.2508,0.00155,3.3,logs/ordered_5b_4g/train_ordered_4g_5b.log
ordered,117900,3.8633472,0.8299,0.6578,0.1578,0.2609,0.00155,3.3,logs/ordered_5b_4g/train_ordered_4g_5b.log
ordered,118000,3.866624,0.8173,0.6584,0.1659,0.2519,0.00155,3.2,logs/ordered_5b_4g/train_ordered_4g_5b.log
ordered,118100,3.8699008,0.8154,0.6555,0.1662,0.2581,0.00155,3.2,logs/ordered_5b_4g/train_ordered_4g_5b.log
ordered,118200,3.8731776,0.8152,0.6549,0.1635,0.2534,0.00155,3.2,logs/ordered_5b_4g/train_ordered_4g_5b.log
ordered,118300,3.8764544,0.8252,0.6587,0.1561,0.2571,0.00156,3.2,logs/ordered_5b_4g/train_ordered_4g_5b.log
ordered,118400,3.8797312,0.8153,0.6538,0.1556,0.2556,0.00156,3.2,logs/ordered_5b_4g/train_ordered_4g_5b.log
ordered,118500,3.883008,0.8083,0.6518,0.1606,0.2454,0.00156,3.2,logs/ordered_5b_4g/train_ordered_4g_5b.log
ordered,118600,3.8862848,0.8171,0.6581,0.161,0.2544,0.00156,3.2,logs/ordered_5b_4g/train_ordered_4g_5b.log
ordered,118700,3.8895616,0.8096,0.6554,0.1619,0.2486,0.00156,3.2,logs/ordered_5b_4g/train_ordered_4g_5b.log
ordered,118800,3.8928384,0.8289,0.659,0.16,0.2596,0.00156,3.3,logs/ordered_5b_4g/train_ordered_4g_5b.log
ordered,118900,3.8961152,0.8242,0.6574,0.1639,0.2567,0.00156,3.2,logs/ordered_5b_4g/train_ordered_4g_5b.log
ordered,119000,3.899392,0.8083,0.652,0.1607,0.2518,0.00156,3.2,logs/ordered_5b_4g/train_ordered_4g_5b.log
ordered,119100,3.9026688,0.8209,0.6553,0.1572,0.2552,0.00157,3.2,logs/ordered_5b_4g/train_ordered_4g_5b.log
ordered,119200,3.9059456,0.8162,0.6545,0.1609,0.2553,0.00157,3.2,logs/ordered_5b_4g/train_ordered_4g_5b.log
ordered,119300,3.9092224,0.8093,0.6524,0.1561,0.2495,0.00157,3.2,logs/ordered_5b_4g/train_ordered_4g_5b.log
ordered,119400,3.9124992,0.8173,0.654,0.1598,0.2581,0.00157,3.3,logs/ordered_5b_4g/train_ordered_4g_5b.log
ordered,119500,3.915776,0.8263,0.6581,0.1525,0.2562,0.00157,3.2,logs/ordered_5b_4g/train_ordered_4g_5b.log
ordered,119600,3.9190528,0.8048,0.6511,0.1561,0.2483,0.00157,3.2,logs/ordered_5b_4g/train_ordered_4g_5b.log
ordered,119700,3.9223296,0.8142,0.656,0.1573,0.2536,0.00157,3.2,logs/ordered_5b_4g/train_ordered_4g_5b.log
ordered,119800,3.9256064,0.8185,0.6559,0.1539,0.2536,0.00157,3.3,logs/ordered_5b_4g/train_ordered_4g_5b.log
ordered,119900,3.9288832,0.8122,0.6523,0.159,0.251,0.00158,3.2,logs/ordered_5b_4g/train_ordered_4g_5b.log
ordered,120000,3.93216,0.8041,0.6558,0.1535,0.2459,0.00158,3.2,logs/ordered_5b_4g/train_ordered_4g_5b.log
ordered,120100,3.9354368,0.8168,0.6569,0.1627,0.2569,0.00158,3.2,logs/ordered_5b_4g/train_ordered_4g_5b.log
ordered,120200,3.9387136,0.8106,0.654,0.1636,0.2557,0.00158,3.2,logs/ordered_5b_4g/train_ordered_4g_5b.log
ordered,120300,3.9419904,0.8187,0.6566,0.1629,0.2534,0.00158,3.3,logs/ordered_5b_4g/train_ordered_4g_5b.log
ordered,120400,3.9452672,0.8248,0.6587,0.1607,0.2539,0.00158,3.2,logs/ordered_5b_4g/train_ordered_4g_5b.log
ordered,120500,3.948544,0.8129,0.6576,0.1647,0.2502,0.00158,3.2,logs/ordered_5b_4g/train_ordered_4g_5b.log
ordered,120600,3.9518208,0.8269,0.6591,0.1612,0.2609,0.00159,3.3,logs/ordered_5b_4g/train_ordered_4g_5b.log
ordered,120700,3.9550976,0.8217,0.657,0.1582,0.2556,0.00159,3.2,logs/ordered_5b_4g/train_ordered_4g_5b.log
ordered,120800,3.9583744,0.8107,0.6518,0.1558,0.25,0.00159,3.2,logs/ordered_5b_4g/train_ordered_4g_5b.log
ordered,120900,3.9616512,0.8163,0.6584,0.1569,0.251,0.00159,3.2,logs/ordered_5b_4g/train_ordered_4g_5b.log
ordered,121000,3.964928,0.817,0.6607,0.1684,0.2545,0.00159,3.2,logs/ordered_5b_4g/train_ordered_4g_5b.log
ordered,121100,3.9682048,0.8152,0.6546,0.1539,0.2514,0.00159,3.2,logs/ordered_5b_4g/train_ordered_4g_5b.log
ordered,121200,3.9714816,0.8176,0.6571,0.154,0.2545,0.00159,3.2,logs/ordered_5b_4g/train_ordered_4g_5b.log
ordered,121300,3.9747584,0.8228,0.6533,0.1478,0.2541,0.00159,3.2,logs/ordered_5b_4g/train_ordered_4g_5b.log
ordered,121400,3.9780352,0.8068,0.6554,0.1641,0.2518,0.0016,3.2,logs/ordered_5b_4g/train_ordered_4g_5b.log
ordered,121500,3.981312,0.8189,0.6603,0.1609,0.2562,0.0016,3.2,logs/ordered_5b_4g/train_ordered_4g_5b.log
ordered,121600,3.9845888,0.823,0.658,0.1618,0.2623,0.0016,3.2,logs/ordered_5b_4g/train_ordered_4g_5b.log
ordered,121700,3.9878656,0.8099,0.6531,0.155,0.2446,0.0016,3.2,logs/ordered_5b_4g/train_ordered_4g_5b.log
ordered,121800,3.9911424,0.8102,0.6507,0.1586,0.2528,0.0016,3.2,logs/ordered_5b_4g/train_ordered_4g_5b.log
ordered,121900,3.9944192,0.8026,0.6501,0.1618,0.2476,0.0016,3.2,logs/ordered_5b_4g/train_ordered_4g_5b.log
ordered,122000,3.997696,0.8122,0.6549,0.1575,0.2522,0.0016,3.2,logs/ordered_5b_4g/train_ordered_4g_5b.log
ordered,122100,4.0009728,0.8192,0.659,0.1558,0.2534,0.00161,3.2,logs/ordered_5b_4g/train_ordered_4g_5b.log
ordered,122200,4.0042496,0.8075,0.6479,0.1607,0.2543,0.00161,3.2,logs/ordered_5b_4g/train_ordered_4g_5b.log
ordered,122300,4.0075264,0.81,0.6545,0.1632,0.2515,0.00161,3.2,logs/ordered_5b_4g/train_ordered_4g_5b.log
ordered,122400,4.0108032,0.8099,0.6537,0.1468,0.248,0.00161,3.2,logs/ordered_5b_4g/train_ordered_4g_5b.log
ordered,122500,4.01408,0.8137,0.6515,0.1552,0.2559,0.00161,3.2,logs/ordered_5b_4g/train_ordered_4g_5b.log
ordered,122600,4.0173568,0.8113,0.6508,0.1558,0.2509,0.00161,3.2,logs/ordered_5b_4g/train_ordered_4g_5b.log
ordered,122700,4.0206336,0.8066,0.6518,0.1644,0.2499,0.00161,3.3,logs/ordered_5b_4g/train_ordered_4g_5b.log
ordered,122800,4.0239104,0.7976,0.6468,0.1582,0.2454,0.00161,3.3,logs/ordered_5b_4g/train_ordered_4g_5b.log
ordered,122900,4.0271872,0.8042,0.654,0.1671,0.2519,0.00162,3.2,logs/ordered_5b_4g/train_ordered_4g_5b.log
ordered,123000,4.030464,0.8186,0.654,0.15,0.2547,0.00162,3.2,logs/ordered_5b_4g/train_ordered_4g_5b.log
ordered,123100,4.0337408,0.8109,0.65,0.1573,0.2536,0.00162,3.2,logs/ordered_5b_4g/train_ordered_4g_5b.log
ordered,123200,4.0370176,0.8157,0.6556,0.1551,0.2517,0.00162,3.2,logs/ordered_5b_4g/train_ordered_4g_5b.log
ordered,123300,4.0402944,0.8196,0.6568,0.1598,0.258,0.00162,3.2,logs/ordered_5b_4g/train_ordered_4g_5b.log
ordered,123400,4.0435712,0.8139,0.6548,0.1552,0.2504,0.00162,3.2,logs/ordered_5b_4g/train_ordered_4g_5b.log
ordered,123500,4.046848,0.8125,0.6503,0.1433,0.2469,0.00162,3.2,logs/ordered_5b_4g/train_ordered_4g_5b.log
ordered,123600,4.0501248,0.8142,0.6526,0.1512,0.2535,0.00162,3.2,logs/ordered_5b_4g/train_ordered_4g_5b.log
ordered,123700,4.0534016,0.8137,0.656,0.155,0.2515,0.00163,3.2,logs/ordered_5b_4g/train_ordered_4g_5b.log
ordered,123800,4.0566784,0.8165,0.6578,0.1569,0.2481,0.00163,3.3,logs/ordered_5b_4g/train_ordered_4g_5b.log
ordered,123900,4.0599552,0.8104,0.6571,0.1589,0.252,0.00163,3.2,logs/ordered_5b_4g/train_ordered_4g_5b.log
ordered,124000,4.063232,0.8069,0.6514,0.1531,0.2479,0.00163,3.2,logs/ordered_5b_4g/train_ordered_4g_5b.log
ordered,124100,4.0665088,0.8099,0.6504,0.1591,0.2509,0.00163,3.2,logs/ordered_5b_4g/train_ordered_4g_5b.log
ordered,124200,4.0697856,0.8187,0.6535,0.1539,0.2542,0.00163,3.2,logs/ordered_5b_4g/train_ordered_4g_5b.log
ordered,124300,4.0730624,0.8029,0.6497,0.158,0.247,0.00163,3.3,logs/ordered_5b_4g/train_ordered_4g_5b.log
ordered,124400,4.0763392,0.8028,0.6498,0.1581,0.2458,0.00164,3.2,logs/ordered_5b_4g/train_ordered_4g_5b.log
ordered,124500,4.079616,0.8045,0.6517,0.1589,0.248,0.00164,3.2,logs/ordered_5b_4g/train_ordered_4g_5b.log
ordered,124600,4.0828928,0.8156,0.6559,0.1605,0.2514,0.00164,3.2,logs/ordered_5b_4g/train_ordered_4g_5b.log
ordered,124700,4.0861696,0.8131,0.6558,0.1549,0.2543,0.00164,3.3,logs/ordered_5b_4g/train_ordered_4g_5b.log
ordered,124800,4.0894464,0.8061,0.6517,0.1599,0.2469,0.00164,3.3,logs/ordered_5b_4g/train_ordered_4g_5b.log
ordered,124900,4.0927232,0.813,0.6536,0.1525,0.2513,0.00164,3.2,logs/ordered_5b_4g/train_ordered_4g_5b.log
ordered,125000,4.096,0.8192,0.658,0.1592,0.2549,0.00164,3.3,logs/ordered_5b_4g/train_ordered_4g_5b.log
ordered,125100,4.0992768,0.8154,0.6576,0.1538,0.2539,0.00164,3.2,logs/ordered_5b_4g/train_ordered_4g_5b.log
ordered,125200,4.1025536,0.8142,0.6543,0.1615,0.2532,0.00165,3.2,logs/ordered_5b_4g/train_ordered_4g_5b.log
ordered,125300,4.1058304,0.806,0.6526,0.1589,0.2443,0.00165,3.2,logs/ordered_5b_4g/train_ordered_4g_5b.log
ordered,125400,4.1091072,0.8124,0.6548,0.1524,0.2496,0.00165,3.2,logs/ordered_5b_4g/train_ordered_4g_5b.log
ordered,125500,4.112384,0.8156,0.6543,0.1558,0.2509,0.00165,3.3,logs/ordered_5b_4g/train_ordered_4g_5b.log
ordered,125600,4.1156608,0.8147,0.6552,0.1577,0.2519,0.00165,3.2,logs/ordered_5b_4g/train_ordered_4g_5b.log
ordered,125700,4.1189376,0.82,0.657,0.1568,0.2549,0.00165,3.2,logs/ordered_5b_4g/train_ordered_4g_5b.log
ordered,125800,4.1222144,0.8194,0.6583,0.1494,0.2547,0.00165,3.3,logs/ordered_5b_4g/train_ordered_4g_5b.log
ordered,125900,4.1254912,0.8195,0.6576,0.1545,0.2566,0.00166,3.2,logs/ordered_5b_4g/train_ordered_4g_5b.log
ordered,126000,4.128768,0.82,0.6575,0.1561,0.2558,0.00166,3.2,logs/ordered_5b_4g/train_ordered_4g_5b.log
ordered,126100,4.1320448,0.8099,0.6495,0.143,0.2461,0.00166,3.2,logs/ordered_5b_4g/train_ordered_4g_5b.log
ordered,126200,4.1353216,0.8168,0.6526,0.1519,0.2532,0.00166,3.3,logs/ordered_5b_4g/train_ordered_4g_5b.log
ordered,126300,4.1385984,0.7988,0.6496,0.1523,0.2433,0.00166,3.3,logs/ordered_5b_4g/train_ordered_4g_5b.log
ordered,126400,4.1418752,0.8079,0.6544,0.1596,0.2523,0.00166,3.2,logs/ordered_5b_4g/train_ordered_4g_5b.log
ordered,126500,4.145152,0.8064,0.6525,0.1577,0.2506,0.00166,3.2,logs/ordered_5b_4g/train_ordered_4g_5b.log
ordered,126600,4.1484288,0.8123,0.6555,0.1574,0.2542,0.00166,3.2,logs/ordered_5b_4g/train_ordered_4g_5b.log
ordered,126700,4.1517056,0.8142,0.6538,0.148,0.251,0.00167,3.2,logs/ordered_5b_4g/train_ordered_4g_5b.log
ordered,126800,4.1549824,0.8084,0.6498,0.1575,0.2487,0.00167,3.2,logs/ordered_5b_4g/train_ordered_4g_5b.log
ordered,126900,4.1582592,0.8014,0.6501,0.1517,0.2479,0.00167,3.2,logs/ordered_5b_4g/train_ordered_4g_5b.log
ordered,127000,4.161536,0.8115,0.65,0.1576,0.254,0.00167,3.2,logs/ordered_5b_4g/train_ordered_4g_5b.log
ordered,127100,4.1648128,0.8164,0.6542,0.1596,0.2557,0.00167,3.2,logs/ordered_5b_4g/train_ordered_4g_5b.log
ordered,127200,4.1680896,0.8169,0.6544,0.1495,0.2537,0.00167,3.2,logs/ordered_5b_4g/train_ordered_4g_5b.log
ordered,127300,4.1713664,0.8161,0.6572,0.157,0.25,0.00167,3.3,logs/ordered_5b_4g/train_ordered_4g_5b.log
ordered,127400,4.1746432,0.8148,0.6584,0.1563,0.252,0.00167,3.2,logs/ordered_5b_4g/train_ordered_4g_5b.log
ordered,127500,4.17792,0.8011,0.6513,0.1497,0.2448,0.00168,3.2,logs/ordered_5b_4g/train_ordered_4g_5b.log
ordered,127600,4.1811968,0.8111,0.6537,0.1555,0.2506,0.00168,3.2,logs/ordered_5b_4g/train_ordered_4g_5b.log
ordered,127700,4.1844736,0.826,0.6591,0.154,0.2572,0.00168,3.2,logs/ordered_5b_4g/train_ordered_4g_5b.log
ordered,127800,4.1877504,0.8129,0.6544,0.1499,0.2552,0.00168,3.2,logs/ordered_5b_4g/train_ordered_4g_5b.log
ordered,127900,4.1910272,0.8173,0.6554,0.1498,0.2554,0.00168,3.2,logs/ordered_5b_4g/train_ordered_4g_5b.log
ordered,128000,4.194304,0.8177,0.6515,0.147,0.2516,0.00168,3.2,logs/ordered_5b_4g/train_ordered_4g_5b.log
ordered,128100,4.1975808,0.8068,0.6525,0.1588,0.2538,0.00168,3.2,logs/ordered_5b_4g/train_ordered_4g_5b.log
ordered,128200,4.2008576,0.8088,0.6504,0.1567,0.2517,0.00169,3.3,logs/ordered_5b_4g/train_ordered_4g_5b.log
ordered,128300,4.2041344,0.8068,0.6535,0.1521,0.2492,0.00169,3.2,logs/ordered_5b_4g/train_ordered_4g_5b.log
ordered,128400,4.2074112,0.7957,0.6502,0.1489,0.2386,0.00169,3.2,logs/ordered_5b_4g/train_ordered_4g_5b.log
ordered,128500,4.210688,0.8022,0.6498,0.1574,0.2507,0.00169,3.2,logs/ordered_5b_4g/train_ordered_4g_5b.log
ordered,128600,4.2139648,0.8166,0.6559,0.1479,0.2569,0.00169,3.2,logs/ordered_5b_4g/train_ordered_4g_5b.log
ordered,128700,4.2172416,0.8117,0.651,0.1546,0.2509,0.00169,3.3,logs/ordered_5b_4g/train_ordered_4g_5b.log
ordered,128800,4.2205184,0.8049,0.6458,0.1558,0.251,0.00169,3.3,logs/ordered_5b_4g/train_ordered_4g_5b.log
ordered,128900,4.2237952,0.8091,0.655,0.1538,0.2519,0.00169,3.2,logs/ordered_5b_4g/train_ordered_4g_5b.log
ordered,129000,4.227072,0.8067,0.6538,0.1564,0.2538,0.0017,3.2,logs/ordered_5b_4g/train_ordered_4g_5b.log
ordered,129100,4.2303488,0.8024,0.6529,0.1491,0.2453,0.0017,3.2,logs/ordered_5b_4g/train_ordered_4g_5b.log
ordered,129200,4.2336256,0.8101,0.6552,0.1582,0.2512,0.0017,3.2,logs/ordered_5b_4g/train_ordered_4g_5b.log
ordered,129300,4.2369024,0.8092,0.6506,0.1523,0.245,0.0017,3.2,logs/ordered_5b_4g/train_ordered_4g_5b.log
ordered,129400,4.2401792,0.8201,0.6549,0.1585,0.2597,0.0017,3.2,logs/ordered_5b_4g/train_ordered_4g_5b.log
ordered,129500,4.243456,0.8161,0.656,0.1514,0.2529,0.0017,3.2,logs/ordered_5b_4g/train_ordered_4g_5b.log
ordered,129600,4.2467328,0.8128,0.6552,0.1533,0.2517,0.0017,3.2,logs/ordered_5b_4g/train_ordered_4g_5b.log
ordered,129700,4.2500096,0.8109,0.6552,0.1511,0.2533,0.00171,3.2,logs/ordered_5b_4g/train_ordered_4g_5b.log
ordered,129800,4.2532864,0.8029,0.6476,0.1465,0.2426,0.00171,3.2,logs/ordered_5b_4g/train_ordered_4g_5b.log
ordered,129900,4.2565632,0.8059,0.6527,0.1493,0.2464,0.00171,3.2,logs/ordered_5b_4g/train_ordered_4g_5b.log
ordered,130000,4.25984,0.8076,0.6502,0.1567,0.251,0.00171,3.2,logs/ordered_5b_4g/train_ordered_4g_5b.log
ordered,130100,4.2631168,0.7992,0.6481,0.1533,0.2437,0.00171,3.2,logs/ordered_5b_4g/train_ordered_4g_5b.log
ordered,130200,4.2663936,0.806,0.6533,0.1531,0.2457,0.00171,3.2,logs/ordered_5b_4g/train_ordered_4g_5b.log
ordered,130300,4.2696704,0.8051,0.6509,0.153,0.249,0.00171,3.2,logs/ordered_5b_4g/train_ordered_4g_5b.log
ordered,130400,4.2729472,0.8274,0.6644,0.1478,0.2551,0.00171,3.2,logs/ordered_5b_4g/train_ordered_4g_5b.log
ordered,130500,4.276224,0.8083,0.6529,0.1523,0.2524,0.00172,3.2,logs/ordered_5b_4g/train_ordered_4g_5b.log
ordered,130600,4.2795008,0.8233,0.6537,0.1518,0.2588,0.00172,3.2,logs/ordered_5b_4g/train_ordered_4g_5b.log
ordered,130700,4.2827776,0.8174,0.6517,0.1493,0.2542,0.00172,3.2,logs/ordered_5b_4g/train_ordered_4g_5b.log
ordered,130800,4.2860544,0.818,0.6546,0.1551,0.2544,0.00172,3.2,logs/ordered_5b_4g/train_ordered_4g_5b.log
ordered,130900,4.2893312,0.813,0.655,0.1498,0.2485,0.00172,3.2,logs/ordered_5b_4g/train_ordered_4g_5b.log
ordered,131000,4.292608,0.8097,0.6536,0.1533,0.2511,0.00172,3.2,logs/ordered_5b_4g/train_ordered_4g_5b.log
ordered,131100,4.2958848,0.7975,0.6508,0.1609,0.2447,0.00172,3.2,logs/ordered_5b_4g/train_ordered_4g_5b.log
ordered,131200,4.2991616,0.8066,0.6504,0.1511,0.2478,0.00172,3.2,logs/ordered_5b_4g/train_ordered_4g_5b.log
ordered,131300,4.3024384,0.8152,0.6543,0.1499,0.252,0.00173,3.3,logs/ordered_5b_4g/train_ordered_4g_5b.log
ordered,131400,4.3057152,0.8231,0.6549,0.1468,0.258,0.00173,3.2,logs/ordered_5b_4g/train_ordered_4g_5b.log
ordered,131500,4.308992,0.8117,0.6555,0.1552,0.2528,0.00173,3.2,logs/ordered_5b_4g/train_ordered_4g_5b.log
ordered,131600,4.3122688,0.82,0.6554,0.141,0.255,0.00173,3.2,logs/ordered_5b_4g/train_ordered_4g_5b.log
ordered,131700,4.3155456,0.8031,0.6518,0.1496,0.2462,0.00173,3.2,logs/ordered_5b_4g/train_ordered_4g_5b.log
ordered,131800,4.3188224,0.8072,0.6528,0.15,0.2455,0.00173,3.3,logs/ordered_5b_4g/train_ordered_4g_5b.log
ordered,131900,4.3220992,0.8095,0.6543,0.1501,0.2493,0.00173,3.2,logs/ordered_5b_4g/train_ordered_4g_5b.log
ordered,132000,4.325376,0.8159,0.655,0.1505,0.2522,0.00174,3.2,logs/ordered_5b_4g/train_ordered_4g_5b.log
ordered,132100,4.3286528,0.8094,0.6504,0.1517,0.2531,0.00174,3.2,logs/ordered_5b_4g/train_ordered_4g_5b.log
ordered,132200,4.3319296,0.8148,0.6534,0.1498,0.2531,0.00174,3.3,logs/ordered_5b_4g/train_ordered_4g_5b.log
ordered,132300,4.3352064,0.8102,0.6566,0.1476,0.2474,0.00174,3.2,logs/ordered_5b_4g/train_ordered_4g_5b.log
ordered,132400,4.3384832,0.807,0.6508,0.1457,0.2498,0.00174,3.2,logs/ordered_5b_4g/train_ordered_4g_5b.log
ordered,132500,4.34176,0.813,0.6555,0.152,0.2527,0.00174,3.2,logs/ordered_5b_4g/train_ordered_4g_5b.log
ordered,132600,4.3450368,0.8085,0.6547,0.1526,0.2462,0.00174,3.2,logs/ordered_5b_4g/train_ordered_4g_5b.log
ordered,132700,4.3483136,0.81,0.6503,0.1548,0.253,0.00174,3.2,logs/ordered_5b_4g/train_ordered_4g_5b.log
ordered,132800,4.3515904,0.8178,0.6559,0.1523,0.259,0.00175,3.3,logs/ordered_5b_4g/train_ordered_4g_5b.log
ordered,132900,4.3548672,0.8066,0.6539,0.1553,0.2498,0.00175,3.2,logs/ordered_5b_4g/train_ordered_4g_5b.log
ordered,133000,4.358144,0.8116,0.6526,0.1506,0.2523,0.00175,3.2,logs/ordered_5b_4g/train_ordered_4g_5b.log
ordered,133100,4.3614208,0.8011,0.6515,0.1497,0.2439,0.00175,3.2,logs/ordered_5b_4g/train_ordered_4g_5b.log
ordered,133200,4.3646976,0.8138,0.6539,0.1498,0.2507,0.00175,3.2,logs/ordered_5b_4g/train_ordered_4g_5b.log
ordered,133300,4.3679744,0.8026,0.6524,0.1463,0.2437,0.00175,3.3,logs/ordered_5b_4g/train_ordered_4g_5b.log
ordered,133400,4.3712512,0.8053,0.6527,0.1502,0.2473,0.00175,3.2,logs/ordered_5b_4g/train_ordered_4g_5b.log
ordered,133500,4.374528,0.8026,0.6493,0.1543,0.2527,0.00175,3.2,logs/ordered_5b_4g/train_ordered_4g_5b.log
ordered,133600,4.3778048,0.8127,0.6534,0.1468,0.2521,0.00176,3.2,logs/ordered_5b_4g/train_ordered_4g_5b.log
ordered,133700,4.3810816,0.7967,0.6499,0.1553,0.2426,0.00176,3.2,logs/ordered_5b_4g/train_ordered_4g_5b.log
ordered,133800,4.3843584,0.8176,0.6535,0.1538,0.259,0.00176,3.3,logs/ordered_5b_4g/train_ordered_4g_5b.log
ordered,133900,4.3876352,0.8109,0.6539,0.1511,0.252,0.00176,3.2,logs/ordered_5b_4g/train_ordered_4g_5b.log
ordered,134000,4.390912,0.8023,0.6511,0.1574,0.2483,0.00176,3.2,logs/ordered_5b_4g/train_ordered_4g_5b.log
ordered,134100,4.3941888,0.8057,0.6513,0.1544,0.2456,0.00176,3.2,logs/ordered_5b_4g/train_ordered_4g_5b.log
ordered,134200,4.3974656,0.8099,0.6539,0.1482,0.2509,0.00176,3.2,logs/ordered_5b_4g/train_ordered_4g_5b.log
ordered,134300,4.4007424,0.8096,0.6512,0.1526,0.2489,0.00177,3.2,logs/ordered_5b_4g/train_ordered_4g_5b.log
ordered,134400,4.4040192,0.8023,0.6545,0.1558,0.2463,0.00177,3.2,logs/ordered_5b_4g/train_ordered_4g_5b.log
ordered,134500,4.407296,0.8058,0.653,0.1503,0.2478,0.00177,3.2,logs/ordered_5b_4g/train_ordered_4g_5b.log
ordered,134600,4.4105728,0.8007,0.6486,0.1507,0.2453,0.00177,3.2,logs/ordered_5b_4g/train_ordered_4g_5b.log
ordered,134700,4.4138496,0.8165,0.6534,0.1522,0.259,0.00177,3.2,logs/ordered_5b_4g/train_ordered_4g_5b.log
ordered,134800,4.4171264,0.8014,0.6538,0.1522,0.2457,0.00177,3.2,logs/ordered_5b_4g/train_ordered_4g_5b.log
ordered,134900,4.4204032,0.7964,0.6499,0.1509,0.2423,0.00177,3.2,logs/ordered_5b_4g/train_ordered_4g_5b.log
ordered,135000,4.42368,0.8169,0.6558,0.1513,0.2531,0.00177,3.2,logs/ordered_5b_4g/train_ordered_4g_5b.log
ordered,135100,4.4269568,0.8103,0.6551,0.1527,0.2536,0.00178,3.2,logs/ordered_5b_4g/train_ordered_4g_5b.log
ordered,135200,4.4302336,0.8045,0.65,0.1569,0.2544,0.00178,3.2,logs/ordered_5b_4g/train_ordered_4g_5b.log
ordered,135300,4.4335104,0.8147,0.6522,0.1482,0.2524,0.00178,3.3,logs/ordered_5b_4g/train_ordered_4g_5b.log
ordered,135400,4.4367872,0.8098,0.6553,0.149,0.2497,0.00178,3.2,logs/ordered_5b_4g/train_ordered_4g_5b.log
ordered,135500,4.440064,0.8081,0.6493,0.1569,0.2537,0.00178,3.3,logs/ordered_5b_4g/train_ordered_4g_5b.log
ordered,135600,4.4433408,0.8163,0.6555,0.147,0.2553,0.00178,3.2,logs/ordered_5b_4g/train_ordered_4g_5b.log
ordered,135700,4.4466176,0.8129,0.6502,0.1442,0.2506,0.00178,3.2,logs/ordered_5b_4g/train_ordered_4g_5b.log
ordered,135800,4.4498944,0.8238,0.6562,0.1539,0.2622,0.00179,3.3,logs/ordered_5b_4g/train_ordered_4g_5b.log
ordered,135900,4.4531712,0.802,0.6534,0.1528,0.2473,0.00179,3.2,logs/ordered_5b_4g/train_ordered_4g_5b.log
ordered,136000,4.456448,0.8154,0.6507,0.1464,0.2526,0.00179,3.2,logs/ordered_5b_4g/train_ordered_4g_5b.log
ordered,136100,4.4597248,0.8112,0.655,0.1471,0.2541,0.00179,3.2,logs/ordered_5b_4g/train_ordered_4g_5b.log
ordered,136200,4.4630016,0.8144,0.6533,0.1437,0.2505,0.00179,3.2,logs/ordered_5b_4g/train_ordered_4g_5b.log
ordered,136300,4.4662784,0.8012,0.6477,0.1425,0.2441,0.00179,3.2,logs/ordered_5b_4g/train_ordered_4g_5b.log
ordered,136400,4.4695552,0.8154,0.6573,0.1462,0.2511,0.00179,3.2,logs/ordered_5b_4g/train_ordered_4g_5b.log
ordered,136500,4.472832,0.8022,0.6502,0.1485,0.2469,0.00179,3.2,logs/ordered_5b_4g/train_ordered_4g_5b.log
ordered,136600,4.4761088,0.8116,0.6542,0.1502,0.251,0.0018,3.2,logs/ordered_5b_4g/train_ordered_4g_5b.log
ordered,136700,4.4793856,0.8081,0.6533,0.1483,0.2462,0.0018,3.2,logs/ordered_5b_4g/train_ordered_4g_5b.log
ordered,136800,4.4826624,0.8136,0.6525,0.1466,0.2516,0.0018,3.2,logs/ordered_5b_4g/train_ordered_4g_5b.log
ordered,136900,4.4859392,0.8136,0.6491,0.1537,0.2532,0.0018,3.2,logs/ordered_5b_4g/train_ordered_4g_5b.log
ordered,137000,4.489216,0.8102,0.6507,0.1481,0.2531,0.0018,3.2,logs/ordered_5b_4g/train_ordered_4g_5b.log
ordered,137100,4.4924928,0.8043,0.6533,0.1451,0.249,0.0018,3.3,logs/ordered_5b_4g/train_ordered_4g_5b.log
ordered,137200,4.4957696,0.8224,0.6608,0.1473,0.2587,0.0018,3.2,logs/ordered_5b_4g/train_ordered_4g_5b.log
ordered,137300,4.4990464,0.8022,0.6499,0.1472,0.2464,0.00181,3.2,logs/ordered_5b_4g/train_ordered_4g_5b.log
ordered,137400,4.5023232,0.8054,0.6529,0.1492,0.25,0.00181,3.2,logs/ordered_5b_4g/train_ordered_4g_5b.log
ordered,137500,4.5056,0.8181,0.6554,0.1503,0.2552,0.00181,3.2,logs/ordered_5b_4g/train_ordered_4g_5b.log
ordered,137600,4.5088768,0.817,0.6543,0.1415,0.2551,0.00181,3.2,logs/ordered_5b_4g/train_ordered_4g_5b.log
ordered,137700,4.5121536,0.8049,0.6517,0.1504,0.2468,0.00181,3.2,logs/ordered_5b_4g/train_ordered_4g_5b.log
ordered,137800,4.5154304,0.8049,0.6545,0.1501,0.2475,0.00181,3.3,logs/ordered_5b_4g/train_ordered_4g_5b.log
ordered,137900,4.5187072,0.8188,0.6575,0.1519,0.2559,0.00181,3.2,logs/ordered_5b_4g/train_ordered_4g_5b.log
ordered,138000,4.521984,0.8027,0.6484,0.1536,0.2488,0.00181,3.2,logs/ordered_5b_4g/train_ordered_4g_5b.log
ordered,138100,4.5252608,0.8025,0.6476,0.1446,0.2484,0.00182,3.2,logs/ordered_5b_4g/train_ordered_4g_5b.log
ordered,138200,4.5285376,0.8107,0.6496,0.1407,0.2544,0.00182,3.2,logs/ordered_5b_4g/train_ordered_4g_5b.log
ordered,138300,4.5318144,0.8146,0.656,0.1474,0.2508,0.00182,3.3,logs/ordered_5b_4g/train_ordered_4g_5b.log
ordered,138400,4.5350912,0.8044,0.6533,0.1498,0.2499,0.00182,3.2,logs/ordered_5b_4g/train_ordered_4g_5b.log
ordered,138500,4.538368,0.8042,0.6549,0.1469,0.2525,0.00182,3.3,logs/ordered_5b_4g/train_ordered_4g_5b.log
ordered,138600,4.5416448,0.7976,0.6459,0.1491,0.2437,0.00182,3.2,logs/ordered_5b_4g/train_ordered_4g_5b.log
ordered,138700,4.5449216,0.8043,0.6539,0.1516,0.252,0.00182,3.2,logs/ordered_5b_4g/train_ordered_4g_5b.log
ordered,138800,4.5481984,0.8083,0.6529,0.1514,0.2507,0.00182,3.2,logs/ordered_5b_4g/train_ordered_4g_5b.log
ordered,138900,4.5514752,0.8051,0.6507,0.1481,0.252,0.00183,3.2,logs/ordered_5b_4g/train_ordered_4g_5b.log
ordered,139000,4.554752,0.8091,0.6527,0.1553,0.253,0.00183,3.2,logs/ordered_5b_4g/train_ordered_4g_5b.log
ordered,139100,4.5580288,0.8135,0.6494,0.1478,0.2559,0.00183,3.2,logs/ordered_5b_4g/train_ordered_4g_5b.log
ordered,139200,4.5613056,0.8096,0.6527,0.1468,0.2498,0.00183,3.2,logs/ordered_5b_4g/train_ordered_4g_5b.log
ordered,139300,4.5645824,0.8044,0.6535,0.1468,0.2472,0.00183,3.2,logs/ordered_5b_4g/train_ordered_4g_5b.log
ordered,139400,4.5678592,0.807,0.6531,0.1536,0.25,0.00183,3.3,logs/ordered_5b_4g/train_ordered_4g_5b.log
ordered,139500,4.571136,0.801,0.652,0.1425,0.2465,0.00183,3.2,logs/ordered_5b_4g/train_ordered_4g_5b.log
ordered,139600,4.5744128,0.8106,0.6521,0.1462,0.2537,0.00184,3.2,logs/ordered_5b_4g/train_ordered_4g_5b.log
ordered,139700,4.5776896,0.8061,0.6484,0.1498,0.248,0.00184,3.2,logs/ordered_5b_4g/train_ordered_4g_5b.log
ordered,139800,4.5809664,0.8033,0.6539,0.1525,0.2473,0.00184,3.3,logs/ordered_5b_4g/train_ordered_4g_5b.log
ordered,139900,4.5842432,0.7995,0.647,0.1543,0.2433,0.00184,3.2,logs/ordered_5b_4g/train_ordered_4g_5b.log
ordered,140000,4.58752,0.811,0.6485,0.1425,0.2497,0.00184,3.2,logs/ordered_5b_4g/train_ordered_4g_5b.log
ordered,140100,4.5907968,0.807,0.6506,0.1473,0.2521,0.00184,3.2,logs/ordered_5b_4g/train_ordered_4g_5b.log
ordered,140200,4.5940736,0.79,0.6488,0.1503,0.2422,0.00184,3.2,logs/ordered_5b_4g/train_ordered_4g_5b.log
ordered,140300,4.5973504,0.813,0.6527,0.1468,0.2536,0.00184,3.3,logs/ordered_5b_4g/train_ordered_4g_5b.log
ordered,140400,4.6006272,0.8005,0.65,0.1506,0.2478,0.00185,3.2,logs/ordered_5b_4g/train_ordered_4g_5b.log
ordered,140500,4.603904,0.8064,0.6524,0.15,0.2476,0.00185,3.2,logs/ordered_5b_4g/train_ordered_4g_5b.log
ordered,140600,4.6071808,0.8085,0.6523,0.151,0.2553,0.00185,3.2,logs/ordered_5b_4g/train_ordered_4g_5b.log
ordered,140700,4.6104576,0.8043,0.6521,0.1455,0.2454,0.00185,3.2,logs/ordered_5b_4g/train_ordered_4g_5b.log
ordered,140800,4.6137344,0.802,0.6498,0.1444,0.2469,0.00185,3.3,logs/ordered_5b_4g/train_ordered_4g_5b.log
ordered,140900,4.6170112,0.8068,0.6562,0.1459,0.2512,0.00185,3.2,logs/ordered_5b_4g/train_ordered_4g_5b.log
ordered,141000,4.620288,0.7907,0.6457,0.1507,0.2388,0.00185,3.2,logs/ordered_5b_4g/train_ordered_4g_5b.log
ordered,141100,4.6235648,0.8065,0.6524,0.1449,0.2501,0.00185,3.2,logs/ordered_5b_4g/train_ordered_4g_5b.log
ordered,141200,4.6268416,0.8076,0.651,0.1494,0.2541,0.00186,3.2,logs/ordered_5b_4g/train_ordered_4g_5b.log
ordered,141300,4.6301184,0.8087,0.6564,0.1489,0.2461,0.00186,3.3,logs/ordered_5b_4g/train_ordered_4g_5b.log
ordered,141400,4.6333952,0.8149,0.6523,0.1493,0.257,0.00186,3.2,logs/ordered_5b_4g/train_ordered_4g_5b.log
ordered,141500,4.636672,0.8013,0.6485,0.1454,0.2452,0.00186,3.2,logs/ordered_5b_4g/train_ordered_4g_5b.log
ordered,141600,4.6399488,0.8099,0.6516,0.146,0.2515,0.00186,3.2,logs/ordered_5b_4g/train_ordered_4g_5b.log
ordered,141700,4.6432256,0.8034,0.6545,0.1493,0.2502,0.00186,3.2,logs/ordered_5b_4g/train_ordered_4g_5b.log
ordered,141800,4.6465024,0.8,0.6529,0.1437,0.2433,0.00186,3.2,logs/ordered_5b_4g/train_ordered_4g_5b.log
ordered,141900,4.6497792,0.8033,0.6558,0.1526,0.2528,0.00187,3.2,logs/ordered_5b_4g/train_ordered_4g_5b.log
ordered,142000,4.653056,0.801,0.6542,0.1458,0.2437,0.00187,3.2,logs/ordered_5b_4g/train_ordered_4g_5b.log
ordered,142100,4.6563328,0.8001,0.6487,0.1514,0.247,0.00187,3.2,logs/ordered_5b_4g/train_ordered_4g_5b.log
ordered,142200,4.6596096,0.8168,0.6531,0.1437,0.2564,0.00187,3.3,logs/ordered_5b_4g/train_ordered_4g_5b.log
ordered,142300,4.6628864,0.8023,0.651,0.1478,0.2441,0.00187,3.3,logs/ordered_5b_4g/train_ordered_4g_5b.log
ordered,142400,4.6661632,0.8105,0.6581,0.1459,0.2487,0.00187,3.2,logs/ordered_5b_4g/train_ordered_4g_5b.log
ordered,142500,4.66944,0.8056,0.6495,0.1531,0.2521,0.00187,3.3,logs/ordered_5b_4g/train_ordered_4g_5b.log
ordered,142600,4.6727168,0.8146,0.6534,0.141,0.2486,0.00187,3.2,logs/ordered_5b_4g/train_ordered_4g_5b.log
ordered,142700,4.6759936,0.8009,0.6459,0.1495,0.2475,0.00188,3.3,logs/ordered_5b_4g/train_ordered_4g_5b.log
ordered,142800,4.6792704,0.8138,0.6542,0.145,0.2527,0.00188,3.3,logs/ordered_5b_4g/train_ordered_4g_5b.log
ordered,142900,4.6825472,0.8017,0.6498,0.1438,0.2452,0.00188,3.2,logs/ordered_5b_4g/train_ordered_4g_5b.log
ordered,143000,4.685824,0.7998,0.6486,0.1506,0.2434,0.00188,3.2,logs/ordered_5b_4g/train_ordered_4g_5b.log
ordered,143100,4.6891008,0.8075,0.6517,0.1428,0.2507,0.00188,3.2,logs/ordered_5b_4g/train_ordered_4g_5b.log
ordered,143200,4.6923776,0.8087,0.6531,0.1515,0.2543,0.00188,3.2,logs/ordered_5b_4g/train_ordered_4g_5b.log
ordered,143300,4.6956544,0.8048,0.6487,0.1434,0.2476,0.00188,3.3,logs/ordered_5b_4g/train_ordered_4g_5b.log
ordered,143400,4.6989312,0.8002,0.6468,0.143,0.2466,0.00189,3.2,logs/ordered_5b_4g/train_ordered_4g_5b.log
ordered,143500,4.702208,0.8019,0.6459,0.1502,0.2515,0.00189,3.2,logs/ordered_5b_4g/train_ordered_4g_5b.log
ordered,143600,4.7054848,0.8049,0.65,0.1478,0.2512,0.00189,3.2,logs/ordered_5b_4g/train_ordered_4g_5b.log
ordered,143700,4.7087616,0.8176,0.654,0.1459,0.2532,0.00189,3.2,logs/ordered_5b_4g/train_ordered_4g_5b.log
ordered,143800,4.7120384,0.805,0.653,0.151,0.2507,0.00189,3.2,logs/ordered_5b_4g/train_ordered_4g_5b.log
ordered,143900,4.7153152,0.8165,0.653,0.1444,0.2541,0.00189,3.3,logs/ordered_5b_4g/train_ordered_4g_5b.log
ordered,144000,4.718592,0.8159,0.6494,0.1477,0.2595,0.00189,3.2,logs/ordered_5b_4g/train_ordered_4g_5b.log
ordered,144100,4.7218688,0.7984,0.6478,0.1509,0.247,0.00189,3.3,logs/ordered_5b_4g/train_ordered_4g_5b.log
ordered,144200,4.7251456,0.8127,0.6502,0.1466,0.2518,0.0019,3.2,logs/ordered_5b_4g/train_ordered_4g_5b.log
ordered,144300,4.7284224,0.8062,0.6514,0.1499,0.25,0.0019,3.3,logs/ordered_5b_4g/train_ordered_4g_5b.log
ordered,144400,4.7316992,0.8085,0.6479,0.1455,0.251,0.0019,3.2,logs/ordered_5b_4g/train_ordered_4g_5b.log
ordered,144500,4.734976,0.7938,0.6508,0.1502,0.2411,0.0019,3.2,logs/ordered_5b_4g/train_ordered_4g_5b.log
ordered,144600,4.7382528,0.8027,0.6509,0.1435,0.2485,0.0019,3.2,logs/ordered_5b_4g/train_ordered_4g_5b.log
ordered,144700,4.7415296,0.7987,0.6504,0.1489,0.2454,0.0019,3.3,logs/ordered_5b_4g/train_ordered_4g_5b.log
ordered,144800,4.7448064,0.8022,0.6523,0.146,0.2473,0.0019,3.3,logs/ordered_5b_4g/train_ordered_4g_5b.log
ordered,144900,4.7480832,0.8234,0.6581,0.144,0.2601,0.0019,3.2,logs/ordered_5b_4g/train_ordered_4g_5b.log
ordered,145000,4.75136,0.8062,0.6533,0.1411,0.2488,0.00191,3.2,logs/ordered_5b_4g/train_ordered_4g_5b.log
ordered,145100,4.7546368,0.8117,0.6528,0.15,0.2555,0.00191,3.2,logs/ordered_5b_4g/train_ordered_4g_5b.log
ordered,145200,4.7579136,0.797,0.6485,0.1444,0.2499,0.00191,3.2,logs/ordered_5b_4g/train_ordered_4g_5b.log
ordered,145300,4.7611904,0.8006,0.6458,0.1485,0.2501,0.00191,3.2,logs/ordered_5b_4g/train_ordered_4g_5b.log
ordered,145400,4.7644672,0.8026,0.6499,0.1412,0.243,0.00191,3.2,logs/ordered_5b_4g/train_ordered_4g_5b.log
ordered,145500,4.767744,0.8152,0.6561,0.1428,0.2517,0.00191,3.2,logs/ordered_5b_4g/train_ordered_4g_5b.log
ordered,145600,4.7710208,0.803,0.6516,0.1487,0.2459,0.00191,3.2,logs/ordered_5b_4g/train_ordered_4g_5b.log
ordered,145700,4.7742976,0.8067,0.6555,0.149,0.2545,0.00192,3.2,logs/ordered_5b_4g/train_ordered_4g_5b.log
ordered,145800,4.7775744,0.7976,0.6483,0.1469,0.25,0.00192,3.3,logs/ordered_5b_4g/train_ordered_4g_5b.log
ordered,145900,4.7808512,0.799,0.6469,0.1502,0.2462,0.00192,3.2,logs/ordered_5b_4g/train_ordered_4g_5b.log
ordered,146000,4.784128,0.804,0.6505,0.1423,0.2501,0.00192,3.2,logs/ordered_5b_4g/train_ordered_4g_5b.log
ordered,146100,4.7874048,0.8006,0.6498,0.1456,0.2475,0.00192,3.2,logs/ordered_5b_4g/train_ordered_4g_5b.log
ordered,146200,4.7906816,0.7931,0.648,0.1449,0.2422,0.00192,3.2,logs/ordered_5b_4g/train_ordered_4g_5b.log
ordered,146300,4.7939584,0.7998,0.6487,0.1448,0.2476,0.00192,3.3,logs/ordered_5b_4g/train_ordered_4g_5b.log
ordered,146400,4.7972352,0.8006,0.6507,0.1527,0.2471,0.00192,3.3,logs/ordered_5b_4g/train_ordered_4g_5b.log
ordered,146500,4.800512,0.8013,0.6509,0.149,0.2487,0.00193,3.2,logs/ordered_5b_4g/train_ordered_4g_5b.log
ordered,146600,4.8037888,0.8035,0.6506,0.1473,0.2507,0.00193,3.2,logs/ordered_5b_4g/train_ordered_4g_5b.log
ordered,146700,4.8070656,0.803,0.6497,0.1461,0.2458,0.00193,3.2,logs/ordered_5b_4g/train_ordered_4g_5b.log
ordered,146800,4.8103424,0.801,0.651,0.1439,0.2478,0.00193,3.2,logs/ordered_5b_4g/train_ordered_4g_5b.log
ordered,146900,4.8136192,0.7993,0.6498,0.1519,0.247,0.00193,3.2,logs/ordered_5b_4g/train_ordered_4g_5b.log
ordered,147000,4.816896,0.8107,0.6526,0.138,0.249,0.00193,3.2,logs/ordered_5b_4g/train_ordered_4g_5b.log
ordered,147100,4.8201728,0.8024,0.6463,0.1419,0.2519,0.00193,3.2,logs/ordered_5b_4g/train_ordered_4g_5b.log
ordered,147200,4.8234496,0.8036,0.6534,0.1454,0.2453,0.00194,3.2,logs/ordered_5b_4g/train_ordered_4g_5b.log
ordered,147300,4.8267264,0.8072,0.6461,0.1437,0.2503,0.00194,3.2,logs/ordered_5b_4g/train_ordered_4g_5b.log
ordered,147400,4.8300032,0.8004,0.6489,0.1479,0.2477,0.00194,3.2,logs/ordered_5b_4g/train_ordered_4g_5b.log
ordered,147500,4.83328,0.8018,0.6498,0.1483,0.2456,0.00194,3.2,logs/ordered_5b_4g/train_ordered_4g_5b.log
ordered,147600,4.8365568,0.7933,0.6518,0.1479,0.2405,0.00194,3.2,logs/ordered_5b_4g/train_ordered_4g_5b.log
ordered,147700,4.8398336,0.7998,0.6437,0.1433,0.2463,0.00194,3.2,logs/ordered_5b_4g/train_ordered_4g_5b.log
ordered,147800,4.8431104,0.7987,0.6514,0.1501,0.251,0.00194,3.2,logs/ordered_5b_4g/train_ordered_4g_5b.log
ordered,147900,4.8463872,0.7995,0.6496,0.1442,0.2443,0.00194,3.2,logs/ordered_5b_4g/train_ordered_4g_5b.log
ordered,148000,4.849664,0.7983,0.6494,0.1423,0.2434,0.00195,3.2,logs/ordered_5b_4g/train_ordered_4g_5b.log
ordered,148100,4.8529408,0.798,0.647,0.1476,0.2482,0.00195,3.2,logs/ordered_5b_4g/train_ordered_4g_5b.log
ordered,148200,4.8562176,0.7884,0.6525,0.1449,0.2376,0.00195,3.2,logs/ordered_5b_4g/train_ordered_4g_5b.log
ordered,148300,4.8594944,0.8029,0.6491,0.147,0.2425,0.00195,3.2,logs/ordered_5b_4g/train_ordered_4g_5b.log
ordered,148400,4.8627712,0.795,0.6495,0.1454,0.2425,0.00195,3.2,logs/ordered_5b_4g/train_ordered_4g_5b.log
ordered,148500,4.866048,0.8151,0.6557,0.1404,0.2566,0.00195,3.2,logs/ordered_5b_4g/train_ordered_4g_5b.log
ordered,148600,4.8693248,0.8006,0.6528,0.1421,0.2456,0.00195,3.2,logs/ordered_5b_4g/train_ordered_4g_5b.log
ordered,148700,4.8726016,0.8037,0.6448,0.1427,0.2449,0.00195,3.2,logs/ordered_5b_4g/train_ordered_4g_5b.log
ordered,148800,4.8758784,0.8137,0.6512,0.1424,0.2549,0.00196,3.2,logs/ordered_5b_4g/train_ordered_4g_5b.log
ordered,148900,4.8791552,0.8112,0.6518,0.141,0.25,0.00196,3.2,logs/ordered_5b_4g/train_ordered_4g_5b.log
ordered,149000,4.882432,0.8054,0.6488,0.1459,0.249,0.00196,3.2,logs/ordered_5b_4g/train_ordered_4g_5b.log
ordered,149100,4.8857088,0.8066,0.6528,0.1495,0.2498,0.00196,3.2,logs/ordered_5b_4g/train_ordered_4g_5b.log
ordered,149200,4.8889856,0.817,0.6514,0.1474,0.2575,0.00196,3.2,logs/ordered_5b_4g/train_ordered_4g_5b.log
ordered,149300,4.8922624,0.8063,0.6518,0.1466,0.2505,0.00196,3.2,logs/ordered_5b_4g/train_ordered_4g_5b.log
ordered,149400,4.8955392,0.8032,0.6496,0.1448,0.2485,0.00196,3.2,logs/ordered_5b_4g/train_ordered_4g_5b.log
ordered,149500,4.898816,0.8018,0.6534,0.1441,0.2455,0.00197,3.2,logs/ordered_5b_4g/train_ordered_4g_5b.log
ordered,149600,4.9020928,0.8066,0.6519,0.1434,0.254,0.00197,3.2,logs/ordered_5b_4g/train_ordered_4g_5b.log
ordered,149700,4.9053696,0.7954,0.6503,0.1464,0.2469,0.00197,3.2,logs/ordered_5b_4g/train_ordered_4g_5b.log
ordered,149800,4.9086464,0.8124,0.6511,0.1408,0.2509,0.00197,3.3,logs/ordered_5b_4g/train_ordered_4g_5b.log
ordered,149900,4.9119232,0.7977,0.6471,0.1447,0.2486,0.00197,3.2,logs/ordered_5b_4g/train_ordered_4g_5b.log
ordered,150000,4.9152,0.8012,0.6501,0.138,0.2432,0.00197,3.2,logs/ordered_5b_4g/train_ordered_4g_5b.log
ordered,150100,4.9184768,0.8015,0.6507,0.1449,0.2485,0.00197,3.2,logs/ordered_5b_4g/train_ordered_4g_5b.log
ordered,150200,4.9217536,0.7964,0.6488,0.1415,0.2445,0.00197,3.2,logs/ordered_5b_4g/train_ordered_4g_5b.log
ordered,150300,4.9250304,0.7934,0.6448,0.1419,0.2465,0.00198,3.2,logs/ordered_5b_4g/train_ordered_4g_5b.log
ordered,150400,4.9283072,0.7965,0.6494,0.1454,0.2469,0.00198,3.2,logs/ordered_5b_4g/train_ordered_4g_5b.log
ordered,150500,4.931584,0.8061,0.6526,0.1396,0.2504,0.00198,3.2,logs/ordered_5b_4g/train_ordered_4g_5b.log
ordered,150600,4.9348608,0.8053,0.6503,0.141,0.2494,0.00198,3.2,logs/ordered_5b_4g/train_ordered_4g_5b.log
ordered,150700,4.9381376,0.8087,0.6571,0.1492,0.2528,0.00198,3.2,logs/ordered_5b_4g/train_ordered_4g_5b.log
ordered,150800,4.9414144,0.802,0.648,0.1426,0.2454,0.00198,3.2,logs/ordered_5b_4g/train_ordered_4g_5b.log
ordered,150900,4.9446912,0.8069,0.6495,0.1445,0.251,0.00198,3.2,logs/ordered_5b_4g/train_ordered_4g_5b.log
ordered,151000,4.947968,0.801,0.6519,0.144,0.2457,0.00199,3.2,logs/ordered_5b_4g/train_ordered_4g_5b.log
ordered,151100,4.9512448,0.8079,0.6502,0.1451,0.2522,0.00199,3.2,logs/ordered_5b_4g/train_ordered_4g_5b.log
ordered,151200,4.9545216,0.8003,0.6522,0.1444,0.2456,0.00199,3.2,logs/ordered_5b_4g/train_ordered_4g_5b.log
ordered,151300,4.9577984,0.8059,0.6504,0.1424,0.2522,0.00199,3.3,logs/ordered_5b_4g/train_ordered_4g_5b.log
ordered,151400,4.9610752,0.7946,0.6435,0.143,0.2425,0.00199,3.2,logs/ordered_5b_4g/train_ordered_4g_5b.log
ordered,151500,4.964352,0.803,0.6537,0.1409,0.2469,0.00199,3.2,logs/ordered_5b_4g/train_ordered_4g_5b.log
ordered,151600,4.9676288,0.8056,0.6491,0.1369,0.2482,0.00199,3.2,logs/ordered_5b_4g/train_ordered_4g_5b.log
ordered,151700,4.9709056,0.7964,0.647,0.1439,0.2432,0.00199,3.2,logs/ordered_5b_4g/train_ordered_4g_5b.log
ordered,151800,4.9741824,0.7927,0.6441,0.1378,0.2404,0.002,3.3,logs/ordered_5b_4g/train_ordered_4g_5b.log
ordered,151900,4.9774592,0.8162,0.6592,0.1429,0.2544,0.002,3.3,logs/ordered_5b_4g/train_ordered_4g_5b.log
ordered,152000,4.980736,0.8127,0.6507,0.1421,0.2496,0.002,3.2,logs/ordered_5b_4g/train_ordered_4g_5b.log
ordered,152100,4.9840128,0.8098,0.6509,0.1457,0.2497,0.002,3.2,logs/ordered_5b_4g/train_ordered_4g_5b.log
ordered,152200,4.9872896,0.8142,0.6532,0.1393,0.251,0.002,3.2,logs/ordered_5b_4g/train_ordered_4g_5b.log
ordered,152300,4.9905664,0.7989,0.6489,0.1485,0.2465,0.002,3.2,logs/ordered_5b_4g/train_ordered_4g_5b.log
ordered,152400,4.9938432,0.7929,0.6451,0.1526,0.2477,0.002,3.2,logs/ordered_5b_4g/train_ordered_4g_5b.log
ordered,152500,4.99712,0.8064,0.6509,0.1445,0.2547,0.002,3.2,logs/ordered_5b_4g/train_ordered_4g_5b.log
ordered,152592,5.000134656,0.8064,0.6509,0.1445,0.2547,0.002,3.2,logs/ordered_5b_4g/train_ordered_4g_5b.log
register,100,0.0032768,0.6484,0.6991,0.3759,0.0,1.26e-06,3.0,logs/register_5b_4g/train_register_4g_5b.log
register,200,0.0065536,0.652,0.7002,0.3802,0.0,2.52e-06,3.2,logs/register_5b_4g/train_register_4g_5b.log
register,300,0.0098304,0.6475,0.6974,0.3806,0.0,3.79e-06,3.2,logs/register_5b_4g/train_register_4g_5b.log
register,400,0.0131072,0.6434,0.6945,0.3614,0.0,5.26e-06,3.2,logs/register_5b_4g/train_register_4g_5b.log
register,500,0.016384,0.6407,0.6969,0.3296,0.0,6.52e-06,3.2,logs/register_5b_4g/train_register_4g_5b.log
register,600,0.0196608,0.64,0.6982,0.3509,0.0,7.78e-06,3.2,logs/register_5b_4g/train_register_4g_5b.log
register,700,0.0229376,0.6402,0.6983,0.3202,0.0,9.05e-06,3.2,logs/register_5b_4g/train_register_4g_5b.log
register,800,0.0262144,0.6317,0.6966,0.3231,0.0,1.05e-05,3.3,logs/register_5b_4g/train_register_4g_5b.log
register,900,0.0294912,0.6294,0.6972,0.307,0.0,1.18e-05,3.2,logs/register_5b_4g/train_register_4g_5b.log
register,1000,0.032768,0.623,0.6966,0.2994,0.0,1.3e-05,3.2,logs/register_5b_4g/train_register_4g_5b.log
register,1100,0.0360448,0.6197,0.6936,0.2795,0.0,1.43e-05,3.2,logs/register_5b_4g/train_register_4g_5b.log
register,1200,0.0393216,0.6211,0.6953,0.2736,0.0,1.58e-05,3.3,logs/register_5b_4g/train_register_4g_5b.log
register,1300,0.0425984,0.6187,0.6989,0.2657,0.0,1.7e-05,3.3,logs/register_5b_4g/train_register_4g_5b.log
register,1400,0.0458752,0.6178,0.6958,0.2372,0.0,1.83e-05,3.3,logs/register_5b_4g/train_register_4g_5b.log
register,1500,0.049152,0.6112,0.6969,0.2352,0.0,1.96e-05,3.3,logs/register_5b_4g/train_register_4g_5b.log
register,1600,0.0524288,0.6008,0.6883,0.2201,0.0,2.1e-05,3.3,logs/register_5b_4g/train_register_4g_5b.log
register,1700,0.0557056,0.6045,0.6895,0.215,0.0,2.23e-05,3.3,logs/register_5b_4g/train_register_4g_5b.log
register,1800,0.0589824,0.6058,0.692,0.2082,0.0,2.36e-05,3.3,logs/register_5b_4g/train_register_4g_5b.log
register,1900,0.0622592,0.593,0.6883,0.211,0.0,2.48e-05,3.2,logs/register_5b_4g/train_register_4g_5b.log
register,2000,0.065536,0.5973,0.6886,0.1984,0.0,2.63e-05,3.2,logs/register_5b_4g/train_register_4g_5b.log
register,2100,0.0688128,0.5945,0.6894,0.1984,0.0,2.76e-05,3.2,logs/register_5b_4g/train_register_4g_5b.log
register,2200,0.0720896,0.5993,0.6911,0.2019,0.0,2.88e-05,3.2,logs/register_5b_4g/train_register_4g_5b.log
register,2300,0.0753664,0.597,0.6937,0.1919,0.0,3.01e-05,3.3,logs/register_5b_4g/train_register_4g_5b.log
register,2400,0.0786432,0.5961,0.6944,0.186,0.0,3.16e-05,3.2,logs/register_5b_4g/train_register_4g_5b.log
register,2500,0.08192,0.5965,0.6892,0.1867,0.0,3.28e-05,3.2,logs/register_5b_4g/train_register_4g_5b.log
register,2600,0.0851968,0.5951,0.6871,0.1733,0.0,3.41e-05,3.2,logs/register_5b_4g/train_register_4g_5b.log
register,2700,0.0884736,0.6023,0.6932,0.1723,0.0,3.53e-05,3.2,logs/register_5b_4g/train_register_4g_5b.log
register,2800,0.0917504,0.5983,0.6886,0.187,0.0,3.68e-05,3.3,logs/register_5b_4g/train_register_4g_5b.log
register,2900,0.0950272,0.5964,0.6879,0.1711,0.0,3.81e-05,3.2,logs/register_5b_4g/train_register_4g_5b.log
register,3000,0.098304,0.5918,0.6891,0.1849,0.0,3.93e-05,3.2,logs/register_5b_4g/train_register_4g_5b.log
register,3100,0.1015808,0.5938,0.6937,0.1821,0.0,4.06e-05,3.2,logs/register_5b_4g/train_register_4g_5b.log
register,3200,0.1048576,0.5975,0.689,0.1697,0.0,4.21e-05,3.2,logs/register_5b_4g/train_register_4g_5b.log
register,3300,0.1081344,0.59,0.6891,0.1768,0.0,4.33e-05,3.2,logs/register_5b_4g/train_register_4g_5b.log
register,3400,0.1114112,0.5922,0.6898,0.1799,0.0,4.46e-05,3.2,logs/register_5b_4g/train_register_4g_5b.log
register,3500,0.114688,0.5932,0.6903,0.1762,0.0,4.59e-05,3.2,logs/register_5b_4g/train_register_4g_5b.log
register,3600,0.1179648,0.5909,0.6926,0.1942,0.0,4.73e-05,3.2,logs/register_5b_4g/train_register_4g_5b.log
register,3700,0.1212416,0.5921,0.6893,0.1827,0.0,4.86e-05,3.2,logs/register_5b_4g/train_register_4g_5b.log
register,3800,0.1245184,0.5936,0.6901,0.1757,0.0,4.99e-05,3.3,logs/register_5b_4g/train_register_4g_5b.log
register,3900,0.1277952,0.5965,0.6972,0.1787,0.0,5.11e-05,3.2,logs/register_5b_4g/train_register_4g_5b.log
register,4000,0.131072,0.6004,0.6927,0.1659,0.0,5.26e-05,3.2,logs/register_5b_4g/train_register_4g_5b.log
register,4100,0.1343488,0.5898,0.6876,0.1693,0.0,5.38e-05,3.2,logs/register_5b_4g/train_register_4g_5b.log
register,4200,0.1376256,0.5919,0.6871,0.1699,0.0,5.51e-05,3.2,logs/register_5b_4g/train_register_4g_5b.log
register,4300,0.1409024,0.5907,0.6909,0.1717,0.0,5.64e-05,3.2,logs/register_5b_4g/train_register_4g_5b.log
register,4400,0.1441792,0.5993,0.6939,0.1751,0.0,5.78e-05,3.2,logs/register_5b_4g/train_register_4g_5b.log
register,4500,0.147456,0.5948,0.6919,0.1708,0.0,5.91e-05,3.2,logs/register_5b_4g/train_register_4g_5b.log
register,4600,0.1507328,0.5999,0.688,0.1686,0.0,6.04e-05,3.2,logs/register_5b_4g/train_register_4g_5b.log
register,4700,0.1540096,0.5916,0.6881,0.1762,0.0,6.16e-05,3.3,logs/register_5b_4g/train_register_4g_5b.log
register,4800,0.1572864,0.5875,0.6851,0.1724,0.0,6.31e-05,3.3,logs/register_5b_4g/train_register_4g_5b.log
register,4900,0.1605632,0.5922,0.69,0.1748,0.0,6.44e-05,3.2,logs/register_5b_4g/train_register_4g_5b.log
register,5000,0.16384,0.5918,0.6897,0.1719,0.0,6.56e-05,3.3,logs/register_5b_4g/train_register_4g_5b.log
register,5100,0.1671168,0.5939,0.6955,0.1763,0.0,6.69e-05,3.2,logs/register_5b_4g/train_register_4g_5b.log
register,5200,0.1703936,0.5904,0.6855,0.1705,0.0,6.84e-05,3.3,logs/register_5b_4g/train_register_4g_5b.log
register,5300,0.1736704,0.5903,0.6868,0.1723,0.0,6.96e-05,3.3,logs/register_5b_4g/train_register_4g_5b.log
register,5400,0.1769472,0.5927,0.6908,0.1679,0.0,7.09e-05,3.2,logs/register_5b_4g/train_register_4g_5b.log
register,5500,0.180224,0.5919,0.6904,0.1714,0.0,7.21e-05,3.2,logs/register_5b_4g/train_register_4g_5b.log
register,5600,0.1835008,0.5963,0.684,0.1625,0.0,7.36e-05,3.2,logs/register_5b_4g/train_register_4g_5b.log
register,5700,0.1867776,0.5962,0.6902,0.1634,0.0,7.49e-05,3.2,logs/register_5b_4g/train_register_4g_5b.log
register,5800,0.1900544,0.5834,0.6827,0.1764,0.0,7.61e-05,3.2,logs/register_5b_4g/train_register_4g_5b.log
register,5900,0.1933312,0.5881,0.6847,0.1694,0.0,7.74e-05,3.3,logs/register_5b_4g/train_register_4g_5b.log
register,6000,0.196608,0.595,0.6939,0.17,0.0,7.89e-05,3.2,logs/register_5b_4g/train_register_4g_5b.log
register,6100,0.1998848,0.592,0.6895,0.1698,0.0,8.01e-05,3.2,logs/register_5b_4g/train_register_4g_5b.log
register,6200,0.2031616,0.5911,0.6863,0.1698,0.0,8.14e-05,3.2,logs/register_5b_4g/train_register_4g_5b.log
register,6300,0.2064384,0.5925,0.692,0.1692,0.0,8.27e-05,3.3,logs/register_5b_4g/train_register_4g_5b.log
register,6400,0.2097152,0.5922,0.696,0.1724,0.0,8.41e-05,3.2,logs/register_5b_4g/train_register_4g_5b.log
register,6500,0.212992,0.594,0.69,0.1671,0.0,8.54e-05,3.2,logs/register_5b_4g/train_register_4g_5b.log
register,6600,0.2162688,0.5881,0.691,0.1731,0.0,8.67e-05,3.2,logs/register_5b_4g/train_register_4g_5b.log
register,6700,0.2195456,0.5935,0.6884,0.1702,0.0,8.79e-05,3.2,logs/register_5b_4g/train_register_4g_5b.log
register,6800,0.2228224,0.5947,0.6915,0.1714,0.0,8.94e-05,3.3,logs/register_5b_4g/train_register_4g_5b.log
register,6900,0.2260992,0.5852,0.6873,0.1753,0.0,9.07e-05,3.2,logs/register_5b_4g/train_register_4g_5b.log
register,7000,0.229376,0.5942,0.69,0.1697,0.0,9.19e-05,3.2,logs/register_5b_4g/train_register_4g_5b.log
register,7100,0.2326528,0.5914,0.6894,0.1749,0.0,9.32e-05,3.2,logs/register_5b_4g/train_register_4g_5b.log
register,7200,0.2359296,0.5927,0.6883,0.1698,0.0,9.47e-05,3.2,logs/register_5b_4g/train_register_4g_5b.log
register,7300,0.2392064,0.5922,0.6906,0.1662,0.0,9.59e-05,3.3,logs/register_5b_4g/train_register_4g_5b.log
register,7400,0.2424832,0.5931,0.6868,0.1656,0.0,9.72e-05,3.2,logs/register_5b_4g/train_register_4g_5b.log
register,7500,0.24576,0.5906,0.689,0.1645,0.0,9.84e-05,3.2,logs/register_5b_4g/train_register_4g_5b.log
register,7600,0.2490368,0.5863,0.6863,0.1693,0.0,9.99e-05,3.2,logs/register_5b_4g/train_register_4g_5b.log
register,7700,0.2523136,0.5893,0.6833,0.1647,0.0,0.000101,3.2,logs/register_5b_4g/train_register_4g_5b.log
register,7800,0.2555904,0.5933,0.6873,0.1683,0.0,0.000102,3.3,logs/register_5b_4g/train_register_4g_5b.log
register,7900,0.2588672,0.5931,0.6867,0.1703,0.0,0.000104,3.3,logs/register_5b_4g/train_register_4g_5b.log
register,8000,0.262144,0.5865,0.6866,0.1673,0.0,0.000105,3.3,logs/register_5b_4g/train_register_4g_5b.log
register,8100,0.2654208,0.5959,0.6869,0.1672,0.0,0.000106,3.3,logs/register_5b_4g/train_register_4g_5b.log
register,8200,0.2686976,0.5898,0.6869,0.1737,0.0,0.000108,3.2,logs/register_5b_4g/train_register_4g_5b.log
register,8300,0.2719744,0.5869,0.6866,0.1674,0.0,0.000109,3.3,logs/register_5b_4g/train_register_4g_5b.log
register,8400,0.2752512,0.5985,0.6912,0.1683,0.0,0.00011,3.2,logs/register_5b_4g/train_register_4g_5b.log
register,8500,0.278528,0.5926,0.6884,0.1711,0.0,0.000112,3.2,logs/register_5b_4g/train_register_4g_5b.log
register,8600,0.2818048,0.5953,0.6903,0.1681,0.0,0.000113,3.3,logs/register_5b_4g/train_register_4g_5b.log
register,8700,0.2850816,0.5903,0.6898,0.1693,0.0,0.000114,3.2,logs/register_5b_4g/train_register_4g_5b.log
register,8800,0.2883584,0.5844,0.6852,0.1796,0.0,0.000116,3.3,logs/register_5b_4g/train_register_4g_5b.log
register,8900,0.2916352,0.5926,0.6876,0.1663,0.0,0.000117,3.2,logs/register_5b_4g/train_register_4g_5b.log
register,9000,0.294912,0.5911,0.6874,0.1661,0.0,0.000118,3.3,logs/register_5b_4g/train_register_4g_5b.log
register,9100,0.2981888,0.5847,0.682,0.1724,0.0,0.000119,3.2,logs/register_5b_4g/train_register_4g_5b.log
register,9200,0.3014656,0.5904,0.6854,0.1742,0.0,0.000121,3.3,logs/register_5b_4g/train_register_4g_5b.log
register,9300,0.3047424,0.5871,0.6854,0.1711,0.0,0.000122,3.3,logs/register_5b_4g/train_register_4g_5b.log
register,9400,0.3080192,0.591,0.6865,0.1691,0.0,0.000123,3.2,logs/register_5b_4g/train_register_4g_5b.log
register,9500,0.311296,0.5957,0.6912,0.1717,0.0,0.000125,3.2,logs/register_5b_4g/train_register_4g_5b.log
register,9600,0.3145728,0.5953,0.6862,0.1679,0.0,0.000126,3.2,logs/register_5b_4g/train_register_4g_5b.log
register,9700,0.3178496,0.5993,0.6925,0.1689,0.0,0.000127,3.3,logs/register_5b_4g/train_register_4g_5b.log
register,9800,0.3211264,0.591,0.6881,0.1714,0.0,0.000129,3.3,logs/register_5b_4g/train_register_4g_5b.log
register,9900,0.3244032,0.5907,0.6883,0.1718,0.0,0.00013,3.2,logs/register_5b_4g/train_register_4g_5b.log
register,10000,0.32768,0.5901,0.6857,0.1671,0.0,0.000131,3.2,logs/register_5b_4g/train_register_4g_5b.log
register,10100,0.3309568,0.5975,0.6918,0.173,0.0,0.000133,3.3,logs/register_5b_4g/train_register_4g_5b.log
register,10200,0.3342336,0.5896,0.6876,0.1663,0.0,0.000134,3.2,logs/register_5b_4g/train_register_4g_5b.log
register,10300,0.3375104,0.5906,0.6851,0.1745,0.0,0.000135,3.3,logs/register_5b_4g/train_register_4g_5b.log
register,10400,0.3407872,0.596,0.6857,0.1723,0.0,0.000137,3.3,logs/register_5b_4g/train_register_4g_5b.log
register,10500,0.344064,0.5947,0.686,0.1718,0.0,0.000138,3.3,logs/register_5b_4g/train_register_4g_5b.log
register,10600,0.3473408,0.5907,0.6845,0.1725,0.0,0.000139,3.3,logs/register_5b_4g/train_register_4g_5b.log
register,10700,0.3506176,0.5861,0.6909,0.1726,0.0,0.000141,3.2,logs/register_5b_4g/train_register_4g_5b.log
register,10800,0.3538944,0.5912,0.6852,0.1716,0.0,0.000142,3.3,logs/register_5b_4g/train_register_4g_5b.log
register,10900,0.3571712,0.5864,0.6864,0.1715,0.0,0.000143,3.3,logs/register_5b_4g/train_register_4g_5b.log
register,11000,0.360448,0.5972,0.6882,0.1603,0.0,0.000145,3.2,logs/register_5b_4g/train_register_4g_5b.log
register,11100,0.3637248,0.588,0.688,0.1749,0.0,0.000146,3.3,logs/register_5b_4g/train_register_4g_5b.log
register,11200,0.3670016,0.5888,0.6895,0.1779,0.0,0.000147,3.2,logs/register_5b_4g/train_register_4g_5b.log
register,11300,0.3702784,0.5842,0.6849,0.1707,0.0,0.000149,3.3,logs/register_5b_4g/train_register_4g_5b.log
register,11400,0.3735552,0.5931,0.6896,0.1648,0.0,0.00015,3.2,logs/register_5b_4g/train_register_4g_5b.log
register,11500,0.376832,0.5847,0.6887,0.1751,0.0,0.000151,3.2,logs/register_5b_4g/train_register_4g_5b.log
register,11600,0.3801088,0.5924,0.686,0.1599,0.0,0.000153,3.2,logs/register_5b_4g/train_register_4g_5b.log
register,11700,0.3833856,0.5948,0.689,0.1695,0.0,0.000154,3.2,logs/register_5b_4g/train_register_4g_5b.log
register,11800,0.3866624,0.5873,0.6864,0.171,0.0,0.000155,3.3,logs/register_5b_4g/train_register_4g_5b.log
register,11900,0.3899392,0.591,0.6856,0.1798,0.0,0.000156,3.3,logs/register_5b_4g/train_register_4g_5b.log
register,12000,0.393216,0.5877,0.6832,0.1589,0.0,0.000158,3.2,logs/register_5b_4g/train_register_4g_5b.log
register,12100,0.3964928,0.5954,0.6871,0.1604,0.0,0.000159,3.2,logs/register_5b_4g/train_register_4g_5b.log
register,12200,0.3997696,0.5986,0.6912,0.1624,0.0,0.00016,3.2,logs/register_5b_4g/train_register_4g_5b.log
register,12300,0.4030464,0.5888,0.6946,0.172,0.0,0.000162,3.3,logs/register_5b_4g/train_register_4g_5b.log
register,12400,0.4063232,0.5836,0.6811,0.1742,0.0,0.000163,3.2,logs/register_5b_4g/train_register_4g_5b.log
register,12500,0.4096,0.5897,0.6907,0.1698,0.0,0.000164,3.2,logs/register_5b_4g/train_register_4g_5b.log
register,12600,0.4128768,0.5986,0.6888,0.1596,0.0,0.000166,3.2,logs/register_5b_4g/train_register_4g_5b.log
register,12700,0.4161536,0.5905,0.686,0.171,0.0,0.000167,3.2,logs/register_5b_4g/train_register_4g_5b.log
register,12800,0.4194304,0.5855,0.6814,0.1746,0.0,0.000168,3.3,logs/register_5b_4g/train_register_4g_5b.log
register,12900,0.4227072,0.5868,0.687,0.167,0.0,0.00017,3.2,logs/register_5b_4g/train_register_4g_5b.log
register,13000,0.425984,0.5988,0.6913,0.1645,0.0,0.000171,3.2,logs/register_5b_4g/train_register_4g_5b.log
register,13100,0.4292608,0.5942,0.6851,0.1625,0.0,0.000172,3.3,logs/register_5b_4g/train_register_4g_5b.log
register,13200,0.4325376,0.5929,0.685,0.1572,0.0,0.000174,3.3,logs/register_5b_4g/train_register_4g_5b.log
register,13300,0.4358144,0.5957,0.692,0.1637,0.0,0.000175,3.3,logs/register_5b_4g/train_register_4g_5b.log
register,13400,0.4390912,0.5969,0.6914,0.1615,0.0,0.000176,3.3,logs/register_5b_4g/train_register_4g_5b.log
register,13500,0.442368,0.5876,0.6867,0.1695,0.0,0.000177,3.3,logs/register_5b_4g/train_register_4g_5b.log
register,13600,0.4456448,0.5868,0.6866,0.1695,0.0,0.000179,3.3,logs/register_5b_4g/train_register_4g_5b.log
register,13700,0.4489216,0.5922,0.6891,0.1667,0.0,0.00018,3.3,logs/register_5b_4g/train_register_4g_5b.log
register,13800,0.4521984,0.5904,0.6913,0.1736,0.0,0.000181,3.4,logs/register_5b_4g/train_register_4g_5b.log
register,13900,0.4554752,0.5918,0.685,0.1715,0.0,0.000183,3.3,logs/register_5b_4g/train_register_4g_5b.log
register,14000,0.458752,0.5874,0.6858,0.1738,0.0,0.000184,3.3,logs/register_5b_4g/train_register_4g_5b.log
register,14100,0.4620288,0.5847,0.6851,0.1769,0.0,0.000185,3.3,logs/register_5b_4g/train_register_4g_5b.log
register,14200,0.4653056,0.595,0.6864,0.1704,0.0,0.000187,3.3,logs/register_5b_4g/train_register_4g_5b.log
register,14300,0.4685824,0.5933,0.6912,0.1764,0.0,0.000188,3.3,logs/register_5b_4g/train_register_4g_5b.log
register,14400,0.4718592,0.5964,0.6838,0.1625,0.0,0.000189,3.3,logs/register_5b_4g/train_register_4g_5b.log
register,14500,0.475136,0.5907,0.6883,0.1657,0.0,0.000191,3.3,logs/register_5b_4g/train_register_4g_5b.log
register,14600,0.4784128,0.5888,0.6889,0.1732,0.0,0.000192,3.2,logs/register_5b_4g/train_register_4g_5b.log
register,14700,0.4816896,0.5911,0.6909,0.1815,0.0,0.000193,3.3,logs/register_5b_4g/train_register_4g_5b.log
register,14800,0.4849664,0.589,0.686,0.1767,0.0,0.000195,3.3,logs/register_5b_4g/train_register_4g_5b.log
register,14900,0.4882432,0.5852,0.6859,0.1744,0.0,0.000196,3.3,logs/register_5b_4g/train_register_4g_5b.log
register,15000,0.49152,0.5899,0.6866,0.1675,0.0,0.000197,3.3,logs/register_5b_4g/train_register_4g_5b.log
register,15100,0.4947968,0.5914,0.6893,0.1738,0.0,0.000198,3.3,logs/register_5b_4g/train_register_4g_5b.log
register,15200,0.4980736,0.5862,0.6866,0.176,0.0,0.0002,3.3,logs/register_5b_4g/train_register_4g_5b.log
register,15300,0.5013504,0.5858,0.685,0.1664,0.0,0.000201,3.3,logs/register_5b_4g/train_register_4g_5b.log
register,15400,0.5046272,0.5941,0.6904,0.1717,0.0,0.000202,3.3,logs/register_5b_4g/train_register_4g_5b.log
register,15500,0.507904,0.5907,0.6848,0.1681,0.0,0.000204,3.3,logs/register_5b_4g/train_register_4g_5b.log
register,15600,0.5111808,0.583,0.6846,0.1796,0.0,0.000205,3.3,logs/register_5b_4g/train_register_4g_5b.log
register,15700,0.5144576,0.5849,0.682,0.1638,0.0,0.000206,3.3,logs/register_5b_4g/train_register_4g_5b.log
register,15800,0.5177344,0.5947,0.6912,0.1713,0.0,0.000208,3.3,logs/register_5b_4g/train_register_4g_5b.log
register,15900,0.5210112,0.5919,0.6904,0.1696,0.0,0.000209,3.3,logs/register_5b_4g/train_register_4g_5b.log
register,16000,0.524288,0.5946,0.6923,0.1677,0.0,0.00021,3.3,logs/register_5b_4g/train_register_4g_5b.log
register,16100,0.5275648,0.5982,0.6904,0.1742,0.0,0.000212,3.3,logs/register_5b_4g/train_register_4g_5b.log
register,16200,0.5308416,0.5882,0.6894,0.1843,0.0,0.000213,3.3,logs/register_5b_4g/train_register_4g_5b.log
register,16300,0.5341184,0.5924,0.6892,0.1671,0.0,0.000214,3.3,logs/register_5b_4g/train_register_4g_5b.log
register,16400,0.5373952,0.5901,0.6849,0.169,0.0,0.000216,3.3,logs/register_5b_4g/train_register_4g_5b.log
register,16500,0.540672,0.5894,0.6877,0.1638,0.0,0.000217,3.3,logs/register_5b_4g/train_register_4g_5b.log
register,16600,0.5439488,0.5898,0.6872,0.1713,0.0,0.000218,3.3,logs/register_5b_4g/train_register_4g_5b.log
register,16700,0.5472256,0.5949,0.6907,0.1696,0.0,0.000219,3.3,logs/register_5b_4g/train_register_4g_5b.log
register,16800,0.5505024,0.593,0.6886,0.1749,0.0,0.000221,3.3,logs/register_5b_4g/train_register_4g_5b.log
register,16900,0.5537792,0.591,0.6898,0.1687,0.0,0.000222,3.3,logs/register_5b_4g/train_register_4g_5b.log
register,17000,0.557056,0.5953,0.6916,0.1738,0.0,0.000223,3.2,logs/register_5b_4g/train_register_4g_5b.log
register,17100,0.5603328,0.5874,0.6856,0.1705,0.0,0.000225,3.2,logs/register_5b_4g/train_register_4g_5b.log
register,17200,0.5636096,0.5886,0.6816,0.1608,0.0,0.000226,3.3,logs/register_5b_4g/train_register_4g_5b.log
register,17300,0.5668864,0.5934,0.6899,0.1688,0.0,0.000227,3.3,logs/register_5b_4g/train_register_4g_5b.log
register,17400,0.5701632,0.5906,0.6827,0.1715,0.0,0.000229,3.3,logs/register_5b_4g/train_register_4g_5b.log
register,17500,0.57344,0.5898,0.6851,0.1667,0.0,0.00023,3.3,logs/register_5b_4g/train_register_4g_5b.log
register,17600,0.5767168,0.5902,0.6897,0.1781,0.0,0.000231,3.3,logs/register_5b_4g/train_register_4g_5b.log
register,17700,0.5799936,0.5967,0.6934,0.1701,0.0,0.000233,3.3,logs/register_5b_4g/train_register_4g_5b.log
register,17800,0.5832704,0.5896,0.6793,0.163,0.0,0.000234,3.3,logs/register_5b_4g/train_register_4g_5b.log
register,17900,0.5865472,0.5877,0.6826,0.162,0.0,0.000235,3.3,logs/register_5b_4g/train_register_4g_5b.log
register,18000,0.589824,0.5942,0.6875,0.1717,0.0,0.000237,3.2,logs/register_5b_4g/train_register_4g_5b.log
register,18100,0.5931008,0.5871,0.6864,0.1785,0.0,0.000238,3.3,logs/register_5b_4g/train_register_4g_5b.log
register,18200,0.5963776,0.5838,0.6849,0.1739,0.0,0.000239,3.3,logs/register_5b_4g/train_register_4g_5b.log
register,18300,0.5996544,0.5942,0.6945,0.1693,0.0,0.00024,3.4,logs/register_5b_4g/train_register_4g_5b.log
register,18400,0.6029312,0.5914,0.6887,0.1717,0.0,0.000242,3.3,logs/register_5b_4g/train_register_4g_5b.log
register,18500,0.606208,0.5882,0.6896,0.1665,0.0,0.000243,3.3,logs/register_5b_4g/train_register_4g_5b.log
register,18600,0.6094848,0.586,0.6866,0.1711,0.0,0.000244,3.3,logs/register_5b_4g/train_register_4g_5b.log
register,18700,0.6127616,0.5935,0.6896,0.1628,0.0,0.000246,3.3,logs/register_5b_4g/train_register_4g_5b.log
register,18800,0.6160384,0.5927,0.6892,0.1742,0.0,0.000247,3.3,logs/register_5b_4g/train_register_4g_5b.log
register,18900,0.6193152,0.5907,0.6861,0.1747,0.0,0.000248,3.3,logs/register_5b_4g/train_register_4g_5b.log
register,19000,0.622592,0.5976,0.6864,0.1704,0.0,0.00025,3.3,logs/register_5b_4g/train_register_4g_5b.log
register,19100,0.6258688,0.5907,0.6874,0.1729,0.0,0.000251,3.3,logs/register_5b_4g/train_register_4g_5b.log
register,19200,0.6291456,0.5874,0.6883,0.1728,0.0,0.000252,3.3,logs/register_5b_4g/train_register_4g_5b.log
register,19300,0.6324224,0.5883,0.6848,0.1729,0.0,0.000254,3.3,logs/register_5b_4g/train_register_4g_5b.log
register,19400,0.6356992,0.5902,0.6867,0.1717,0.0,0.000255,3.3,logs/register_5b_4g/train_register_4g_5b.log
register,19500,0.638976,0.5916,0.6889,0.1668,0.0,0.000256,3.3,logs/register_5b_4g/train_register_4g_5b.log
register,19600,0.6422528,0.593,0.6829,0.1674,0.0,0.000258,3.3,logs/register_5b_4g/train_register_4g_5b.log
register,19700,0.6455296,0.59,0.6877,0.1733,0.0,0.000259,3.3,logs/register_5b_4g/train_register_4g_5b.log
register,19800,0.6488064,0.5963,0.6984,0.1701,0.0,0.00026,3.3,logs/register_5b_4g/train_register_4g_5b.log
register,19900,0.6520832,0.592,0.6821,0.1649,0.0,0.000261,3.3,logs/register_5b_4g/train_register_4g_5b.log
register,20000,0.65536,0.5949,0.6927,0.1701,0.0,0.000263,3.3,logs/register_5b_4g/train_register_4g_5b.log
register,20100,0.6586368,0.5896,0.6833,0.1708,0.0,0.000264,3.3,logs/register_5b_4g/train_register_4g_5b.log
register,20200,0.6619136,0.5927,0.6888,0.1623,0.0,0.000265,3.3,logs/register_5b_4g/train_register_4g_5b.log
register,20300,0.6651904,0.591,0.6876,0.1622,0.0,0.000267,3.3,logs/register_5b_4g/train_register_4g_5b.log
register,20400,0.6684672,0.5999,0.6924,0.1687,0.0,0.000268,3.3,logs/register_5b_4g/train_register_4g_5b.log
register,20500,0.671744,0.5923,0.6881,0.1689,0.0,0.000269,3.3,logs/register_5b_4g/train_register_4g_5b.log
register,20600,0.6750208,0.5874,0.684,0.1702,0.0,0.000271,3.3,logs/register_5b_4g/train_register_4g_5b.log
register,20700,0.6782976,0.5889,0.6882,0.1713,0.0,0.000272,3.3,logs/register_5b_4g/train_register_4g_5b.log
register,20800,0.6815744,0.5893,0.6847,0.172,0.0,0.000273,3.3,logs/register_5b_4g/train_register_4g_5b.log
register,20900,0.6848512,0.5846,0.6837,0.1759,0.0,0.000275,3.3,logs/register_5b_4g/train_register_4g_5b.log
register,21000,0.688128,0.59,0.6887,0.1756,0.0,0.000276,3.2,logs/register_5b_4g/train_register_4g_5b.log
register,21100,0.6914048,0.5893,0.685,0.1711,0.0,0.000277,3.2,logs/register_5b_4g/train_register_4g_5b.log
register,21200,0.6946816,0.597,0.6873,0.1676,0.0,0.000279,3.3,logs/register_5b_4g/train_register_4g_5b.log
register,21300,0.6979584,0.5962,0.6886,0.1655,0.0,0.00028,3.3,logs/register_5b_4g/train_register_4g_5b.log
register,21400,0.7012352,0.5954,0.6907,0.1643,0.0,0.000281,3.3,logs/register_5b_4g/train_register_4g_5b.log
register,21500,0.704512,0.5894,0.6901,0.1731,0.0,0.000282,3.3,logs/register_5b_4g/train_register_4g_5b.log
register,21600,0.7077888,0.5932,0.6897,0.1676,0.0,0.000284,3.3,logs/register_5b_4g/train_register_4g_5b.log
register,21700,0.7110656,0.5879,0.6827,0.1642,0.0,0.000285,3.3,logs/register_5b_4g/train_register_4g_5b.log
register,21800,0.7143424,0.5973,0.6904,0.1755,0.0,0.000286,3.4,logs/register_5b_4g/train_register_4g_5b.log
register,21900,0.7176192,0.59,0.6851,0.169,0.0,0.000288,3.3,logs/register_5b_4g/train_register_4g_5b.log
register,22000,0.720896,0.5926,0.6849,0.1662,0.0,0.000289,3.3,logs/register_5b_4g/train_register_4g_5b.log
register,22100,0.7241728,0.5882,0.6819,0.1719,0.0,0.00029,3.3,logs/register_5b_4g/train_register_4g_5b.log
register,22200,0.7274496,0.5909,0.6863,0.1773,0.0,0.000292,3.3,logs/register_5b_4g/train_register_4g_5b.log
register,22300,0.7307264,0.5907,0.6889,0.1701,0.0,0.000293,3.4,logs/register_5b_4g/train_register_4g_5b.log
register,22400,0.7340032,0.5911,0.6888,0.1683,0.0,0.000294,3.3,logs/register_5b_4g/train_register_4g_5b.log
register,22500,0.73728,0.5927,0.6863,0.1671,0.0,0.000296,3.3,logs/register_5b_4g/train_register_4g_5b.log
register,22600,0.7405568,0.5902,0.6858,0.1715,0.0,0.000297,3.3,logs/register_5b_4g/train_register_4g_5b.log
register,22700,0.7438336,0.5961,0.6956,0.1728,0.0,0.000298,3.3,logs/register_5b_4g/train_register_4g_5b.log
register,22800,0.7471104,0.5912,0.688,0.171,0.0,0.0003,3.3,logs/register_5b_4g/train_register_4g_5b.log
register,22900,0.7503872,0.5907,0.6914,0.1724,0.0,0.000301,3.3,logs/register_5b_4g/train_register_4g_5b.log
register,23000,0.753664,0.5888,0.6868,0.1735,0.0,0.000302,3.3,logs/register_5b_4g/train_register_4g_5b.log
register,23100,0.7569408,0.5903,0.6874,0.1732,0.0,0.000304,3.3,logs/register_5b_4g/train_register_4g_5b.log
register,23200,0.7602176,0.5879,0.6859,0.1733,0.0,0.000305,3.3,logs/register_5b_4g/train_register_4g_5b.log
register,23300,0.7634944,0.5893,0.6849,0.1714,0.0,0.000306,3.4,logs/register_5b_4g/train_register_4g_5b.log
register,23400,0.7667712,0.5957,0.6901,0.1613,0.0,0.000308,3.3,logs/register_5b_4g/train_register_4g_5b.log
register,23500,0.770048,0.5907,0.6877,0.1665,0.0,0.000309,3.3,logs/register_5b_4g/train_register_4g_5b.log
register,23600,0.7733248,0.5889,0.6825,0.1661,0.0,0.00031,3.2,logs/register_5b_4g/train_register_4g_5b.log
register,23700,0.7766016,0.5879,0.6857,0.1686,0.0,0.000312,3.3,logs/register_5b_4g/train_register_4g_5b.log
register,23800,0.7798784,0.5952,0.6897,0.167,0.0,0.000313,3.3,logs/register_5b_4g/train_register_4g_5b.log
register,23900,0.7831552,0.5861,0.6865,0.1719,0.0,0.000314,3.3,logs/register_5b_4g/train_register_4g_5b.log
register,24000,0.786432,0.598,0.6904,0.1649,0.0,0.000316,3.3,logs/register_5b_4g/train_register_4g_5b.log
register,24100,0.7897088,0.5994,0.6955,0.1716,0.0,0.000317,3.3,logs/register_5b_4g/train_register_4g_5b.log
register,24200,0.7929856,0.5915,0.6909,0.1744,0.0,0.000318,3.3,logs/register_5b_4g/train_register_4g_5b.log
register,24300,0.7962624,0.5872,0.6841,0.1722,0.0,0.000319,3.3,logs/register_5b_4g/train_register_4g_5b.log
register,24400,0.7995392,0.5865,0.6855,0.1716,0.0,0.000321,3.3,logs/register_5b_4g/train_register_4g_5b.log
register,24500,0.802816,0.5984,0.6883,0.1693,0.0,0.000322,3.2,logs/register_5b_4g/train_register_4g_5b.log
register,24600,0.8060928,0.5882,0.6893,0.1672,0.0,0.000323,3.3,logs/register_5b_4g/train_register_4g_5b.log
register,24700,0.8093696,0.5949,0.6901,0.1695,0.0,0.000325,3.3,logs/register_5b_4g/train_register_4g_5b.log
register,24800,0.8126464,0.5873,0.6858,0.1696,0.0,0.000326,3.3,logs/register_5b_4g/train_register_4g_5b.log
register,24900,0.8159232,0.5963,0.69,0.1682,0.0,0.000327,3.3,logs/register_5b_4g/train_register_4g_5b.log
register,25000,0.8192,0.5972,0.6878,0.1596,0.0,0.000329,3.3,logs/register_5b_4g/train_register_4g_5b.log
register,25100,0.8224768,0.5892,0.6872,0.1687,0.0,0.00033,3.3,logs/register_5b_4g/train_register_4g_5b.log
register,25200,0.8257536,0.5886,0.6894,0.1701,0.0,0.000331,3.3,logs/register_5b_4g/train_register_4g_5b.log
register,25300,0.8290304,0.5866,0.6924,0.1769,0.0,0.000333,3.3,logs/register_5b_4g/train_register_4g_5b.log
register,25400,0.8323072,0.5882,0.6839,0.1766,0.0,0.000334,3.2,logs/register_5b_4g/train_register_4g_5b.log
register,25500,0.835584,0.598,0.6875,0.162,0.0,0.000335,3.3,logs/register_5b_4g/train_register_4g_5b.log
register,25600,0.8388608,0.5848,0.6826,0.1726,0.0,0.000337,3.3,logs/register_5b_4g/train_register_4g_5b.log
register,25700,0.8421376,0.5858,0.6872,0.177,0.0,0.000338,3.3,logs/register_5b_4g/train_register_4g_5b.log
register,25800,0.8454144,0.5893,0.6837,0.1748,0.0,0.000339,3.3,logs/register_5b_4g/train_register_4g_5b.log
register,25900,0.8486912,0.5881,0.683,0.1715,0.0,0.00034,3.3,logs/register_5b_4g/train_register_4g_5b.log
register,26000,0.851968,0.5902,0.6835,0.172,0.0,0.000342,3.3,logs/register_5b_4g/train_register_4g_5b.log
register,26100,0.8552448,0.5918,0.6891,0.1688,0.0,0.000343,3.3,logs/register_5b_4g/train_register_4g_5b.log
register,26200,0.8585216,0.5884,0.6817,0.1674,0.0,0.000344,3.3,logs/register_5b_4g/train_register_4g_5b.log
register,26300,0.8617984,0.5936,0.6883,0.1709,0.0,0.000346,3.4,logs/register_5b_4g/train_register_4g_5b.log
register,26400,0.8650752,0.5886,0.6888,0.1735,0.0,0.000347,3.3,logs/register_5b_4g/train_register_4g_5b.log
register,26500,0.868352,0.589,0.6876,0.1744,0.0,0.000348,3.3,logs/register_5b_4g/train_register_4g_5b.log
register,26600,0.8716288,0.5924,0.6877,0.1665,0.0,0.00035,3.3,logs/register_5b_4g/train_register_4g_5b.log
register,26700,0.8749056,0.5926,0.6907,0.1723,0.0,0.000351,3.3,logs/register_5b_4g/train_register_4g_5b.log
register,26800,0.8781824,0.5917,0.6839,0.1694,0.0,0.000352,3.3,logs/register_5b_4g/train_register_4g_5b.log
register,26900,0.8814592,0.5984,0.6914,0.1715,0.0,0.000354,3.3,logs/register_5b_4g/train_register_4g_5b.log
register,27000,0.884736,0.5938,0.6874,0.1563,0.0,0.000355,3.3,logs/register_5b_4g/train_register_4g_5b.log
register,27100,0.8880128,0.5933,0.6849,0.162,0.0,0.000356,3.3,logs/register_5b_4g/train_register_4g_5b.log
register,27200,0.8912896,0.597,0.6878,0.1618,0.0,0.000358,3.3,logs/register_5b_4g/train_register_4g_5b.log
register,27300,0.8945664,0.5887,0.69,0.1794,0.0,0.000359,3.4,logs/register_5b_4g/train_register_4g_5b.log
register,27400,0.8978432,0.5903,0.6826,0.17,0.0,0.00036,3.3,logs/register_5b_4g/train_register_4g_5b.log
register,27500,0.90112,0.5844,0.6815,0.1688,0.0,0.000361,3.3,logs/register_5b_4g/train_register_4g_5b.log
register,27600,0.9043968,0.5927,0.6877,0.1679,0.0,0.000363,3.3,logs/register_5b_4g/train_register_4g_5b.log
register,27700,0.9076736,0.5888,0.6954,0.171,0.0,0.000364,3.3,logs/register_5b_4g/train_register_4g_5b.log
register,27800,0.9109504,0.5922,0.6858,0.171,0.0,0.000365,3.4,logs/register_5b_4g/train_register_4g_5b.log
register,27900,0.9142272,0.5922,0.6875,0.1716,0.0,0.000367,3.3,logs/register_5b_4g/train_register_4g_5b.log
register,28000,0.917504,0.596,0.686,0.1693,0.0,0.000368,3.3,logs/register_5b_4g/train_register_4g_5b.log
register,28100,0.9207808,0.5933,0.6885,0.1715,0.0,0.000369,3.3,logs/register_5b_4g/train_register_4g_5b.log
register,28200,0.9240576,0.5929,0.6927,0.1743,0.0,0.000371,3.3,logs/register_5b_4g/train_register_4g_5b.log
register,28300,0.9273344,0.5912,0.6873,0.1718,0.0,0.000372,3.3,logs/register_5b_4g/train_register_4g_5b.log
register,28400,0.9306112,0.5966,0.6898,0.1649,0.0,0.000373,3.3,logs/register_5b_4g/train_register_4g_5b.log
register,28500,0.933888,0.5966,0.6932,0.1701,0.0,0.000375,3.3,logs/register_5b_4g/train_register_4g_5b.log
register,28600,0.9371648,0.5864,0.6849,0.171,0.0,0.000376,3.3,logs/register_5b_4g/train_register_4g_5b.log
register,28700,0.9404416,0.5918,0.6899,0.1706,0.0,0.000377,3.3,logs/register_5b_4g/train_register_4g_5b.log
register,28800,0.9437184,0.5979,0.6875,0.1648,0.0,0.000379,3.3,logs/register_5b_4g/train_register_4g_5b.log
register,28900,0.9469952,0.5912,0.6891,0.1738,0.0,0.00038,3.3,logs/register_5b_4g/train_register_4g_5b.log
register,29000,0.950272,0.5911,0.6869,0.1749,0.0,0.000381,3.3,logs/register_5b_4g/train_register_4g_5b.log
register,29100,0.9535488,0.5833,0.6881,0.1743,0.0,0.000382,3.3,logs/register_5b_4g/train_register_4g_5b.log
register,29200,0.9568256,0.5918,0.6911,0.1697,0.0,0.000384,3.3,logs/register_5b_4g/train_register_4g_5b.log
register,29300,0.9601024,0.5844,0.6848,0.182,0.0,0.000385,3.4,logs/register_5b_4g/train_register_4g_5b.log
register,29400,0.9633792,0.5897,0.6831,0.1741,0.0,0.000386,3.3,logs/register_5b_4g/train_register_4g_5b.log
register,29500,0.966656,0.5869,0.6891,0.1832,0.0,0.000388,3.3,logs/register_5b_4g/train_register_4g_5b.log
register,29600,0.9699328,0.5953,0.6886,0.1706,0.0,0.000389,3.2,logs/register_5b_4g/train_register_4g_5b.log
register,29700,0.9732096,0.5867,0.6831,0.1704,0.0,0.00039,3.3,logs/register_5b_4g/train_register_4g_5b.log
register,29800,0.9764864,0.5861,0.6859,0.168,0.0,0.000392,3.3,logs/register_5b_4g/train_register_4g_5b.log
register,29900,0.9797632,0.587,0.6864,0.1711,0.0,0.000393,3.3,logs/register_5b_4g/train_register_4g_5b.log
register,30000,0.98304,0.5906,0.6923,0.1755,0.0,0.000394,3.3,logs/register_5b_4g/train_register_4g_5b.log
register,30100,0.9863168,0.5838,0.6849,0.168,0.0,0.000396,3.3,logs/register_5b_4g/train_register_4g_5b.log
register,30200,0.9895936,0.588,0.6838,0.1679,0.0,0.000397,3.3,logs/register_5b_4g/train_register_4g_5b.log
register,30300,0.9928704,0.5883,0.6858,0.1756,0.0,0.000398,3.3,logs/register_5b_4g/train_register_4g_5b.log
register,30400,0.9961472,0.5907,0.6823,0.1761,0.0,0.0004,3.3,logs/register_5b_4g/train_register_4g_5b.log
register,30500,0.999424,0.5948,0.69,0.1649,0.0,0.000401,3.3,logs/register_5b_4g/train_register_4g_5b.log
register,30600,1.0027008,0.5905,0.6861,0.1725,0.0,0.000402,3.3,logs/register_5b_4g/train_register_4g_5b.log
register,30700,1.0059776,0.5919,0.6867,0.1718,0.0,0.000403,3.3,logs/register_5b_4g/train_register_4g_5b.log
register,30800,1.0092544,0.586,0.6884,0.1687,0.0,0.000405,3.4,logs/register_5b_4g/train_register_4g_5b.log
register,30900,1.0125312,0.5946,0.6881,0.169,0.0,0.000406,3.3,logs/register_5b_4g/train_register_4g_5b.log
register,31000,1.015808,0.5887,0.6853,0.1689,0.0,0.000407,3.3,logs/register_5b_4g/train_register_4g_5b.log
register,31100,1.0190848,0.585,0.6828,0.1692,0.0,0.000409,3.3,logs/register_5b_4g/train_register_4g_5b.log
register,31200,1.0223616,0.5898,0.6875,0.1748,0.0,0.00041,3.3,logs/register_5b_4g/train_register_4g_5b.log
register,31300,1.0256384,0.5942,0.6935,0.1705,0.0,0.000411,3.3,logs/register_5b_4g/train_register_4g_5b.log
register,31400,1.0289152,0.5951,0.686,0.1714,0.0,0.000413,3.3,logs/register_5b_4g/train_register_4g_5b.log
register,31500,1.032192,0.5845,0.6825,0.1763,0.0,0.000414,3.3,logs/register_5b_4g/train_register_4g_5b.log
register,31600,1.0354688,0.5845,0.69,0.172,0.0,0.000415,3.2,logs/register_5b_4g/train_register_4g_5b.log
register,31700,1.0387456,0.5806,0.6802,0.1711,0.0,0.000417,3.3,logs/register_5b_4g/train_register_4g_5b.log
register,31800,1.0420224,0.596,0.6893,0.1676,0.0,0.000418,3.3,logs/register_5b_4g/train_register_4g_5b.log
register,31900,1.0452992,0.5917,0.6898,0.17,0.0,0.000419,3.3,logs/register_5b_4g/train_register_4g_5b.log
register,32000,1.048576,0.5931,0.6872,0.1718,0.0,0.000421,3.3,logs/register_5b_4g/train_register_4g_5b.log
register,32100,1.0518528,0.5885,0.6827,0.1725,0.0,0.000422,3.3,logs/register_5b_4g/train_register_4g_5b.log
register,32200,1.0551296,0.5874,0.6853,0.173,0.0,0.000423,3.3,logs/register_5b_4g/train_register_4g_5b.log
register,32300,1.0584064,0.5897,0.6838,0.171,0.0,0.000424,3.3,logs/register_5b_4g/train_register_4g_5b.log
register,32400,1.0616832,0.5865,0.6855,0.1789,0.0,0.000426,3.3,logs/register_5b_4g/train_register_4g_5b.log
register,32500,1.06496,0.5893,0.6842,0.172,0.0,0.000427,3.3,logs/register_5b_4g/train_register_4g_5b.log
register,32600,1.0682368,0.5927,0.6895,0.1776,0.0,0.000428,3.3,logs/register_5b_4g/train_register_4g_5b.log
register,32700,1.0715136,0.5919,0.6862,0.1621,0.0,0.00043,3.3,logs/register_5b_4g/train_register_4g_5b.log
register,32800,1.0747904,0.5927,0.6882,0.174,0.0,0.000431,3.3,logs/register_5b_4g/train_register_4g_5b.log
register,32900,1.0780672,0.5999,0.6897,0.1649,0.0,0.000432,3.3,logs/register_5b_4g/train_register_4g_5b.log
register,33000,1.081344,0.5946,0.6896,0.1746,0.0,0.000434,3.3,logs/register_5b_4g/train_register_4g_5b.log
register,33100,1.0846208,0.5934,0.6875,0.1709,0.0,0.000435,3.3,logs/register_5b_4g/train_register_4g_5b.log
register,33200,1.0878976,0.5874,0.6879,0.1782,0.0,0.000436,3.3,logs/register_5b_4g/train_register_4g_5b.log
register,33300,1.0911744,0.5911,0.688,0.1719,0.0,0.000438,3.3,logs/register_5b_4g/train_register_4g_5b.log
register,33400,1.0944512,0.5911,0.6786,0.1685,0.0,0.000439,3.3,logs/register_5b_4g/train_register_4g_5b.log
register,33500,1.097728,0.5841,0.6842,0.1749,0.0,0.00044,3.3,logs/register_5b_4g/train_register_4g_5b.log
register,33600,1.1010048,0.5848,0.6848,0.1707,0.0,0.000442,3.2,logs/register_5b_4g/train_register_4g_5b.log
register,33700,1.1042816,0.5858,0.6865,0.1757,0.0,0.000443,3.3,logs/register_5b_4g/train_register_4g_5b.log
register,33800,1.1075584,0.5977,0.692,0.1677,0.0,0.000444,3.4,logs/register_5b_4g/train_register_4g_5b.log
register,33900,1.1108352,0.5903,0.6866,0.1732,0.0,0.000446,3.3,logs/register_5b_4g/train_register_4g_5b.log
register,34000,1.114112,0.5871,0.6854,0.1681,0.0,0.000447,3.3,logs/register_5b_4g/train_register_4g_5b.log
register,34100,1.1173888,0.5924,0.6912,0.1725,0.0,0.000448,3.2,logs/register_5b_4g/train_register_4g_5b.log
register,34200,1.1206656,0.5951,0.6863,0.1695,0.0,0.00045,3.3,logs/register_5b_4g/train_register_4g_5b.log
register,34300,1.1239424,0.5864,0.6833,0.1767,0.0,0.000451,3.3,logs/register_5b_4g/train_register_4g_5b.log
register,34400,1.1272192,0.5965,0.6889,0.1637,0.0,0.000452,3.3,logs/register_5b_4g/train_register_4g_5b.log
register,34500,1.130496,0.5896,0.6942,0.1717,0.0,0.000454,3.3,logs/register_5b_4g/train_register_4g_5b.log
register,34600,1.1337728,0.5968,0.6883,0.1668,0.0,0.000455,3.3,logs/register_5b_4g/train_register_4g_5b.log
register,34700,1.1370496,0.5882,0.6887,0.1755,0.0,0.000456,3.3,logs/register_5b_4g/train_register_4g_5b.log
register,34800,1.1403264,0.5915,0.6894,0.1748,0.0,0.000458,3.3,logs/register_5b_4g/train_register_4g_5b.log
register,34900,1.1436032,0.591,0.6847,0.1618,0.0,0.000459,3.3,logs/register_5b_4g/train_register_4g_5b.log
register,35000,1.14688,0.5955,0.6896,0.171,0.0,0.00046,3.3,logs/register_5b_4g/train_register_4g_5b.log
register,35100,1.1501568,0.5929,0.6859,0.1695,0.0,0.000461,3.3,logs/register_5b_4g/train_register_4g_5b.log
register,35200,1.1534336,0.5892,0.6889,0.1684,0.0,0.000463,3.3,logs/register_5b_4g/train_register_4g_5b.log
register,35300,1.1567104,0.5941,0.6881,0.1728,0.0,0.000464,3.3,logs/register_5b_4g/train_register_4g_5b.log
register,35400,1.1599872,0.5933,0.6887,0.1693,0.0,0.000465,3.3,logs/register_5b_4g/train_register_4g_5b.log
register,35500,1.163264,0.5848,0.6844,0.1717,0.0,0.000467,3.3,logs/register_5b_4g/train_register_4g_5b.log
register,35600,1.1665408,0.5936,0.69,0.174,0.0,0.000468,3.3,logs/register_5b_4g/train_register_4g_5b.log
register,35700,1.1698176,0.5906,0.6886,0.1663,0.0,0.000469,3.3,logs/register_5b_4g/train_register_4g_5b.log
register,35800,1.1730944,0.5916,0.6896,0.1775,0.0,0.000471,3.3,logs/register_5b_4g/train_register_4g_5b.log
register,35900,1.1763712,0.593,0.6892,0.1735,0.0,0.000472,3.3,logs/register_5b_4g/train_register_4g_5b.log
register,36000,1.179648,0.5856,0.6833,0.1779,0.0,0.000473,3.3,logs/register_5b_4g/train_register_4g_5b.log
register,36100,1.1829248,0.5962,0.6898,0.1682,0.0,0.000475,3.3,logs/register_5b_4g/train_register_4g_5b.log
register,36200,1.1862016,0.5968,0.6928,0.1806,0.0,0.000476,3.3,logs/register_5b_4g/train_register_4g_5b.log
register,36300,1.1894784,0.5926,0.691,0.1786,0.0,0.000477,3.4,logs/register_5b_4g/train_register_4g_5b.log
register,36400,1.1927552,0.5879,0.6897,0.1832,0.0,0.000479,3.3,logs/register_5b_4g/train_register_4g_5b.log
register,36500,1.196032,0.603,0.6918,0.1656,0.0,0.00048,3.3,logs/register_5b_4g/train_register_4g_5b.log
register,36600,1.1993088,0.5928,0.6915,0.1744,0.0,0.000481,3.3,logs/register_5b_4g/train_register_4g_5b.log
register,36700,1.2025856,0.5891,0.6844,0.1676,0.0,0.000482,3.3,logs/register_5b_4g/train_register_4g_5b.log
register,36800,1.2058624,0.5926,0.6898,0.1724,0.0,0.000484,3.4,logs/register_5b_4g/train_register_4g_5b.log
register,36900,1.2091392,0.5828,0.6849,0.1752,0.0,0.000485,3.2,logs/register_5b_4g/train_register_4g_5b.log
register,37000,1.212416,0.5833,0.6851,0.1779,0.0,0.000486,3.3,logs/register_5b_4g/train_register_4g_5b.log
register,37100,1.2156928,0.5915,0.6825,0.1697,0.0,0.000488,3.3,logs/register_5b_4g/train_register_4g_5b.log
register,37200,1.2189696,0.588,0.6913,0.1683,0.0,0.000489,3.3,logs/register_5b_4g/train_register_4g_5b.log
register,37300,1.2222464,0.5935,0.6898,0.1658,0.0,0.00049,3.3,logs/register_5b_4g/train_register_4g_5b.log
register,37400,1.2255232,0.6011,0.6925,0.1687,0.0,0.000492,3.3,logs/register_5b_4g/train_register_4g_5b.log
register,37500,1.2288,0.59,0.682,0.175,0.0,0.000493,3.2,logs/register_5b_4g/train_register_4g_5b.log
register,37600,1.2320768,0.5907,0.6893,0.1747,0.0,0.000494,3.3,logs/register_5b_4g/train_register_4g_5b.log
register,37700,1.2353536,0.5962,0.6936,0.1735,0.0,0.000496,3.3,logs/register_5b_4g/train_register_4g_5b.log
register,37800,1.2386304,0.6006,0.6935,0.1712,0.0,0.000497,3.3,logs/register_5b_4g/train_register_4g_5b.log
register,37900,1.2419072,0.591,0.6823,0.1726,0.0,0.000498,3.3,logs/register_5b_4g/train_register_4g_5b.log
register,38000,1.245184,0.5909,0.6868,0.1779,0.0,0.0005,3.3,logs/register_5b_4g/train_register_4g_5b.log
register,38100,1.2484608,0.5913,0.6918,0.1773,0.0,0.000501,3.2,logs/register_5b_4g/train_register_4g_5b.log
register,38200,1.2517376,0.5839,0.6829,0.1752,0.0,0.000502,3.3,logs/register_5b_4g/train_register_4g_5b.log
register,38300,1.2550144,0.5902,0.6829,0.1669,0.0,0.000503,3.3,logs/register_5b_4g/train_register_4g_5b.log
register,38400,1.2582912,0.5812,0.6839,0.1813,0.0,0.000505,3.3,logs/register_5b_4g/train_register_4g_5b.log
register,38500,1.261568,0.5899,0.6884,0.1681,0.0,0.000506,3.3,logs/register_5b_4g/train_register_4g_5b.log
register,38600,1.2648448,0.5826,0.6833,0.1718,0.0,0.000507,3.3,logs/register_5b_4g/train_register_4g_5b.log
register,38700,1.2681216,0.5921,0.6911,0.1718,0.0,0.000509,3.3,logs/register_5b_4g/train_register_4g_5b.log
register,38800,1.2713984,0.5906,0.6866,0.1707,0.0,0.00051,3.3,logs/register_5b_4g/train_register_4g_5b.log
register,38900,1.2746752,0.5915,0.692,0.1745,0.0,0.000511,3.3,logs/register_5b_4g/train_register_4g_5b.log
register,39000,1.277952,0.5879,0.6892,0.1774,0.0,0.000513,3.3,logs/register_5b_4g/train_register_4g_5b.log
register,39100,1.2812288,0.592,0.6864,0.1748,0.0,0.000514,3.3,logs/register_5b_4g/train_register_4g_5b.log
register,39200,1.2845056,0.5857,0.6837,0.1788,0.0,0.000515,3.3,logs/register_5b_4g/train_register_4g_5b.log
register,39300,1.2877824,0.5965,0.6916,0.1706,0.0,0.000517,3.3,logs/register_5b_4g/train_register_4g_5b.log
register,39400,1.2910592,0.5913,0.6868,0.1688,0.0,0.000518,3.2,logs/register_5b_4g/train_register_4g_5b.log
register,39500,1.294336,0.5922,0.6898,0.1834,0.0,0.000519,3.3,logs/register_5b_4g/train_register_4g_5b.log
register,39600,1.2976128,0.5885,0.6808,0.1717,0.0,0.000521,3.3,logs/register_5b_4g/train_register_4g_5b.log
register,39700,1.3008896,0.5967,0.6921,0.1708,0.0,0.000522,3.3,logs/register_5b_4g/train_register_4g_5b.log
register,39800,1.3041664,0.595,0.6886,0.1754,0.0,0.000523,3.3,logs/register_5b_4g/train_register_4g_5b.log
register,39900,1.3074432,0.5919,0.6897,0.1778,0.0,0.000524,3.3,logs/register_5b_4g/train_register_4g_5b.log
register,40000,1.31072,0.5945,0.6882,0.1756,0.0,0.000526,3.3,logs/register_5b_4g/train_register_4g_5b.log
register,40100,1.3139968,0.6,0.686,0.1667,0.0,0.000527,3.3,logs/register_5b_4g/train_register_4g_5b.log
register,40200,1.3172736,0.5844,0.6843,0.1741,0.0,0.000528,3.2,logs/register_5b_4g/train_register_4g_5b.log
register,40300,1.3205504,0.5932,0.6957,0.1743,0.0,0.00053,3.3,logs/register_5b_4g/train_register_4g_5b.log
register,40400,1.3238272,0.5896,0.6835,0.1677,0.0,0.000531,3.3,logs/register_5b_4g/train_register_4g_5b.log
register,40500,1.327104,0.5983,0.6915,0.1704,0.0,0.000532,3.2,logs/register_5b_4g/train_register_4g_5b.log
register,40600,1.3303808,0.5858,0.6834,0.1728,0.0,0.000534,3.3,logs/register_5b_4g/train_register_4g_5b.log
register,40700,1.3336576,0.5882,0.6857,0.1705,0.0,0.000535,3.3,logs/register_5b_4g/train_register_4g_5b.log
register,40800,1.3369344,0.5934,0.6899,0.1698,0.0,0.000536,3.4,logs/register_5b_4g/train_register_4g_5b.log
register,40900,1.3402112,0.5937,0.6903,0.1716,0.0,0.000538,3.3,logs/register_5b_4g/train_register_4g_5b.log
register,41000,1.343488,0.5913,0.6861,0.1742,0.0,0.000539,3.3,logs/register_5b_4g/train_register_4g_5b.log
register,41100,1.3467648,0.5907,0.69,0.1811,0.0,0.00054,3.2,logs/register_5b_4g/train_register_4g_5b.log
register,41200,1.3500416,0.5832,0.687,0.1764,0.0,0.000542,3.3,logs/register_5b_4g/train_register_4g_5b.log
register,41300,1.3533184,0.5972,0.6868,0.1732,0.0,0.000543,3.3,logs/register_5b_4g/train_register_4g_5b.log
register,41400,1.3565952,0.5929,0.6868,0.1689,0.0,0.000544,3.4,logs/register_5b_4g/train_register_4g_5b.log
register,41500,1.359872,0.5887,0.6843,0.1679,0.0,0.000545,3.3,logs/register_5b_4g/train_register_4g_5b.log
register,41600,1.3631488,0.5899,0.6895,0.1719,0.0,0.000547,3.2,logs/register_5b_4g/train_register_4g_5b.log
register,41700,1.3664256,0.5908,0.6861,0.1783,0.0,0.000548,3.3,logs/register_5b_4g/train_register_4g_5b.log
register,41800,1.3697024,0.5956,0.6897,0.1729,0.0,0.000549,3.3,logs/register_5b_4g/train_register_4g_5b.log
register,41900,1.3729792,0.5928,0.6889,0.1692,0.0,0.000551,3.3,logs/register_5b_4g/train_register_4g_5b.log
register,42000,1.376256,0.5853,0.6865,0.1722,0.0,0.000552,3.3,logs/register_5b_4g/train_register_4g_5b.log
register,42100,1.3795328,0.5917,0.685,0.1664,0.0,0.000553,3.3,logs/register_5b_4g/train_register_4g_5b.log
register,42200,1.3828096,0.5843,0.6837,0.1717,0.0,0.000555,3.3,logs/register_5b_4g/train_register_4g_5b.log
register,42300,1.3860864,0.5926,0.6908,0.1665,0.0,0.000556,3.4,logs/register_5b_4g/train_register_4g_5b.log
register,42400,1.3893632,0.5986,0.6899,0.1672,0.0,0.000557,3.3,logs/register_5b_4g/train_register_4g_5b.log
register,42500,1.39264,0.5992,0.6926,0.1688,0.0,0.000559,3.4,logs/register_5b_4g/train_register_4g_5b.log
register,42600,1.3959168,0.5895,0.6825,0.1689,0.0,0.00056,3.3,logs/register_5b_4g/train_register_4g_5b.log
register,42700,1.3991936,0.588,0.6856,0.1769,0.0,0.000561,3.3,logs/register_5b_4g/train_register_4g_5b.log
register,42800,1.4024704,0.5941,0.691,0.1779,0.0,0.000563,3.3,logs/register_5b_4g/train_register_4g_5b.log
register,42900,1.4057472,0.5902,0.6887,0.1707,0.0,0.000564,3.3,logs/register_5b_4g/train_register_4g_5b.log
register,43000,1.409024,0.5869,0.6836,0.1752,0.0,0.000565,3.3,logs/register_5b_4g/train_register_4g_5b.log
register,43100,1.4123008,0.5938,0.6875,0.1666,0.0,0.000566,3.3,logs/register_5b_4g/train_register_4g_5b.log
register,43200,1.4155776,0.5951,0.6859,0.1665,0.0,0.000568,3.2,logs/register_5b_4g/train_register_4g_5b.log
register,43300,1.4188544,0.5879,0.6835,0.172,0.0,0.000569,3.3,logs/register_5b_4g/train_register_4g_5b.log
register,43400,1.4221312,0.599,0.6951,0.171,0.0,0.00057,3.3,logs/register_5b_4g/train_register_4g_5b.log
register,43500,1.425408,0.5837,0.679,0.1737,0.0,0.000572,3.3,logs/register_5b_4g/train_register_4g_5b.log
register,43600,1.4286848,0.5878,0.6886,0.176,0.0,0.000573,3.3,logs/register_5b_4g/train_register_4g_5b.log
register,43700,1.4319616,0.5895,0.6906,0.172,0.0,0.000574,3.3,logs/register_5b_4g/train_register_4g_5b.log
register,43800,1.4352384,0.5959,0.6875,0.1704,0.0,0.000576,3.4,logs/register_5b_4g/train_register_4g_5b.log
register,43900,1.4385152,0.5879,0.6855,0.1746,0.0,0.000577,3.3,logs/register_5b_4g/train_register_4g_5b.log
register,44000,1.441792,0.5887,0.6873,0.1783,0.0,0.000578,3.3,logs/register_5b_4g/train_register_4g_5b.log
register,44100,1.4450688,0.5947,0.691,0.1747,0.0,0.00058,3.3,logs/register_5b_4g/train_register_4g_5b.log
register,44200,1.4483456,0.5871,0.684,0.177,0.0,0.000581,3.3,logs/register_5b_4g/train_register_4g_5b.log
register,44300,1.4516224,0.5873,0.685,0.1727,0.0,0.000582,3.3,logs/register_5b_4g/train_register_4g_5b.log
register,44400,1.4548992,0.5942,0.6923,0.174,0.0,0.000584,3.3,logs/register_5b_4g/train_register_4g_5b.log
register,44500,1.458176,0.5923,0.6831,0.1752,0.0,0.000585,3.3,logs/register_5b_4g/train_register_4g_5b.log
register,44600,1.4614528,0.5911,0.6896,0.17,0.0,0.000586,3.2,logs/register_5b_4g/train_register_4g_5b.log
register,44700,1.4647296,0.5954,0.6916,0.1703,0.0,0.000588,3.3,logs/register_5b_4g/train_register_4g_5b.log
register,44800,1.4680064,0.5949,0.6912,0.1667,0.0,0.000589,3.3,logs/register_5b_4g/train_register_4g_5b.log
register,44900,1.4712832,0.5962,0.6866,0.1768,0.0,0.00059,3.2,logs/register_5b_4g/train_register_4g_5b.log
register,45000,1.47456,0.5912,0.6888,0.1758,0.0,0.000592,3.3,logs/register_5b_4g/train_register_4g_5b.log
register,45100,1.4778368,0.5937,0.6886,0.1701,0.0,0.000593,3.3,logs/register_5b_4g/train_register_4g_5b.log
register,45200,1.4811136,0.5884,0.6868,0.1764,0.0,0.000594,3.3,logs/register_5b_4g/train_register_4g_5b.log
register,45300,1.4843904,0.5903,0.6872,0.1703,0.0,0.000595,3.3,logs/register_5b_4g/train_register_4g_5b.log
register,45400,1.4876672,0.5926,0.6895,0.1748,0.0,0.000597,3.3,logs/register_5b_4g/train_register_4g_5b.log
register,45500,1.490944,0.5969,0.6971,0.1721,0.0,0.000598,3.3,logs/register_5b_4g/train_register_4g_5b.log
register,45600,1.4942208,0.5923,0.6926,0.175,0.0,0.000599,3.3,logs/register_5b_4g/train_register_4g_5b.log
register,45700,1.4974976,0.5926,0.6878,0.1739,0.0,0.000601,3.3,logs/register_5b_4g/train_register_4g_5b.log
register,45800,1.5007744,0.5895,0.6862,0.1734,0.0,0.000602,3.3,logs/register_5b_4g/train_register_4g_5b.log
register,45900,1.5040512,0.5922,0.6841,0.1716,0.0,0.000603,3.3,logs/register_5b_4g/train_register_4g_5b.log
register,46000,1.507328,0.5905,0.6844,0.1777,0.0,0.000605,3.3,logs/register_5b_4g/train_register_4g_5b.log
register,46100,1.5106048,0.5847,0.6844,0.1724,0.0,0.000606,3.3,logs/register_5b_4g/train_register_4g_5b.log
register,46200,1.5138816,0.5855,0.6871,0.1787,0.0,0.000607,3.3,logs/register_5b_4g/train_register_4g_5b.log
register,46300,1.5171584,0.5893,0.6861,0.1722,0.0,0.000609,3.4,logs/register_5b_4g/train_register_4g_5b.log
register,46400,1.5204352,0.5903,0.6829,0.168,0.0,0.00061,3.3,logs/register_5b_4g/train_register_4g_5b.log
register,46500,1.523712,0.5962,0.6906,0.1746,0.0,0.000611,3.3,logs/register_5b_4g/train_register_4g_5b.log
register,46600,1.5269888,0.5862,0.6853,0.1788,0.0,0.000613,3.2,logs/register_5b_4g/train_register_4g_5b.log
register,46700,1.5302656,0.5966,0.6944,0.1742,0.0,0.000614,3.3,logs/register_5b_4g/train_register_4g_5b.log
register,46800,1.5335424,0.5928,0.6859,0.174,0.0,0.000615,3.3,logs/register_5b_4g/train_register_4g_5b.log
register,46900,1.5368192,0.5944,0.692,0.1755,0.0,0.000617,3.3,logs/register_5b_4g/train_register_4g_5b.log
register,47000,1.540096,0.5978,0.6904,0.1725,0.0,0.000618,3.3,logs/register_5b_4g/train_register_4g_5b.log
register,47100,1.5433728,0.5914,0.6838,0.1731,0.0,0.000619,3.3,logs/register_5b_4g/train_register_4g_5b.log
register,47200,1.5466496,0.5894,0.6865,0.1722,0.0,0.000621,3.3,logs/register_5b_4g/train_register_4g_5b.log
register,47300,1.5499264,0.5912,0.6923,0.1781,0.0,0.000622,3.3,logs/register_5b_4g/train_register_4g_5b.log
register,47400,1.5532032,0.5956,0.6879,0.1729,0.0,0.000623,3.2,logs/register_5b_4g/train_register_4g_5b.log
register,47500,1.55648,0.5941,0.6916,0.1757,0.0,0.000624,3.3,logs/register_5b_4g/train_register_4g_5b.log
register,47600,1.5597568,0.5964,0.6915,0.1745,0.0,0.000626,3.3,logs/register_5b_4g/train_register_4g_5b.log
register,47700,1.5630336,0.596,0.6893,0.17,0.0,0.000627,3.3,logs/register_5b_4g/train_register_4g_5b.log
register,47800,1.5663104,0.5941,0.6883,0.1738,0.0,0.000628,3.3,logs/register_5b_4g/train_register_4g_5b.log
register,47900,1.5695872,0.5863,0.6844,0.1678,0.0,0.00063,3.3,logs/register_5b_4g/train_register_4g_5b.log
register,48000,1.572864,0.5898,0.6841,0.1771,0.0,0.000631,3.3,logs/register_5b_4g/train_register_4g_5b.log
register,48100,1.5761408,0.5905,0.6821,0.1703,0.0,0.000632,3.3,logs/register_5b_4g/train_register_4g_5b.log
register,48200,1.5794176,0.5898,0.6908,0.1697,0.0,0.000634,3.3,logs/register_5b_4g/train_register_4g_5b.log
register,48300,1.5826944,0.5923,0.6851,0.172,0.0,0.000635,3.3,logs/register_5b_4g/train_register_4g_5b.log
register,48400,1.5859712,0.5942,0.6914,0.1785,0.0,0.000636,3.3,logs/register_5b_4g/train_register_4g_5b.log
register,48500,1.589248,0.5878,0.6876,0.1727,0.0,0.000638,3.3,logs/register_5b_4g/train_register_4g_5b.log
register,48600,1.5925248,0.5967,0.6896,0.1775,0.0,0.000639,3.3,logs/register_5b_4g/train_register_4g_5b.log
register,48700,1.5958016,0.586,0.6872,0.1799,0.0,0.00064,3.3,logs/register_5b_4g/train_register_4g_5b.log
register,48800,1.5990784,0.6005,0.6864,0.1703,0.0,0.000642,3.3,logs/register_5b_4g/train_register_4g_5b.log
register,48900,1.6023552,0.5955,0.6911,0.1708,0.0,0.000643,3.3,logs/register_5b_4g/train_register_4g_5b.log
register,49000,1.605632,0.5894,0.6891,0.1903,0.0,0.000644,3.3,logs/register_5b_4g/train_register_4g_5b.log
register,49100,1.6089088,0.5859,0.6836,0.1801,0.0,0.000645,3.3,logs/register_5b_4g/train_register_4g_5b.log
register,49200,1.6121856,0.5941,0.6879,0.1754,0.0,0.000647,3.3,logs/register_5b_4g/train_register_4g_5b.log
register,49300,1.6154624,0.5895,0.6893,0.1831,0.0,0.000648,3.3,logs/register_5b_4g/train_register_4g_5b.log
register,49400,1.6187392,0.5921,0.6875,0.1756,0.0,0.000649,3.3,logs/register_5b_4g/train_register_4g_5b.log
register,49500,1.622016,0.5855,0.6873,0.1764,0.0,0.000651,3.3,logs/register_5b_4g/train_register_4g_5b.log
register,49600,1.6252928,0.6046,0.6894,0.1637,0.0,0.000652,3.2,logs/register_5b_4g/train_register_4g_5b.log
register,49700,1.6285696,0.5951,0.6905,0.1708,0.0,0.000653,3.3,logs/register_5b_4g/train_register_4g_5b.log
register,49800,1.6318464,0.5927,0.6891,0.1771,0.0,0.000655,3.3,logs/register_5b_4g/train_register_4g_5b.log
register,49900,1.6351232,0.5989,0.6937,0.1714,0.0,0.000656,3.3,logs/register_5b_4g/train_register_4g_5b.log
register,50000,1.6384,0.5884,0.6867,0.1786,0.0,0.000657,3.2,logs/register_5b_4g/train_register_4g_5b.log
register,50100,1.6416768,0.5965,0.6904,0.1714,0.0,0.000659,3.3,logs/register_5b_4g/train_register_4g_5b.log
register,50200,1.6449536,0.5922,0.6858,0.1732,0.0,0.00066,3.3,logs/register_5b_4g/train_register_4g_5b.log
register,50300,1.6482304,0.594,0.6864,0.1767,0.0,0.000661,3.3,logs/register_5b_4g/train_register_4g_5b.log
register,50400,1.6515072,0.587,0.6882,0.1727,0.0,0.000663,3.3,logs/register_5b_4g/train_register_4g_5b.log
register,50500,1.654784,0.5911,0.6876,0.1796,0.0,0.000664,3.3,logs/register_5b_4g/train_register_4g_5b.log
register,50600,1.6580608,0.592,0.6864,0.1837,0.0,0.000665,3.3,logs/register_5b_4g/train_register_4g_5b.log
register,50700,1.6613376,0.5912,0.6851,0.1712,0.0,0.000666,3.3,logs/register_5b_4g/train_register_4g_5b.log
register,50800,1.6646144,0.5872,0.6842,0.1699,0.0,0.000668,3.3,logs/register_5b_4g/train_register_4g_5b.log
register,50900,1.6678912,0.5883,0.6859,0.1776,0.0,0.000669,3.2,logs/register_5b_4g/train_register_4g_5b.log
register,51000,1.671168,0.5852,0.686,0.1763,0.0,0.00067,3.3,logs/register_5b_4g/train_register_4g_5b.log
register,51100,1.6744448,0.5936,0.6902,0.1735,0.0,0.000672,3.3,logs/register_5b_4g/train_register_4g_5b.log
register,51200,1.6777216,0.5922,0.6857,0.1719,0.0,0.000673,3.4,logs/register_5b_4g/train_register_4g_5b.log
register,51300,1.6809984,0.597,0.6894,0.1703,0.0,0.000674,3.3,logs/register_5b_4g/train_register_4g_5b.log
register,51400,1.6842752,0.5937,0.6863,0.1743,0.0,0.000676,3.3,logs/register_5b_4g/train_register_4g_5b.log
register,51500,1.687552,0.5966,0.69,0.1759,0.0,0.000677,3.3,logs/register_5b_4g/train_register_4g_5b.log
register,51600,1.6908288,0.5904,0.6888,0.1702,0.0,0.000678,3.2,logs/register_5b_4g/train_register_4g_5b.log
register,51700,1.6941056,0.5966,0.6914,0.172,0.0,0.00068,3.3,logs/register_5b_4g/train_register_4g_5b.log
register,51800,1.6973824,0.5838,0.6873,0.1801,0.0,0.000681,3.3,logs/register_5b_4g/train_register_4g_5b.log
register,51900,1.7006592,0.5952,0.6876,0.172,0.0,0.000682,3.3,logs/register_5b_4g/train_register_4g_5b.log
register,52000,1.703936,0.5952,0.6958,0.1746,0.0,0.000684,3.3,logs/register_5b_4g/train_register_4g_5b.log
register,52100,1.7072128,0.5846,0.6808,0.1778,0.0,0.000685,3.2,logs/register_5b_4g/train_register_4g_5b.log
register,52200,1.7104896,0.5901,0.688,0.1738,0.0,0.000686,3.3,logs/register_5b_4g/train_register_4g_5b.log
register,52300,1.7137664,0.593,0.6892,0.1747,0.0,0.000687,3.3,logs/register_5b_4g/train_register_4g_5b.log
register,52400,1.7170432,0.5938,0.688,0.1729,0.0,0.000689,3.3,logs/register_5b_4g/train_register_4g_5b.log
register,52500,1.72032,0.5908,0.6866,0.1696,0.0,0.00069,3.3,logs/register_5b_4g/train_register_4g_5b.log
register,52600,1.7235968,0.5917,0.6879,0.1762,0.0,0.000691,3.3,logs/register_5b_4g/train_register_4g_5b.log
register,52700,1.7268736,0.5876,0.6874,0.1714,0.0,0.000693,3.3,logs/register_5b_4g/train_register_4g_5b.log
register,52800,1.7301504,0.5844,0.6894,0.1727,0.0,0.000694,3.3,logs/register_5b_4g/train_register_4g_5b.log
register,52900,1.7334272,0.5858,0.6876,0.1736,0.0,0.000695,3.3,logs/register_5b_4g/train_register_4g_5b.log
register,53000,1.736704,0.5885,0.6909,0.1779,0.0,0.000697,3.3,logs/register_5b_4g/train_register_4g_5b.log
register,53100,1.7399808,0.5964,0.6938,0.1692,0.0,0.000698,3.3,logs/register_5b_4g/train_register_4g_5b.log
register,53200,1.7432576,0.592,0.6831,0.1678,0.0,0.000699,3.3,logs/register_5b_4g/train_register_4g_5b.log
register,53300,1.7465344,0.5906,0.6844,0.1738,0.0,0.000701,3.3,logs/register_5b_4g/train_register_4g_5b.log
register,53400,1.7498112,0.591,0.6896,0.1771,0.0,0.000702,3.3,logs/register_5b_4g/train_register_4g_5b.log
register,53500,1.753088,0.5883,0.6893,0.1772,0.0,0.000703,3.3,logs/register_5b_4g/train_register_4g_5b.log
register,53600,1.7563648,0.5941,0.6926,0.1766,0.0,0.000705,3.2,logs/register_5b_4g/train_register_4g_5b.log
register,53700,1.7596416,0.5863,0.6907,0.1842,0.0,0.000706,3.3,logs/register_5b_4g/train_register_4g_5b.log
register,53800,1.7629184,0.5984,0.6861,0.1776,0.0,0.000707,3.3,logs/register_5b_4g/train_register_4g_5b.log
register,53900,1.7661952,0.5863,0.6816,0.1755,0.0,0.000708,3.3,logs/register_5b_4g/train_register_4g_5b.log
register,54000,1.769472,0.5961,0.6919,0.1776,0.0,0.00071,3.2,logs/register_5b_4g/train_register_4g_5b.log
register,54100,1.7727488,0.5893,0.6894,0.1786,0.0,0.000711,3.2,logs/register_5b_4g/train_register_4g_5b.log
register,54200,1.7760256,0.5936,0.6886,0.1689,0.0,0.000712,3.3,logs/register_5b_4g/train_register_4g_5b.log
register,54300,1.7793024,0.5919,0.6868,0.1807,0.0,0.000714,3.3,logs/register_5b_4g/train_register_4g_5b.log
register,54400,1.7825792,0.5904,0.6882,0.1784,0.0,0.000715,3.2,logs/register_5b_4g/train_register_4g_5b.log
register,54500,1.785856,0.5868,0.6877,0.1771,0.0,0.000716,3.3,logs/register_5b_4g/train_register_4g_5b.log
register,54600,1.7891328,0.5872,0.6829,0.1714,0.0,0.000718,3.3,logs/register_5b_4g/train_register_4g_5b.log
register,54700,1.7924096,0.5943,0.6954,0.1768,0.0,0.000719,3.3,logs/register_5b_4g/train_register_4g_5b.log
register,54800,1.7956864,0.5993,0.6933,0.1684,0.0,0.00072,3.3,logs/register_5b_4g/train_register_4g_5b.log
register,54900,1.7989632,0.5877,0.6854,0.1818,0.0,0.000722,3.3,logs/register_5b_4g/train_register_4g_5b.log
register,55000,1.80224,0.5988,0.6897,0.1701,0.0,0.000723,3.3,logs/register_5b_4g/train_register_4g_5b.log
register,55100,1.8055168,0.5929,0.6941,0.1815,0.0,0.000724,3.3,logs/register_5b_4g/train_register_4g_5b.log
register,55200,1.8087936,0.5998,0.6941,0.1761,0.0,0.000726,3.3,logs/register_5b_4g/train_register_4g_5b.log
register,55300,1.8120704,0.5953,0.691,0.1801,0.0,0.000727,3.4,logs/register_5b_4g/train_register_4g_5b.log
register,55400,1.8153472,0.5928,0.6855,0.1722,0.0,0.000728,3.3,logs/register_5b_4g/train_register_4g_5b.log
register,55500,1.818624,0.592,0.6837,0.1707,0.0,0.000729,3.3,logs/register_5b_4g/train_register_4g_5b.log
register,55600,1.8219008,0.5877,0.6878,0.1769,0.0,0.000731,3.2,logs/register_5b_4g/train_register_4g_5b.log
register,55700,1.8251776,0.5911,0.6873,0.1847,0.0,0.000732,3.3,logs/register_5b_4g/train_register_4g_5b.log
register,55800,1.8284544,0.5961,0.6935,0.1657,0.0,0.000733,3.3,logs/register_5b_4g/train_register_4g_5b.log
register,55900,1.8317312,0.5926,0.6898,0.1728,0.0,0.000735,3.3,logs/register_5b_4g/train_register_4g_5b.log
register,56000,1.835008,0.589,0.6917,0.1776,0.0,0.000736,3.3,logs/register_5b_4g/train_register_4g_5b.log
register,56100,1.8382848,0.5908,0.6862,0.1759,0.0,0.000737,3.3,logs/register_5b_4g/train_register_4g_5b.log
register,56200,1.8415616,0.5879,0.6917,0.1762,0.0,0.000739,3.3,logs/register_5b_4g/train_register_4g_5b.log
register,56300,1.8448384,0.5856,0.6882,0.1782,0.0,0.00074,3.3,logs/register_5b_4g/train_register_4g_5b.log
register,56400,1.8481152,0.592,0.6881,0.1721,0.0,0.000741,3.3,logs/register_5b_4g/train_register_4g_5b.log
register,56500,1.851392,0.5877,0.6811,0.1757,0.0,0.000743,3.2,logs/register_5b_4g/train_register_4g_5b.log
register,56600,1.8546688,0.5945,0.6864,0.1749,0.0,0.000744,3.2,logs/register_5b_4g/train_register_4g_5b.log
register,56700,1.8579456,0.5934,0.6937,0.169,0.0,0.000745,3.3,logs/register_5b_4g/train_register_4g_5b.log
register,56800,1.8612224,0.5901,0.6887,0.1801,0.0,0.000747,3.3,logs/register_5b_4g/train_register_4g_5b.log
register,56900,1.8644992,0.5915,0.6877,0.1742,0.0,0.000748,3.3,logs/register_5b_4g/train_register_4g_5b.log
register,57000,1.867776,0.5954,0.6877,0.1673,0.0,0.000749,3.2,logs/register_5b_4g/train_register_4g_5b.log
register,57100,1.8710528,0.5905,0.6861,0.1774,0.0,0.000751,3.3,logs/register_5b_4g/train_register_4g_5b.log
register,57200,1.8743296,0.592,0.6884,0.1703,0.0,0.000752,3.3,logs/register_5b_4g/train_register_4g_5b.log
register,57300,1.8776064,0.5912,0.6893,0.1797,0.0,0.000753,3.3,logs/register_5b_4g/train_register_4g_5b.log
register,57400,1.8808832,0.6005,0.69,0.1741,0.0,0.000755,3.2,logs/register_5b_4g/train_register_4g_5b.log
register,57500,1.88416,0.593,0.686,0.1735,0.0,0.000756,3.2,logs/register_5b_4g/train_register_4g_5b.log
register,57600,1.8874368,0.5936,0.6869,0.1684,0.0,0.000757,3.2,logs/register_5b_4g/train_register_4g_5b.log
register,57700,1.8907136,0.5962,0.6866,0.1764,0.0,0.000759,3.3,logs/register_5b_4g/train_register_4g_5b.log
register,57800,1.8939904,0.5931,0.6894,0.1777,0.0,0.00076,3.3,logs/register_5b_4g/train_register_4g_5b.log
register,57900,1.8972672,0.5995,0.6897,0.1762,0.0,0.000761,3.3,logs/register_5b_4g/train_register_4g_5b.log
register,58000,1.900544,0.5899,0.685,0.1793,0.0,0.000763,3.3,logs/register_5b_4g/train_register_4g_5b.log
register,58100,1.9038208,0.5935,0.6897,0.1747,0.0,0.000764,3.2,logs/register_5b_4g/train_register_4g_5b.log
register,58200,1.9070976,0.5948,0.6902,0.1793,0.0,0.000765,3.3,logs/register_5b_4g/train_register_4g_5b.log
register,58300,1.9103744,0.5977,0.6871,0.1697,0.0,0.000766,3.3,logs/register_5b_4g/train_register_4g_5b.log
register,58400,1.9136512,0.5874,0.6881,0.181,0.0,0.000768,3.3,logs/register_5b_4g/train_register_4g_5b.log
register,58500,1.916928,0.5922,0.6892,0.1741,0.0,0.000769,3.3,logs/register_5b_4g/train_register_4g_5b.log
register,58600,1.9202048,0.5858,0.6858,0.1804,0.0,0.00077,3.3,logs/register_5b_4g/train_register_4g_5b.log
register,58700,1.9234816,0.5838,0.6809,0.1783,0.0,0.000772,3.3,logs/register_5b_4g/train_register_4g_5b.log
register,58800,1.9267584,0.5846,0.6834,0.1737,0.0,0.000773,3.3,logs/register_5b_4g/train_register_4g_5b.log
register,58900,1.9300352,0.5928,0.687,0.1722,0.0,0.000774,3.3,logs/register_5b_4g/train_register_4g_5b.log
register,59000,1.933312,0.5875,0.6836,0.1762,0.0,0.000776,3.3,logs/register_5b_4g/train_register_4g_5b.log
register,59100,1.9365888,0.5917,0.6872,0.1709,0.0,0.000777,3.2,logs/register_5b_4g/train_register_4g_5b.log
register,59200,1.9398656,0.5968,0.6903,0.1844,0.0,0.000778,3.2,logs/register_5b_4g/train_register_4g_5b.log
register,59300,1.9431424,0.591,0.6895,0.1777,0.0,0.00078,3.2,logs/register_5b_4g/train_register_4g_5b.log
register,59400,1.9464192,0.5884,0.6854,0.1851,0.0,0.000781,3.3,logs/register_5b_4g/train_register_4g_5b.log
register,59500,1.949696,0.5914,0.6875,0.1688,0.0,0.000782,3.2,logs/register_5b_4g/train_register_4g_5b.log
register,59600,1.9529728,0.5875,0.6922,0.1823,0.0,0.000784,3.3,logs/register_5b_4g/train_register_4g_5b.log
register,59700,1.9562496,0.5983,0.6922,0.1707,0.0,0.000785,3.3,logs/register_5b_4g/train_register_4g_5b.log
register,59800,1.9595264,0.5881,0.6869,0.1764,0.0,0.000786,3.4,logs/register_5b_4g/train_register_4g_5b.log
register,59900,1.9628032,0.5879,0.6865,0.1722,0.0,0.000787,3.3,logs/register_5b_4g/train_register_4g_5b.log
register,60000,1.96608,0.5915,0.6914,0.1701,0.0,0.000789,3.2,logs/register_5b_4g/train_register_4g_5b.log
register,60100,1.9693568,0.596,0.689,0.1655,0.0,0.00079,3.2,logs/register_5b_4g/train_register_4g_5b.log
register,60200,1.9726336,0.5962,0.692,0.1781,0.0,0.000791,3.3,logs/register_5b_4g/train_register_4g_5b.log
register,60300,1.9759104,0.6003,0.6885,0.1725,0.0,0.000793,3.3,logs/register_5b_4g/train_register_4g_5b.log
register,60400,1.9791872,0.5938,0.6935,0.1749,0.0,0.000794,3.3,logs/register_5b_4g/train_register_4g_5b.log
register,60500,1.982464,0.5947,0.6887,0.1807,0.0,0.000795,3.3,logs/register_5b_4g/train_register_4g_5b.log
register,60600,1.9857408,0.5973,0.6878,0.1758,0.0,0.000797,3.3,logs/register_5b_4g/train_register_4g_5b.log
register,60700,1.9890176,0.5995,0.6952,0.1786,0.0,0.000798,3.3,logs/register_5b_4g/train_register_4g_5b.log
register,60800,1.9922944,0.5928,0.6872,0.1746,0.0,0.000799,3.3,logs/register_5b_4g/train_register_4g_5b.log
register,60900,1.9955712,0.5937,0.6886,0.1797,0.0,0.000801,3.3,logs/register_5b_4g/train_register_4g_5b.log
register,61000,1.998848,0.5945,0.6856,0.179,0.0,0.000802,3.3,logs/register_5b_4g/train_register_4g_5b.log
register,61100,2.0021248,0.5998,0.6959,0.1815,0.0,0.000803,3.2,logs/register_5b_4g/train_register_4g_5b.log
register,61200,2.0054016,0.594,0.688,0.1731,0.0,0.000805,3.3,logs/register_5b_4g/train_register_4g_5b.log
register,61300,2.0086784,0.5975,0.6898,0.1774,0.0,0.000806,3.3,logs/register_5b_4g/train_register_4g_5b.log
register,61400,2.0119552,0.5943,0.6886,0.1739,0.0,0.000807,3.2,logs/register_5b_4g/train_register_4g_5b.log
register,61500,2.015232,0.5933,0.6885,0.1647,0.0,0.000808,3.3,logs/register_5b_4g/train_register_4g_5b.log
register,61600,2.0185088,0.5926,0.6922,0.1797,0.0,0.00081,3.2,logs/register_5b_4g/train_register_4g_5b.log
register,61700,2.0217856,0.5867,0.6834,0.1788,0.0,0.000811,3.3,logs/register_5b_4g/train_register_4g_5b.log
register,61800,2.0250624,0.5939,0.6884,0.1691,0.0,0.000812,3.4,logs/register_5b_4g/train_register_4g_5b.log
register,61900,2.0283392,0.5905,0.6888,0.1751,0.0,0.000814,3.3,logs/register_5b_4g/train_register_4g_5b.log
register,62000,2.031616,0.5955,0.6925,0.1819,0.0,0.000815,3.3,logs/register_5b_4g/train_register_4g_5b.log
register,62100,2.0348928,0.5872,0.6884,0.1781,0.0,0.000816,3.3,logs/register_5b_4g/train_register_4g_5b.log
register,62200,2.0381696,0.5892,0.6839,0.1788,0.0,0.000818,3.3,logs/register_5b_4g/train_register_4g_5b.log
register,62300,2.0414464,0.6027,0.6944,0.1781,0.0,0.000819,3.3,logs/register_5b_4g/train_register_4g_5b.log
register,62400,2.0447232,0.5952,0.6837,0.1756,0.0,0.00082,3.2,logs/register_5b_4g/train_register_4g_5b.log
register,62500,2.048,0.5933,0.6873,0.1814,0.0,0.000822,3.2,logs/register_5b_4g/train_register_4g_5b.log
register,62600,2.0512768,0.5901,0.6907,0.181,0.0,0.000823,3.2,logs/register_5b_4g/train_register_4g_5b.log
register,62700,2.0545536,0.5971,0.691,0.1788,0.0,0.000824,3.3,logs/register_5b_4g/train_register_4g_5b.log
register,62800,2.0578304,0.5935,0.6895,0.1813,0.0,0.000826,3.3,logs/register_5b_4g/train_register_4g_5b.log
register,62900,2.0611072,0.5898,0.6879,0.1839,0.0,0.000827,3.3,logs/register_5b_4g/train_register_4g_5b.log
register,63000,2.064384,0.5996,0.6888,0.1764,0.0,0.000828,3.3,logs/register_5b_4g/train_register_4g_5b.log
register,63100,2.0676608,0.5837,0.6862,0.1828,0.0,0.000829,3.3,logs/register_5b_4g/train_register_4g_5b.log
register,63200,2.0709376,0.5985,0.6942,0.1712,0.0,0.000831,3.3,logs/register_5b_4g/train_register_4g_5b.log
register,63300,2.0742144,0.5832,0.6827,0.1766,0.0,0.000832,3.3,logs/register_5b_4g/train_register_4g_5b.log
register,63400,2.0774912,0.5961,0.6886,0.1758,0.0,0.000833,3.3,logs/register_5b_4g/train_register_4g_5b.log
register,63500,2.080768,0.5979,0.6919,0.1731,0.0,0.000835,3.3,logs/register_5b_4g/train_register_4g_5b.log
register,63600,2.0840448,0.5953,0.6892,0.1758,0.0,0.000836,3.2,logs/register_5b_4g/train_register_4g_5b.log
register,63700,2.0873216,0.5966,0.6878,0.17,0.0,0.000837,3.3,logs/register_5b_4g/train_register_4g_5b.log
register,63800,2.0905984,0.5925,0.6877,0.1867,0.0,0.000839,3.3,logs/register_5b_4g/train_register_4g_5b.log
register,63900,2.0938752,0.5947,0.6854,0.1796,0.0,0.00084,3.3,logs/register_5b_4g/train_register_4g_5b.log
register,64000,2.097152,0.5923,0.6837,0.1726,0.0,0.000841,3.3,logs/register_5b_4g/train_register_4g_5b.log
register,64100,2.1004288,0.5934,0.6863,0.1739,0.0,0.000843,3.3,logs/register_5b_4g/train_register_4g_5b.log
register,64200,2.1037056,0.5898,0.6851,0.1767,0.0,0.000844,3.3,logs/register_5b_4g/train_register_4g_5b.log
register,64300,2.1069824,0.5964,0.688,0.1709,0.0,0.000845,3.4,logs/register_5b_4g/train_register_4g_5b.log
register,64400,2.1102592,0.5966,0.6895,0.1699,0.0,0.000847,3.2,logs/register_5b_4g/train_register_4g_5b.log
register,64500,2.113536,0.5901,0.6869,0.1738,0.0,0.000848,3.2,logs/register_5b_4g/train_register_4g_5b.log
register,64600,2.1168128,0.5978,0.6887,0.1794,0.0,0.000849,3.3,logs/register_5b_4g/train_register_4g_5b.log
register,64700,2.1200896,0.5866,0.6879,0.1786,0.0,0.00085,3.3,logs/register_5b_4g/train_register_4g_5b.log
register,64800,2.1233664,0.5913,0.6888,0.1717,0.0,0.000852,3.3,logs/register_5b_4g/train_register_4g_5b.log
register,64900,2.1266432,0.5826,0.6858,0.1796,0.0,0.000853,3.2,logs/register_5b_4g/train_register_4g_5b.log
register,65000,2.12992,0.5951,0.6934,0.1745,0.0,0.000854,3.2,logs/register_5b_4g/train_register_4g_5b.log
register,65100,2.1331968,0.5966,0.6933,0.1827,0.0,0.000856,3.2,logs/register_5b_4g/train_register_4g_5b.log
register,65200,2.1364736,0.5914,0.6877,0.1755,0.0,0.000857,3.3,logs/register_5b_4g/train_register_4g_5b.log
register,65300,2.1397504,0.5974,0.6893,0.1702,0.0,0.000858,3.3,logs/register_5b_4g/train_register_4g_5b.log
register,65400,2.1430272,0.5914,0.6871,0.1748,0.0,0.00086,3.3,logs/register_5b_4g/train_register_4g_5b.log
register,65500,2.146304,0.6032,0.6947,0.1796,0.0,0.000861,3.2,logs/register_5b_4g/train_register_4g_5b.log
register,65600,2.1495808,0.5995,0.6861,0.1729,0.0,0.000862,3.2,logs/register_5b_4g/train_register_4g_5b.log
register,65700,2.1528576,0.5965,0.6867,0.1824,0.0,0.000864,3.3,logs/register_5b_4g/train_register_4g_5b.log
register,65800,2.1561344,0.5949,0.6872,0.1766,0.0,0.000865,3.3,logs/register_5b_4g/train_register_4g_5b.log
register,65900,2.1594112,0.5867,0.686,0.1766,0.0,0.000866,3.3,logs/register_5b_4g/train_register_4g_5b.log
register,66000,2.162688,0.5906,0.6868,0.1785,0.0,0.000868,3.3,logs/register_5b_4g/train_register_4g_5b.log
register,66100,2.1659648,0.5919,0.6886,0.1762,0.0,0.000869,3.3,logs/register_5b_4g/train_register_4g_5b.log
register,66200,2.1692416,0.5948,0.6903,0.1831,0.0,0.00087,3.3,logs/register_5b_4g/train_register_4g_5b.log
register,66300,2.1725184,0.5995,0.6861,0.1683,0.0,0.000871,3.3,logs/register_5b_4g/train_register_4g_5b.log
register,66400,2.1757952,0.5897,0.6809,0.1744,0.0,0.000873,3.2,logs/register_5b_4g/train_register_4g_5b.log
register,66500,2.179072,0.597,0.6914,0.1812,0.0,0.000874,3.3,logs/register_5b_4g/train_register_4g_5b.log
register,66600,2.1823488,0.5934,0.6898,0.1808,0.0,0.000875,3.3,logs/register_5b_4g/train_register_4g_5b.log
register,66700,2.1856256,0.602,0.6934,0.1748,0.0,0.000877,3.3,logs/register_5b_4g/train_register_4g_5b.log
register,66800,2.1889024,0.5908,0.6885,0.1767,0.0,0.000878,3.3,logs/register_5b_4g/train_register_4g_5b.log
register,66900,2.1921792,0.5945,0.6947,0.1786,0.0,0.000879,3.3,logs/register_5b_4g/train_register_4g_5b.log
register,67000,2.195456,0.5948,0.6891,0.1809,0.0,0.000881,3.2,logs/register_5b_4g/train_register_4g_5b.log
register,67100,2.1987328,0.5935,0.6865,0.1706,0.0,0.000882,3.3,logs/register_5b_4g/train_register_4g_5b.log
register,67200,2.2020096,0.5936,0.6921,0.1767,0.0,0.000883,3.3,logs/register_5b_4g/train_register_4g_5b.log
register,67300,2.2052864,0.5899,0.6857,0.1804,0.0,0.000885,3.4,logs/register_5b_4g/train_register_4g_5b.log
register,67400,2.2085632,0.5961,0.6876,0.178,0.0,0.000886,3.3,logs/register_5b_4g/train_register_4g_5b.log
register,67500,2.21184,0.5794,0.6828,0.1834,0.0,0.000887,3.3,logs/register_5b_4g/train_register_4g_5b.log
register,67600,2.2151168,0.5978,0.6948,0.178,0.0,0.000889,3.3,logs/register_5b_4g/train_register_4g_5b.log
register,67700,2.2183936,0.5903,0.6873,0.1822,0.0,0.00089,3.3,logs/register_5b_4g/train_register_4g_5b.log
register,67800,2.2216704,0.5896,0.6882,0.1815,0.0,0.000891,3.2,logs/register_5b_4g/train_register_4g_5b.log
register,67900,2.2249472,0.5916,0.6901,0.1809,0.0,0.000893,3.2,logs/register_5b_4g/train_register_4g_5b.log
register,68000,2.228224,0.5938,0.6929,0.1723,0.0,0.000894,3.2,logs/register_5b_4g/train_register_4g_5b.log
register,68100,2.2315008,0.5936,0.6888,0.1819,0.0,0.000895,3.3,logs/register_5b_4g/train_register_4g_5b.log
register,68200,2.2347776,0.589,0.6892,0.177,0.0,0.000897,3.3,logs/register_5b_4g/train_register_4g_5b.log
register,68300,2.2380544,0.5864,0.6823,0.1796,0.0,0.000898,3.3,logs/register_5b_4g/train_register_4g_5b.log
register,68400,2.2413312,0.603,0.6934,0.1747,0.0,0.000899,3.3,logs/register_5b_4g/train_register_4g_5b.log
register,68500,2.244608,0.5908,0.6814,0.181,0.0,0.000901,3.3,logs/register_5b_4g/train_register_4g_5b.log
register,68600,2.2478848,0.6002,0.6899,0.1743,0.0,0.000902,3.2,logs/register_5b_4g/train_register_4g_5b.log
register,68700,2.2511616,0.5905,0.6911,0.1829,0.0,0.000903,3.3,logs/register_5b_4g/train_register_4g_5b.log
register,68800,2.2544384,0.5936,0.6876,0.1735,0.0,0.000905,3.3,logs/register_5b_4g/train_register_4g_5b.log
register,68900,2.2577152,0.5873,0.6868,0.1828,0.0,0.000906,3.3,logs/register_5b_4g/train_register_4g_5b.log
register,69000,2.260992,0.5867,0.6881,0.1799,0.0,0.000907,3.3,logs/register_5b_4g/train_register_4g_5b.log
register,69100,2.2642688,0.5976,0.6926,0.1819,0.0,0.000908,3.2,logs/register_5b_4g/train_register_4g_5b.log
register,69200,2.2675456,0.5888,0.6863,0.1741,0.0,0.00091,3.3,logs/register_5b_4g/train_register_4g_5b.log
register,69300,2.2708224,0.5866,0.6841,0.1731,0.0,0.000911,3.3,logs/register_5b_4g/train_register_4g_5b.log
register,69400,2.2740992,0.5904,0.6894,0.1773,0.0,0.000912,3.3,logs/register_5b_4g/train_register_4g_5b.log
register,69500,2.277376,0.5943,0.6871,0.1754,0.0,0.000914,3.3,logs/register_5b_4g/train_register_4g_5b.log
register,69600,2.2806528,0.5915,0.6877,0.1726,0.0,0.000915,3.3,logs/register_5b_4g/train_register_4g_5b.log
register,69700,2.2839296,0.5937,0.6863,0.1786,0.0,0.000916,3.3,logs/register_5b_4g/train_register_4g_5b.log
register,69800,2.2872064,0.5884,0.6831,0.178,0.0,0.000918,3.3,logs/register_5b_4g/train_register_4g_5b.log
register,69900,2.2904832,0.6045,0.6914,0.1703,0.0,0.000919,3.3,logs/register_5b_4g/train_register_4g_5b.log
register,70000,2.29376,0.5923,0.6884,0.1818,0.0,0.00092,3.3,logs/register_5b_4g/train_register_4g_5b.log
register,70100,2.2970368,0.602,0.6944,0.1755,0.0,0.000922,3.3,logs/register_5b_4g/train_register_4g_5b.log
register,70200,2.3003136,0.6,0.6938,0.1807,0.0,0.000923,3.3,logs/register_5b_4g/train_register_4g_5b.log
register,70300,2.3035904,0.5967,0.6869,0.1781,0.0,0.000924,3.3,logs/register_5b_4g/train_register_4g_5b.log
register,70400,2.3068672,0.5829,0.6802,0.1774,0.0,0.000926,3.3,logs/register_5b_4g/train_register_4g_5b.log
register,70500,2.310144,0.5963,0.6909,0.1751,0.0,0.000927,3.3,logs/register_5b_4g/train_register_4g_5b.log
register,70600,2.3134208,0.6004,0.6934,0.1762,0.0,0.000928,3.2,logs/register_5b_4g/train_register_4g_5b.log
register,70700,2.3166976,0.5877,0.6872,0.1784,0.0,0.000929,3.3,logs/register_5b_4g/train_register_4g_5b.log
register,70800,2.3199744,0.5965,0.6901,0.169,0.0,0.000931,3.4,logs/register_5b_4g/train_register_4g_5b.log
register,70900,2.3232512,0.5938,0.6923,0.1759,0.0,0.000932,3.3,logs/register_5b_4g/train_register_4g_5b.log
register,71000,2.326528,0.5901,0.6877,0.1728,0.0,0.000933,3.2,logs/register_5b_4g/train_register_4g_5b.log
register,71100,2.3298048,0.5936,0.6831,0.1729,0.0,0.000935,3.3,logs/register_5b_4g/train_register_4g_5b.log
register,71200,2.3330816,0.5982,0.6914,0.1714,0.0,0.000936,3.3,logs/register_5b_4g/train_register_4g_5b.log
register,71300,2.3363584,0.5978,0.689,0.1715,0.0,0.000937,3.4,logs/register_5b_4g/train_register_4g_5b.log
register,71400,2.3396352,0.5882,0.6844,0.182,0.0,0.000939,3.3,logs/register_5b_4g/train_register_4g_5b.log
register,71500,2.342912,0.5876,0.6852,0.1813,0.0,0.00094,3.3,logs/register_5b_4g/train_register_4g_5b.log
register,71600,2.3461888,0.5913,0.6868,0.1796,0.0,0.000941,3.3,logs/register_5b_4g/train_register_4g_5b.log
register,71700,2.3494656,0.5985,0.6885,0.1733,0.0,0.000943,3.3,logs/register_5b_4g/train_register_4g_5b.log
register,71800,2.3527424,0.5906,0.6893,0.1847,0.0,0.000944,3.3,logs/register_5b_4g/train_register_4g_5b.log
register,71900,2.3560192,0.5933,0.6867,0.17,0.0,0.000945,3.3,logs/register_5b_4g/train_register_4g_5b.log
register,72000,2.359296,0.5976,0.69,0.1746,0.0,0.000947,3.3,logs/register_5b_4g/train_register_4g_5b.log
register,72100,2.3625728,0.6006,0.6932,0.173,0.0,0.000948,3.3,logs/register_5b_4g/train_register_4g_5b.log
register,72200,2.3658496,0.5968,0.6926,0.1842,0.0,0.000949,3.3,logs/register_5b_4g/train_register_4g_5b.log
register,72300,2.3691264,0.5914,0.6878,0.1828,0.0,0.00095,3.3,logs/register_5b_4g/train_register_4g_5b.log
register,72400,2.3724032,0.5962,0.6874,0.1788,0.0,0.000952,3.2,logs/register_5b_4g/train_register_4g_5b.log
register,72500,2.37568,0.59,0.6858,0.1804,0.0,0.000953,3.2,logs/register_5b_4g/train_register_4g_5b.log
register,72600,2.3789568,0.5992,0.6883,0.1785,0.0,0.000954,3.3,logs/register_5b_4g/train_register_4g_5b.log
register,72700,2.3822336,0.5914,0.6888,0.1836,0.0,0.000956,3.4,logs/register_5b_4g/train_register_4g_5b.log
register,72800,2.3855104,0.5921,0.6872,0.1766,0.0,0.000957,3.3,logs/register_5b_4g/train_register_4g_5b.log
register,72900,2.3887872,0.5945,0.6876,0.1782,0.0,0.000958,3.3,logs/register_5b_4g/train_register_4g_5b.log
register,73000,2.392064,0.5936,0.6828,0.1702,0.0,0.00096,3.3,logs/register_5b_4g/train_register_4g_5b.log
register,73100,2.3953408,0.5946,0.6901,0.1816,0.0,0.000961,3.3,logs/register_5b_4g/train_register_4g_5b.log
register,73200,2.3986176,0.5907,0.6883,0.181,0.0,0.000962,3.3,logs/register_5b_4g/train_register_4g_5b.log
register,73300,2.4018944,0.5909,0.686,0.1751,0.0,0.000964,3.3,logs/register_5b_4g/train_register_4g_5b.log
register,73400,2.4051712,0.58,0.6788,0.1817,0.0,0.000965,3.3,logs/register_5b_4g/train_register_4g_5b.log
register,73500,2.408448,0.6003,0.6899,0.1794,0.0,0.000966,3.3,logs/register_5b_4g/train_register_4g_5b.log
register,73600,2.4117248,0.5952,0.69,0.1758,0.0,0.000968,3.3,logs/register_5b_4g/train_register_4g_5b.log
register,73700,2.4150016,0.5944,0.6911,0.1768,0.0,0.000969,3.3,logs/register_5b_4g/train_register_4g_5b.log
register,73800,2.4182784,0.5918,0.6886,0.1772,0.0,0.00097,3.3,logs/register_5b_4g/train_register_4g_5b.log
register,73900,2.4215552,0.597,0.6879,0.1836,0.0,0.000971,3.3,logs/register_5b_4g/train_register_4g_5b.log
register,74000,2.424832,0.5996,0.6872,0.1753,0.0,0.000973,3.3,logs/register_5b_4g/train_register_4g_5b.log
register,74100,2.4281088,0.6006,0.6917,0.1766,0.0,0.000974,3.2,logs/register_5b_4g/train_register_4g_5b.log
register,74200,2.4313856,0.588,0.6859,0.1747,0.0,0.000975,3.3,logs/register_5b_4g/train_register_4g_5b.log
register,74300,2.4346624,0.5917,0.6907,0.1779,0.0,0.000977,3.3,logs/register_5b_4g/train_register_4g_5b.log
register,74400,2.4379392,0.5918,0.6871,0.1749,0.0,0.000978,3.3,logs/register_5b_4g/train_register_4g_5b.log
register,74500,2.441216,0.595,0.6918,0.1757,0.0,0.000979,3.3,logs/register_5b_4g/train_register_4g_5b.log
register,74600,2.4444928,0.5913,0.6906,0.1839,0.0,0.000981,3.3,logs/register_5b_4g/train_register_4g_5b.log
register,74700,2.4477696,0.6007,0.6929,0.1789,0.0,0.000982,3.3,logs/register_5b_4g/train_register_4g_5b.log
register,74800,2.4510464,0.5912,0.6826,0.1786,0.0,0.000983,3.4,logs/register_5b_4g/train_register_4g_5b.log
register,74900,2.4543232,0.595,0.6881,0.1765,0.0,0.000985,3.3,logs/register_5b_4g/train_register_4g_5b.log
register,75000,2.4576,0.5962,0.6869,0.1771,0.0,0.000986,3.3,logs/register_5b_4g/train_register_4g_5b.log
register,75100,2.4608768,0.5922,0.6874,0.1737,0.0,0.000987,3.3,logs/register_5b_4g/train_register_4g_5b.log
register,75200,2.4641536,0.595,0.6845,0.1838,0.0,0.000989,3.4,logs/register_5b_4g/train_register_4g_5b.log
register,75300,2.4674304,0.5928,0.6866,0.1803,0.0,0.00099,3.4,logs/register_5b_4g/train_register_4g_5b.log
register,75400,2.4707072,0.5945,0.6902,0.1798,0.0,0.000991,3.3,logs/register_5b_4g/train_register_4g_5b.log
register,75500,2.473984,0.5925,0.6894,0.1763,0.0,0.000992,3.3,logs/register_5b_4g/train_register_4g_5b.log
register,75600,2.4772608,0.5917,0.6909,0.1803,0.0,0.000994,3.3,logs/register_5b_4g/train_register_4g_5b.log
register,75700,2.4805376,0.6,0.6898,0.1774,0.0,0.000995,3.3,logs/register_5b_4g/train_register_4g_5b.log
register,75800,2.4838144,0.59,0.6891,0.18,0.0,0.000996,3.3,logs/register_5b_4g/train_register_4g_5b.log
register,75900,2.4870912,0.5949,0.6891,0.1755,0.0,0.000998,3.3,logs/register_5b_4g/train_register_4g_5b.log
register,76000,2.490368,0.5947,0.6903,0.1832,0.0,0.000999,3.3,logs/register_5b_4g/train_register_4g_5b.log
register,76100,2.4936448,0.5918,0.689,0.1848,0.0,0.001,3.3,logs/register_5b_4g/train_register_4g_5b.log
register,76200,2.4969216,0.5929,0.6951,0.1759,0.0,0.001,3.3,logs/register_5b_4g/train_register_4g_5b.log
register,76300,2.5001984,0.5837,0.6811,0.1817,0.0,0.001,3.3,logs/register_5b_4g/train_register_4g_5b.log
register,76400,2.5034752,0.5959,0.6912,0.1723,0.0,0.001,3.3,logs/register_5b_4g/train_register_4g_5b.log
register,76500,2.506752,0.5978,0.6895,0.1787,0.0,0.00101,3.3,logs/register_5b_4g/train_register_4g_5b.log
register,76600,2.5100288,0.5941,0.6915,0.1803,0.0,0.00101,3.3,logs/register_5b_4g/train_register_4g_5b.log
register,76700,2.5133056,0.5989,0.6915,0.1784,0.0,0.00101,3.3,logs/register_5b_4g/train_register_4g_5b.log
register,76800,2.5165824,0.5966,0.6986,0.181,0.0,0.00101,3.3,logs/register_5b_4g/train_register_4g_5b.log
register,76900,2.5198592,0.6065,0.6876,0.1698,0.0,0.00101,3.3,logs/register_5b_4g/train_register_4g_5b.log
register,77000,2.523136,0.5917,0.688,0.1821,0.0,0.00101,3.2,logs/register_5b_4g/train_register_4g_5b.log
register,77100,2.5264128,0.5912,0.6884,0.1735,0.0,0.00101,3.3,logs/register_5b_4g/train_register_4g_5b.log
register,77200,2.5296896,0.5915,0.686,0.1796,0.0,0.00101,3.2,logs/register_5b_4g/train_register_4g_5b.log
register,77300,2.5329664,0.5921,0.6881,0.1816,0.0,0.00102,3.3,logs/register_5b_4g/train_register_4g_5b.log
register,77400,2.5362432,0.597,0.691,0.1797,0.0,0.00102,3.2,logs/register_5b_4g/train_register_4g_5b.log
register,77500,2.53952,0.5858,0.6801,0.1725,0.0,0.00102,3.3,logs/register_5b_4g/train_register_4g_5b.log
register,77600,2.5427968,0.6011,0.6917,0.1759,0.0,0.00102,3.2,logs/register_5b_4g/train_register_4g_5b.log
register,77700,2.5460736,0.5951,0.6917,0.1743,0.0,0.00102,3.2,logs/register_5b_4g/train_register_4g_5b.log
register,77800,2.5493504,0.5976,0.6832,0.1724,0.0,0.00102,3.3,logs/register_5b_4g/train_register_4g_5b.log
register,77900,2.5526272,0.5876,0.6837,0.1731,0.0,0.00102,3.2,logs/register_5b_4g/train_register_4g_5b.log
register,78000,2.555904,0.6003,0.6912,0.1775,0.0,0.00103,3.3,logs/register_5b_4g/train_register_4g_5b.log
register,78100,2.5591808,0.5956,0.6918,0.1871,0.0,0.00103,3.2,logs/register_5b_4g/train_register_4g_5b.log
register,78200,2.5624576,0.5932,0.685,0.1808,0.0,0.00103,3.3,logs/register_5b_4g/train_register_4g_5b.log
register,78300,2.5657344,0.5874,0.6909,0.1819,0.0,0.00103,3.3,logs/register_5b_4g/train_register_4g_5b.log
register,78400,2.5690112,0.5943,0.6908,0.1748,0.0,0.00103,3.2,logs/register_5b_4g/train_register_4g_5b.log
register,78500,2.572288,0.5888,0.6845,0.1818,0.0,0.00103,3.3,logs/register_5b_4g/train_register_4g_5b.log
register,78600,2.5755648,0.5901,0.6847,0.183,0.0,0.00103,3.2,logs/register_5b_4g/train_register_4g_5b.log
register,78700,2.5788416,0.5987,0.6932,0.1818,0.0,0.00103,3.3,logs/register_5b_4g/train_register_4g_5b.log
register,78800,2.5821184,0.5965,0.6919,0.1829,0.0,0.00104,3.3,logs/register_5b_4g/train_register_4g_5b.log
register,78900,2.5853952,0.5938,0.691,0.1863,0.0,0.00104,3.2,logs/register_5b_4g/train_register_4g_5b.log
register,79000,2.588672,0.5951,0.6929,0.1767,0.0,0.00104,3.2,logs/register_5b_4g/train_register_4g_5b.log
register,79100,2.5919488,0.5992,0.6869,0.1683,0.0,0.00104,3.2,logs/register_5b_4g/train_register_4g_5b.log
register,79200,2.5952256,0.5865,0.6902,0.1879,0.0,0.00104,3.2,logs/register_5b_4g/train_register_4g_5b.log
register,79300,2.5985024,0.5944,0.6872,0.1696,0.0,0.00104,3.2,logs/register_5b_4g/train_register_4g_5b.log
register,79400,2.6017792,0.5948,0.6926,0.1771,0.0,0.00104,3.2,logs/register_5b_4g/train_register_4g_5b.log
register,79500,2.605056,0.5915,0.6892,0.1806,0.0,0.00105,3.3,logs/register_5b_4g/train_register_4g_5b.log
register,79600,2.6083328,0.5938,0.6857,0.1851,0.0,0.00105,3.2,logs/register_5b_4g/train_register_4g_5b.log
register,79700,2.6116096,0.6002,0.695,0.1805,0.0,0.00105,3.3,logs/register_5b_4g/train_register_4g_5b.log
register,79800,2.6148864,0.5932,0.6912,0.1769,0.0,0.00105,3.3,logs/register_5b_4g/train_register_4g_5b.log
register,79900,2.6181632,0.5987,0.6903,0.1803,0.0,0.00105,3.2,logs/register_5b_4g/train_register_4g_5b.log
register,80000,2.62144,0.5946,0.6902,0.1885,0.0,0.00105,3.2,logs/register_5b_4g/train_register_4g_5b.log
register,80100,2.6247168,0.5889,0.6865,0.1831,0.0,0.00105,3.2,logs/register_5b_4g/train_register_4g_5b.log
register,80200,2.6279936,0.595,0.6919,0.1844,0.0,0.00105,3.2,logs/register_5b_4g/train_register_4g_5b.log
register,80300,2.6312704,0.5932,0.6852,0.1797,0.0,0.00106,3.2,logs/register_5b_4g/train_register_4g_5b.log
register,80400,2.6345472,0.5929,0.685,0.1812,0.0,0.00106,3.2,logs/register_5b_4g/train_register_4g_5b.log
register,80500,2.637824,0.5975,0.6904,0.1801,0.0,0.00106,3.2,logs/register_5b_4g/train_register_4g_5b.log
register,80600,2.6411008,0.5962,0.6853,0.18,0.0,0.00106,3.2,logs/register_5b_4g/train_register_4g_5b.log
register,80700,2.6443776,0.5974,0.6914,0.1789,0.0,0.00106,3.2,logs/register_5b_4g/train_register_4g_5b.log
register,80800,2.6476544,0.5889,0.6877,0.1859,0.0,0.00106,3.3,logs/register_5b_4g/train_register_4g_5b.log
register,80900,2.6509312,0.5924,0.686,0.1777,0.0,0.00106,3.2,logs/register_5b_4g/train_register_4g_5b.log
register,81000,2.654208,0.592,0.688,0.1805,0.0,0.00106,3.2,logs/register_5b_4g/train_register_4g_5b.log
register,81100,2.6574848,0.5975,0.693,0.1734,0.0,0.00107,3.2,logs/register_5b_4g/train_register_4g_5b.log
register,81200,2.6607616,0.5947,0.69,0.1799,0.0,0.00107,3.3,logs/register_5b_4g/train_register_4g_5b.log
register,81300,2.6640384,0.6031,0.6907,0.1711,0.0,0.00107,3.3,logs/register_5b_4g/train_register_4g_5b.log
register,81400,2.6673152,0.5922,0.6893,0.1845,0.0,0.00107,3.2,logs/register_5b_4g/train_register_4g_5b.log
register,81500,2.670592,0.5884,0.6832,0.1835,0.0,0.00107,3.2,logs/register_5b_4g/train_register_4g_5b.log
register,81600,2.6738688,0.5882,0.6865,0.1787,0.0,0.00107,3.2,logs/register_5b_4g/train_register_4g_5b.log
register,81700,2.6771456,0.598,0.6917,0.1747,0.0,0.00107,3.2,logs/register_5b_4g/train_register_4g_5b.log
register,81800,2.6804224,0.5869,0.6902,0.1803,0.0,0.00108,3.3,logs/register_5b_4g/train_register_4g_5b.log
register,81900,2.6836992,0.5956,0.6892,0.1785,0.0,0.00108,3.2,logs/register_5b_4g/train_register_4g_5b.log
register,82000,2.686976,0.5927,0.6917,0.1793,0.0,0.00108,3.2,logs/register_5b_4g/train_register_4g_5b.log
register,82100,2.6902528,0.5964,0.6931,0.1881,0.0,0.00108,3.3,logs/register_5b_4g/train_register_4g_5b.log
register,82200,2.6935296,0.5893,0.6868,0.1807,0.0,0.00108,3.3,logs/register_5b_4g/train_register_4g_5b.log
register,82300,2.6968064,0.5963,0.6928,0.184,0.0,0.00108,3.3,logs/register_5b_4g/train_register_4g_5b.log
register,82400,2.7000832,0.5906,0.693,0.1837,0.0,0.00108,3.2,logs/register_5b_4g/train_register_4g_5b.log
register,82500,2.70336,0.588,0.6882,0.1724,0.0,0.00108,3.2,logs/register_5b_4g/train_register_4g_5b.log
register,82600,2.7066368,0.5897,0.6899,0.1843,0.0,0.00109,3.2,logs/register_5b_4g/train_register_4g_5b.log
register,82700,2.7099136,0.5895,0.6863,0.1886,0.0,0.00109,3.2,logs/register_5b_4g/train_register_4g_5b.log
register,82800,2.7131904,0.5982,0.6925,0.1797,0.0,0.00109,3.3,logs/register_5b_4g/train_register_4g_5b.log
register,82900,2.7164672,0.5885,0.6873,0.1864,0.0,0.00109,3.2,logs/register_5b_4g/train_register_4g_5b.log
register,83000,2.719744,0.596,0.6909,0.1772,0.0,0.00109,3.2,logs/register_5b_4g/train_register_4g_5b.log
register,83100,2.7230208,0.5996,0.6924,0.1825,0.0,0.00109,3.2,logs/register_5b_4g/train_register_4g_5b.log
register,83200,2.7262976,0.5978,0.6874,0.1753,0.0,0.00109,3.3,logs/register_5b_4g/train_register_4g_5b.log
register,83300,2.7295744,0.5928,0.6862,0.1797,0.0,0.0011,3.3,logs/register_5b_4g/train_register_4g_5b.log
register,83400,2.7328512,0.595,0.69,0.1804,0.0,0.0011,3.2,logs/register_5b_4g/train_register_4g_5b.log
register,83500,2.736128,0.5886,0.68,0.1752,0.0,0.0011,3.2,logs/register_5b_4g/train_register_4g_5b.log
register,83600,2.7394048,0.5937,0.693,0.1796,0.0,0.0011,3.2,logs/register_5b_4g/train_register_4g_5b.log
register,83700,2.7426816,0.5906,0.6907,0.1771,0.0,0.0011,3.3,logs/register_5b_4g/train_register_4g_5b.log
register,83800,2.7459584,0.5974,0.6891,0.1771,0.0,0.0011,3.3,logs/register_5b_4g/train_register_4g_5b.log
register,83900,2.7492352,0.5976,0.6885,0.179,0.0,0.0011,3.2,logs/register_5b_4g/train_register_4g_5b.log
register,84000,2.752512,0.5993,0.691,0.1781,0.0,0.0011,3.2,logs/register_5b_4g/train_register_4g_5b.log
register,84100,2.7557888,0.5938,0.6834,0.1754,0.0,0.00111,3.2,logs/register_5b_4g/train_register_4g_5b.log
register,84200,2.7590656,0.5957,0.6926,0.1785,0.0,0.00111,3.2,logs/register_5b_4g/train_register_4g_5b.log
register,84300,2.7623424,0.6019,0.6914,0.1692,0.0,0.00111,3.3,logs/register_5b_4g/train_register_4g_5b.log
register,84400,2.7656192,0.5983,0.6906,0.18,0.0,0.00111,3.2,logs/register_5b_4g/train_register_4g_5b.log
register,84500,2.768896,0.5945,0.6912,0.1821,0.0,0.00111,3.2,logs/register_5b_4g/train_register_4g_5b.log
register,84600,2.7721728,0.5913,0.6941,0.1822,0.0,0.00111,3.2,logs/register_5b_4g/train_register_4g_5b.log
register,84700,2.7754496,0.593,0.6907,0.1802,0.0,0.00111,3.3,logs/register_5b_4g/train_register_4g_5b.log
register,84800,2.7787264,0.593,0.6895,0.1819,0.0,0.00111,3.2,logs/register_5b_4g/train_register_4g_5b.log
register,84900,2.7820032,0.5892,0.6889,0.1788,0.0,0.00112,3.2,logs/register_5b_4g/train_register_4g_5b.log
register,85000,2.78528,0.6022,0.6912,0.1778,0.0,0.00112,3.2,logs/register_5b_4g/train_register_4g_5b.log
register,85100,2.7885568,0.5927,0.6854,0.1859,0.0,0.00112,3.2,logs/register_5b_4g/train_register_4g_5b.log
register,85200,2.7918336,0.5956,0.6893,0.177,0.0,0.00112,3.2,logs/register_5b_4g/train_register_4g_5b.log
register,85300,2.7951104,0.5962,0.6916,0.1799,0.0,0.00112,3.3,logs/register_5b_4g/train_register_4g_5b.log
register,85400,2.7983872,0.5968,0.689,0.175,0.0,0.00112,3.2,logs/register_5b_4g/train_register_4g_5b.log
register,85500,2.801664,0.594,0.6885,0.1718,0.0,0.00112,3.2,logs/register_5b_4g/train_register_4g_5b.log
register,85600,2.8049408,0.5983,0.6946,0.1804,0.0,0.00113,3.2,logs/register_5b_4g/train_register_4g_5b.log
register,85700,2.8082176,0.5903,0.6842,0.1775,0.0,0.00113,3.3,logs/register_5b_4g/train_register_4g_5b.log
register,85800,2.8114944,0.5966,0.689,0.1764,0.0,0.00113,3.3,logs/register_5b_4g/train_register_4g_5b.log
register,85900,2.8147712,0.5871,0.6829,0.1783,0.0,0.00113,3.2,logs/register_5b_4g/train_register_4g_5b.log
register,86000,2.818048,0.5975,0.6882,0.1781,0.0,0.00113,3.2,logs/register_5b_4g/train_register_4g_5b.log
register,86100,2.8213248,0.59,0.6884,0.171,0.0,0.00113,3.2,logs/register_5b_4g/train_register_4g_5b.log
register,86200,2.8246016,0.5934,0.6855,0.1776,0.0,0.00113,3.3,logs/register_5b_4g/train_register_4g_5b.log
register,86300,2.8278784,0.6002,0.69,0.1777,0.0,0.00113,3.3,logs/register_5b_4g/train_register_4g_5b.log
register,86400,2.8311552,0.5924,0.6899,0.1835,0.0,0.00114,3.2,logs/register_5b_4g/train_register_4g_5b.log
register,86500,2.834432,0.5882,0.6868,0.1815,0.0,0.00114,3.2,logs/register_5b_4g/train_register_4g_5b.log
register,86600,2.8377088,0.588,0.6882,0.1824,0.0,0.00114,3.2,logs/register_5b_4g/train_register_4g_5b.log
register,86700,2.8409856,0.5907,0.683,0.186,0.0,0.00114,3.3,logs/register_5b_4g/train_register_4g_5b.log
register,86800,2.8442624,0.6011,0.6946,0.1862,0.0,0.00114,3.3,logs/register_5b_4g/train_register_4g_5b.log
register,86900,2.8475392,0.6007,0.6892,0.1691,0.0,0.00114,3.3,logs/register_5b_4g/train_register_4g_5b.log
register,87000,2.850816,0.5963,0.6948,0.1815,0.0,0.00114,3.2,logs/register_5b_4g/train_register_4g_5b.log
register,87100,2.8540928,0.595,0.6874,0.1833,0.0,0.00114,3.2,logs/register_5b_4g/train_register_4g_5b.log
register,87200,2.8573696,0.594,0.6858,0.1717,0.0,0.00115,3.2,logs/register_5b_4g/train_register_4g_5b.log
register,87300,2.8606464,0.5996,0.6982,0.1843,0.0,0.00115,3.3,logs/register_5b_4g/train_register_4g_5b.log
register,87400,2.8639232,0.5843,0.6867,0.1826,0.0,0.00115,3.2,logs/register_5b_4g/train_register_4g_5b.log
register,87500,2.8672,0.6006,0.6896,0.1728,0.0,0.00115,3.2,logs/register_5b_4g/train_register_4g_5b.log
register,87600,2.8704768,0.5916,0.6836,0.1799,0.0,0.00115,3.3,logs/register_5b_4g/train_register_4g_5b.log
register,87700,2.8737536,0.5898,0.6835,0.1706,0.0,0.00115,3.3,logs/register_5b_4g/train_register_4g_5b.log
register,87800,2.8770304,0.5937,0.6895,0.1824,0.0,0.00115,3.3,logs/register_5b_4g/train_register_4g_5b.log
register,87900,2.8803072,0.5962,0.6884,0.181,0.0,0.00116,3.2,logs/register_5b_4g/train_register_4g_5b.log
register,88000,2.883584,0.5933,0.687,0.1787,0.0,0.00116,3.3,logs/register_5b_4g/train_register_4g_5b.log
register,88100,2.8868608,0.5815,0.6875,0.1826,0.0,0.00116,3.3,logs/register_5b_4g/train_register_4g_5b.log
register,88200,2.8901376,0.5909,0.6892,0.1835,0.0,0.00116,3.3,logs/register_5b_4g/train_register_4g_5b.log
register,88300,2.8934144,0.5979,0.6878,0.1842,0.0,0.00116,3.2,logs/register_5b_4g/train_register_4g_5b.log
register,88400,2.8966912,0.6058,0.6942,0.1756,0.0,0.00116,3.2,logs/register_5b_4g/train_register_4g_5b.log
register,88500,2.899968,0.593,0.6871,0.1818,0.0,0.00116,3.2,logs/register_5b_4g/train_register_4g_5b.log
register,88600,2.9032448,0.5869,0.6862,0.1877,0.0,0.00116,3.2,logs/register_5b_4g/train_register_4g_5b.log
register,88700,2.9065216,0.5903,0.6879,0.1786,0.0,0.00117,3.3,logs/register_5b_4g/train_register_4g_5b.log
register,88800,2.9097984,0.5887,0.6829,0.1807,0.0,0.00117,3.3,logs/register_5b_4g/train_register_4g_5b.log
register,88900,2.9130752,0.5978,0.6909,0.174,0.0,0.00117,3.2,logs/register_5b_4g/train_register_4g_5b.log
register,89000,2.916352,0.6001,0.6889,0.1794,0.0,0.00117,3.2,logs/register_5b_4g/train_register_4g_5b.log
register,89100,2.9196288,0.6014,0.6959,0.182,0.0,0.00117,3.2,logs/register_5b_4g/train_register_4g_5b.log
register,89200,2.9229056,0.5989,0.6985,0.1812,0.0,0.00117,3.3,logs/register_5b_4g/train_register_4g_5b.log
register,89300,2.9261824,0.5953,0.6893,0.1859,0.0,0.00117,3.3,logs/register_5b_4g/train_register_4g_5b.log
register,89400,2.9294592,0.5957,0.6963,0.182,0.0,0.00118,3.2,logs/register_5b_4g/train_register_4g_5b.log
register,89500,2.932736,0.5948,0.6894,0.1854,0.0,0.00118,3.2,logs/register_5b_4g/train_register_4g_5b.log
register,89600,2.9360128,0.5895,0.6825,0.1846,0.0,0.00118,3.2,logs/register_5b_4g/train_register_4g_5b.log
register,89700,2.9392896,0.5941,0.692,0.1855,0.0,0.00118,3.3,logs/register_5b_4g/train_register_4g_5b.log
register,89800,2.9425664,0.5971,0.692,0.185,0.0,0.00118,3.3,logs/register_5b_4g/train_register_4g_5b.log
register,89900,2.9458432,0.6013,0.6872,0.1685,0.0,0.00118,3.3,logs/register_5b_4g/train_register_4g_5b.log
register,90000,2.94912,0.6016,0.6954,0.1804,0.0,0.00118,3.3,logs/register_5b_4g/train_register_4g_5b.log
register,90100,2.9523968,0.5922,0.6882,0.1855,0.0,0.00118,3.2,logs/register_5b_4g/train_register_4g_5b.log
register,90200,2.9556736,0.6,0.6905,0.1802,0.0,0.00119,3.2,logs/register_5b_4g/train_register_4g_5b.log
register,90300,2.9589504,0.602,0.689,0.1692,0.0,0.00119,3.3,logs/register_5b_4g/train_register_4g_5b.log
register,90400,2.9622272,0.5987,0.689,0.1832,0.0,0.00119,3.2,logs/register_5b_4g/train_register_4g_5b.log
register,90500,2.965504,0.6001,0.6868,0.1759,0.0,0.00119,3.2,logs/register_5b_4g/train_register_4g_5b.log
register,90600,2.9687808,0.5982,0.6912,0.1873,0.0,0.00119,3.2,logs/register_5b_4g/train_register_4g_5b.log
register,90700,2.9720576,0.5988,0.692,0.1842,0.0,0.00119,3.3,logs/register_5b_4g/train_register_4g_5b.log
register,90800,2.9753344,0.5901,0.6904,0.1831,0.0,0.00119,3.3,logs/register_5b_4g/train_register_4g_5b.log
register,90900,2.9786112,0.5904,0.6837,0.1899,0.0,0.00119,3.2,logs/register_5b_4g/train_register_4g_5b.log
register,91000,2.981888,0.5956,0.6937,0.1876,0.0,0.0012,3.2,logs/register_5b_4g/train_register_4g_5b.log
register,91100,2.9851648,0.5982,0.6897,0.1855,0.0,0.0012,3.2,logs/register_5b_4g/train_register_4g_5b.log
register,91200,2.9884416,0.5895,0.6857,0.1811,0.0,0.0012,3.3,logs/register_5b_4g/train_register_4g_5b.log
register,91300,2.9917184,0.5959,0.6908,0.1771,0.0,0.0012,3.3,logs/register_5b_4g/train_register_4g_5b.log
register,91400,2.9949952,0.5906,0.688,0.1838,0.0,0.0012,3.2,logs/register_5b_4g/train_register_4g_5b.log
register,91500,2.998272,0.5953,0.6917,0.1738,0.0,0.0012,3.2,logs/register_5b_4g/train_register_4g_5b.log
register,91600,3.0015488,0.5985,0.6928,0.1751,0.0,0.0012,3.2,logs/register_5b_4g/train_register_4g_5b.log
register,91700,3.0048256,0.5966,0.6899,0.1777,0.0,0.00121,3.3,logs/register_5b_4g/train_register_4g_5b.log
register,91800,3.0081024,0.5959,0.6929,0.1827,0.0,0.00121,3.3,logs/register_5b_4g/train_register_4g_5b.log
register,91900,3.0113792,0.5901,0.6899,0.183,0.0,0.00121,3.3,logs/register_5b_4g/train_register_4g_5b.log
register,92000,3.014656,0.5939,0.6868,0.1772,0.0,0.00121,3.3,logs/register_5b_4g/train_register_4g_5b.log
register,92100,3.0179328,0.5939,0.689,0.1878,0.0,0.00121,3.2,logs/register_5b_4g/train_register_4g_5b.log
register,92200,3.0212096,0.603,0.6902,0.1665,0.0,0.00121,3.3,logs/register_5b_4g/train_register_4g_5b.log
register,92300,3.0244864,0.5913,0.6864,0.1814,0.0,0.00121,3.3,logs/register_5b_4g/train_register_4g_5b.log
register,92400,3.0277632,0.5978,0.6899,0.1821,0.0,0.00121,3.3,logs/register_5b_4g/train_register_4g_5b.log
register,92500,3.03104,0.5908,0.6826,0.1825,0.0,0.00122,3.3,logs/register_5b_4g/train_register_4g_5b.log
register,92600,3.0343168,0.596,0.6855,0.1708,0.0,0.00122,3.3,logs/register_5b_4g/train_register_4g_5b.log
register,92700,3.0375936,0.5947,0.6827,0.1788,0.0,0.00122,3.4,logs/register_5b_4g/train_register_4g_5b.log
register,92800,3.0408704,0.5921,0.688,0.1795,0.0,0.00122,3.3,logs/register_5b_4g/train_register_4g_5b.log
register,92900,3.0441472,0.5921,0.6919,0.1855,0.0,0.00122,3.3,logs/register_5b_4g/train_register_4g_5b.log
register,93000,3.047424,0.595,0.6878,0.1796,0.0,0.00122,3.3,logs/register_5b_4g/train_register_4g_5b.log
register,93100,3.0507008,0.5949,0.6952,0.1811,0.0,0.00122,3.3,logs/register_5b_4g/train_register_4g_5b.log
register,93200,3.0539776,0.5971,0.6918,0.1805,0.0,0.00123,3.3,logs/register_5b_4g/train_register_4g_5b.log
register,93300,3.0572544,0.5978,0.6889,0.1786,0.0,0.00123,3.3,logs/register_5b_4g/train_register_4g_5b.log
register,93400,3.0605312,0.6008,0.6909,0.1737,0.0,0.00123,3.3,logs/register_5b_4g/train_register_4g_5b.log
register,93500,3.063808,0.5993,0.6915,0.179,0.0,0.00123,3.3,logs/register_5b_4g/train_register_4g_5b.log
register,93600,3.0670848,0.596,0.6884,0.1777,0.0,0.00123,3.3,logs/register_5b_4g/train_register_4g_5b.log
register,93700,3.0703616,0.5978,0.6902,0.1732,0.0,0.00123,3.3,logs/register_5b_4g/train_register_4g_5b.log
register,93800,3.0736384,0.5943,0.6899,0.1789,0.0,0.00123,3.3,logs/register_5b_4g/train_register_4g_5b.log
register,93900,3.0769152,0.5908,0.6896,0.1804,0.0,0.00123,3.3,logs/register_5b_4g/train_register_4g_5b.log
register,94000,3.080192,0.5975,0.69,0.1821,0.0,0.00124,3.3,logs/register_5b_4g/train_register_4g_5b.log
register,94100,3.0834688,0.5969,0.6898,0.1752,0.0,0.00124,3.3,logs/register_5b_4g/train_register_4g_5b.log
register,94200,3.0867456,0.5906,0.6882,0.1819,0.0,0.00124,3.3,logs/register_5b_4g/train_register_4g_5b.log
register,94300,3.0900224,0.589,0.6833,0.1811,0.0,0.00124,3.3,logs/register_5b_4g/train_register_4g_5b.log
register,94400,3.0932992,0.5963,0.6875,0.1767,0.0,0.00124,3.3,logs/register_5b_4g/train_register_4g_5b.log
register,94500,3.096576,0.5969,0.6925,0.1815,0.0,0.00124,3.2,logs/register_5b_4g/train_register_4g_5b.log
register,94600,3.0998528,0.5935,0.6873,0.1804,0.0,0.00124,3.3,logs/register_5b_4g/train_register_4g_5b.log
register,94700,3.1031296,0.5915,0.6894,0.1756,0.0,0.00124,3.3,logs/register_5b_4g/train_register_4g_5b.log
register,94800,3.1064064,0.5971,0.6905,0.1816,0.0,0.00125,3.3,logs/register_5b_4g/train_register_4g_5b.log
register,94900,3.1096832,0.5949,0.6908,0.1831,0.0,0.00125,3.2,logs/register_5b_4g/train_register_4g_5b.log
register,95000,3.11296,0.5876,0.6858,0.1869,0.0,0.00125,3.3,logs/register_5b_4g/train_register_4g_5b.log
register,95100,3.1162368,0.5905,0.6906,0.1885,0.0,0.00125,3.3,logs/register_5b_4g/train_register_4g_5b.log
register,95200,3.1195136,0.5929,0.6914,0.1828,0.0,0.00125,3.3,logs/register_5b_4g/train_register_4g_5b.log
register,95300,3.1227904,0.5984,0.6923,0.1812,0.0,0.00125,3.3,logs/register_5b_4g/train_register_4g_5b.log
register,95400,3.1260672,0.5892,0.6854,0.1847,0.0,0.00125,3.3,logs/register_5b_4g/train_register_4g_5b.log
register,95500,3.129344,0.5955,0.6889,0.1727,0.0,0.00126,3.3,logs/register_5b_4g/train_register_4g_5b.log
register,95600,3.1326208,0.595,0.6903,0.1837,0.0,0.00126,3.3,logs/register_5b_4g/train_register_4g_5b.log
register,95700,3.1358976,0.5998,0.6975,0.1833,0.0,0.00126,3.3,logs/register_5b_4g/train_register_4g_5b.log
register,95800,3.1391744,0.5973,0.6959,0.1739,0.0,0.00126,3.3,logs/register_5b_4g/train_register_4g_5b.log
register,95900,3.1424512,0.5949,0.6877,0.1826,0.0,0.00126,3.3,logs/register_5b_4g/train_register_4g_5b.log
register,96000,3.145728,0.5982,0.6912,0.1805,0.0,0.00126,3.2,logs/register_5b_4g/train_register_4g_5b.log
register,96100,3.1490048,0.5933,0.6879,0.1819,0.0,0.00126,3.3,logs/register_5b_4g/train_register_4g_5b.log
register,96200,3.1522816,0.5971,0.6912,0.185,0.0,0.00126,3.3,logs/register_5b_4g/train_register_4g_5b.log
register,96300,3.1555584,0.5929,0.6866,0.189,0.0,0.00127,3.3,logs/register_5b_4g/train_register_4g_5b.log
register,96400,3.1588352,0.594,0.691,0.1824,0.0,0.00127,3.2,logs/register_5b_4g/train_register_4g_5b.log
register,96500,3.162112,0.5966,0.6901,0.1783,0.0,0.00127,3.3,logs/register_5b_4g/train_register_4g_5b.log
register,96600,3.1653888,0.5973,0.6905,0.1811,0.0,0.00127,3.2,logs/register_5b_4g/train_register_4g_5b.log
register,96700,3.1686656,0.5983,0.6887,0.1802,0.0,0.00127,3.3,logs/register_5b_4g/train_register_4g_5b.log
register,96800,3.1719424,0.595,0.6914,0.173,0.0,0.00127,3.3,logs/register_5b_4g/train_register_4g_5b.log
register,96900,3.1752192,0.5889,0.6829,0.1882,0.0,0.00127,3.2,logs/register_5b_4g/train_register_4g_5b.log
register,97000,3.178496,0.5923,0.6913,0.1837,0.0,0.00128,3.2,logs/register_5b_4g/train_register_4g_5b.log
register,97100,3.1817728,0.5957,0.6919,0.1795,0.0,0.00128,3.2,logs/register_5b_4g/train_register_4g_5b.log
register,97200,3.1850496,0.595,0.691,0.1788,0.0,0.00128,3.3,logs/register_5b_4g/train_register_4g_5b.log
register,97300,3.1883264,0.5982,0.6934,0.1795,0.0,0.00128,3.3,logs/register_5b_4g/train_register_4g_5b.log
register,97400,3.1916032,0.5913,0.6844,0.1835,0.0,0.00128,3.2,logs/register_5b_4g/train_register_4g_5b.log
register,97500,3.19488,0.6025,0.6915,0.1694,0.0,0.00128,3.3,logs/register_5b_4g/train_register_4g_5b.log
register,97600,3.1981568,0.5886,0.6853,0.1877,0.0,0.00128,3.3,logs/register_5b_4g/train_register_4g_5b.log
register,97700,3.2014336,0.5965,0.6854,0.1791,0.0,0.00128,3.3,logs/register_5b_4g/train_register_4g_5b.log
register,97800,3.2047104,0.6018,0.6942,0.1806,0.0,0.00129,3.3,logs/register_5b_4g/train_register_4g_5b.log
register,97900,3.2079872,0.5975,0.6899,0.1697,0.0,0.00129,3.3,logs/register_5b_4g/train_register_4g_5b.log
register,98000,3.211264,0.5966,0.6892,0.1783,0.0,0.00129,3.3,logs/register_5b_4g/train_register_4g_5b.log
register,98100,3.2145408,0.5997,0.6943,0.1794,0.0,0.00129,3.2,logs/register_5b_4g/train_register_4g_5b.log
register,98200,3.2178176,0.5873,0.6864,0.1895,0.0,0.00129,3.3,logs/register_5b_4g/train_register_4g_5b.log
register,98300,3.2210944,0.598,0.6904,0.1771,0.0,0.00129,3.3,logs/register_5b_4g/train_register_4g_5b.log
register,98400,3.2243712,0.5921,0.6882,0.1851,0.0,0.00129,3.3,logs/register_5b_4g/train_register_4g_5b.log
register,98500,3.227648,0.5981,0.6914,0.1809,0.0,0.00129,3.2,logs/register_5b_4g/train_register_4g_5b.log
register,98600,3.2309248,0.5961,0.6886,0.1787,0.0,0.0013,3.3,logs/register_5b_4g/train_register_4g_5b.log
register,98700,3.2342016,0.5952,0.6877,0.1848,0.0,0.0013,3.3,logs/register_5b_4g/train_register_4g_5b.log
register,98800,3.2374784,0.5914,0.6931,0.1836,0.0,0.0013,3.3,logs/register_5b_4g/train_register_4g_5b.log
register,98900,3.2407552,0.5876,0.6862,0.1799,0.0,0.0013,3.2,logs/register_5b_4g/train_register_4g_5b.log
register,99000,3.244032,0.5943,0.6887,0.1798,0.0,0.0013,3.3,logs/register_5b_4g/train_register_4g_5b.log
register,99100,3.2473088,0.5938,0.6891,0.1801,0.0,0.0013,3.2,logs/register_5b_4g/train_register_4g_5b.log
register,99200,3.2505856,0.5985,0.6909,0.1833,0.0,0.0013,3.3,logs/register_5b_4g/train_register_4g_5b.log
register,99300,3.2538624,0.586,0.6873,0.188,0.0,0.00131,3.3,logs/register_5b_4g/train_register_4g_5b.log
register,99400,3.2571392,0.59,0.6876,0.1836,0.0,0.00131,3.3,logs/register_5b_4g/train_register_4g_5b.log
register,99500,3.260416,0.5959,0.6883,0.1836,0.0,0.00131,3.3,logs/register_5b_4g/train_register_4g_5b.log
register,99600,3.2636928,0.6007,0.6923,0.1785,0.0,0.00131,3.3,logs/register_5b_4g/train_register_4g_5b.log
register,99700,3.2669696,0.5953,0.6915,0.1784,0.0,0.00131,3.3,logs/register_5b_4g/train_register_4g_5b.log
register,99800,3.2702464,0.5974,0.6933,0.1812,0.0,0.00131,3.3,logs/register_5b_4g/train_register_4g_5b.log
register,99900,3.2735232,0.594,0.6907,0.18,0.0,0.00131,3.3,logs/register_5b_4g/train_register_4g_5b.log
register,100000,3.2768,0.5952,0.6866,0.1764,0.0,0.00131,3.3,logs/register_5b_4g/train_register_4g_5b.log
register,100100,3.2800768,0.5971,0.6933,0.1877,0.0,0.00132,3.2,logs/register_5b_4g/train_register_4g_5b.log
register,100200,3.2833536,0.5922,0.6878,0.1834,0.0,0.00132,3.3,logs/register_5b_4g/train_register_4g_5b.log
register,100300,3.2866304,0.5881,0.688,0.1864,0.0,0.00132,3.3,logs/register_5b_4g/train_register_4g_5b.log
register,100400,3.2899072,0.5945,0.6871,0.1804,0.0,0.00132,3.3,logs/register_5b_4g/train_register_4g_5b.log
register,100500,3.293184,0.5884,0.6869,0.1935,0.0,0.00132,3.3,logs/register_5b_4g/train_register_4g_5b.log
register,100600,3.2964608,0.5926,0.6927,0.1885,0.0,0.00132,3.3,logs/register_5b_4g/train_register_4g_5b.log
register,100700,3.2997376,0.5927,0.6923,0.1831,0.0,0.00132,3.3,logs/register_5b_4g/train_register_4g_5b.log
register,100800,3.3030144,0.5917,0.6891,0.1838,0.0,0.00133,3.3,logs/register_5b_4g/train_register_4g_5b.log
register,100900,3.3062912,0.5927,0.691,0.1863,0.0,0.00133,3.3,logs/register_5b_4g/train_register_4g_5b.log
register,101000,3.309568,0.5969,0.6896,0.1825,0.0,0.00133,3.3,logs/register_5b_4g/train_register_4g_5b.log
register,101100,3.3128448,0.6006,0.6959,0.1775,0.0,0.00133,3.3,logs/register_5b_4g/train_register_4g_5b.log
register,101200,3.3161216,0.5946,0.697,0.1842,0.0,0.00133,3.2,logs/register_5b_4g/train_register_4g_5b.log
register,101300,3.3193984,0.5917,0.6867,0.1817,0.0,0.00133,3.3,logs/register_5b_4g/train_register_4g_5b.log
register,101400,3.3226752,0.5998,0.6903,0.1685,0.0,0.00133,3.3,logs/register_5b_4g/train_register_4g_5b.log
register,101500,3.325952,0.5873,0.6874,0.1794,0.0,0.00133,3.3,logs/register_5b_4g/train_register_4g_5b.log
register,101600,3.3292288,0.6005,0.6905,0.1752,0.0,0.00134,3.3,logs/register_5b_4g/train_register_4g_5b.log
register,101700,3.3325056,0.5934,0.6942,0.1801,0.0,0.00134,3.3,logs/register_5b_4g/train_register_4g_5b.log
register,101800,3.3357824,0.5892,0.691,0.1869,0.0,0.00134,3.3,logs/register_5b_4g/train_register_4g_5b.log
register,101900,3.3390592,0.5974,0.6897,0.1821,0.0,0.00134,3.3,logs/register_5b_4g/train_register_4g_5b.log
register,102000,3.342336,0.5994,0.692,0.1918,0.0,0.00134,3.2,logs/register_5b_4g/train_register_4g_5b.log
register,102100,3.3456128,0.5986,0.6943,0.176,0.0,0.00134,3.2,logs/register_5b_4g/train_register_4g_5b.log
register,102200,3.3488896,0.5887,0.6863,0.1818,0.0,0.00134,3.3,logs/register_5b_4g/train_register_4g_5b.log
register,102300,3.3521664,0.5968,0.6907,0.175,0.0,0.00134,3.3,logs/register_5b_4g/train_register_4g_5b.log
register,102400,3.3554432,0.5903,0.6885,0.1851,0.0,0.00135,3.3,logs/register_5b_4g/train_register_4g_5b.log
register,102500,3.35872,0.5956,0.6874,0.1854,0.0,0.00135,3.3,logs/register_5b_4g/train_register_4g_5b.log
register,102600,3.3619968,0.593,0.691,0.1802,0.0,0.00135,3.3,logs/register_5b_4g/train_register_4g_5b.log
register,102700,3.3652736,0.5894,0.6864,0.1831,0.0,0.00135,3.3,logs/register_5b_4g/train_register_4g_5b.log
register,102800,3.3685504,0.5981,0.6931,0.1858,0.0,0.00135,3.3,logs/register_5b_4g/train_register_4g_5b.log
register,102900,3.3718272,0.5979,0.6967,0.1899,0.0,0.00135,3.3,logs/register_5b_4g/train_register_4g_5b.log
register,103000,3.375104,0.5965,0.6939,0.1824,0.0,0.00135,3.2,logs/register_5b_4g/train_register_4g_5b.log
register,103100,3.3783808,0.5931,0.6847,0.1791,0.0,0.00136,3.3,logs/register_5b_4g/train_register_4g_5b.log
register,103200,3.3816576,0.587,0.6822,0.1823,0.0,0.00136,3.3,logs/register_5b_4g/train_register_4g_5b.log
register,103300,3.3849344,0.5994,0.6947,0.1822,0.0,0.00136,3.3,logs/register_5b_4g/train_register_4g_5b.log
register,103400,3.3882112,0.5903,0.6888,0.1855,0.0,0.00136,3.3,logs/register_5b_4g/train_register_4g_5b.log
register,103500,3.391488,0.608,0.6943,0.1751,0.0,0.00136,3.3,logs/register_5b_4g/train_register_4g_5b.log
register,103600,3.3947648,0.5892,0.6899,0.1911,0.0,0.00136,3.2,logs/register_5b_4g/train_register_4g_5b.log
register,103700,3.3980416,0.5963,0.6867,0.1835,0.0,0.00136,3.3,logs/register_5b_4g/train_register_4g_5b.log
register,103800,3.4013184,0.5971,0.6903,0.1799,0.0,0.00136,3.3,logs/register_5b_4g/train_register_4g_5b.log
register,103900,3.4045952,0.6036,0.6891,0.1846,0.0,0.00137,3.2,logs/register_5b_4g/train_register_4g_5b.log
register,104000,3.407872,0.5927,0.6861,0.1849,0.0,0.00137,3.2,logs/register_5b_4g/train_register_4g_5b.log
register,104100,3.4111488,0.5946,0.6921,0.1825,0.0,0.00137,3.3,logs/register_5b_4g/train_register_4g_5b.log
register,104200,3.4144256,0.598,0.6903,0.1807,0.0,0.00137,3.3,logs/register_5b_4g/train_register_4g_5b.log
register,104300,3.4177024,0.5944,0.6879,0.1803,0.0,0.00137,3.3,logs/register_5b_4g/train_register_4g_5b.log
register,104400,3.4209792,0.591,0.6869,0.1941,0.0,0.00137,3.2,logs/register_5b_4g/train_register_4g_5b.log
register,104500,3.424256,0.59,0.6835,0.1831,0.0,0.00137,3.3,logs/register_5b_4g/train_register_4g_5b.log
register,104600,3.4275328,0.5995,0.6917,0.184,0.0,0.00138,3.3,logs/register_5b_4g/train_register_4g_5b.log
register,104700,3.4308096,0.6009,0.6905,0.1769,0.0,0.00138,3.3,logs/register_5b_4g/train_register_4g_5b.log
register,104800,3.4340864,0.5939,0.6873,0.1741,0.0,0.00138,3.3,logs/register_5b_4g/train_register_4g_5b.log
register,104900,3.4373632,0.591,0.6907,0.1831,0.0,0.00138,3.3,logs/register_5b_4g/train_register_4g_5b.log
register,105000,3.44064,0.6012,0.6916,0.1826,0.0,0.00138,3.2,logs/register_5b_4g/train_register_4g_5b.log
register,105100,3.4439168,0.5954,0.6882,0.1765,0.0,0.00138,3.3,logs/register_5b_4g/train_register_4g_5b.log
register,105200,3.4471936,0.5943,0.6853,0.183,0.0,0.00138,3.3,logs/register_5b_4g/train_register_4g_5b.log
register,105300,3.4504704,0.5969,0.6922,0.1783,0.0,0.00138,3.3,logs/register_5b_4g/train_register_4g_5b.log
register,105400,3.4537472,0.593,0.6899,0.1886,0.0,0.00139,3.3,logs/register_5b_4g/train_register_4g_5b.log
register,105500,3.457024,0.5888,0.6844,0.1815,0.0,0.00139,3.3,logs/register_5b_4g/train_register_4g_5b.log
register,105600,3.4603008,0.6019,0.6938,0.1856,0.0,0.00139,3.2,logs/register_5b_4g/train_register_4g_5b.log
register,105700,3.4635776,0.6034,0.6908,0.182,0.0,0.00139,3.3,logs/register_5b_4g/train_register_4g_5b.log
register,105800,3.4668544,0.5929,0.6901,0.1809,0.0,0.00139,3.3,logs/register_5b_4g/train_register_4g_5b.log
register,105900,3.4701312,0.5928,0.6931,0.1873,0.0,0.00139,3.3,logs/register_5b_4g/train_register_4g_5b.log
register,106000,3.473408,0.5965,0.6927,0.1862,0.0,0.00139,3.3,logs/register_5b_4g/train_register_4g_5b.log
register,106100,3.4766848,0.5966,0.6886,0.1835,0.0,0.00139,3.3,logs/register_5b_4g/train_register_4g_5b.log
register,106200,3.4799616,0.5934,0.685,0.1875,0.0,0.0014,3.4,logs/register_5b_4g/train_register_4g_5b.log
register,106300,3.4832384,0.5949,0.6878,0.1871,0.0,0.0014,3.3,logs/register_5b_4g/train_register_4g_5b.log
register,106400,3.4865152,0.5964,0.6915,0.1796,0.0,0.0014,3.3,logs/register_5b_4g/train_register_4g_5b.log
register,106500,3.489792,0.5966,0.693,0.1916,0.0,0.0014,3.3,logs/register_5b_4g/train_register_4g_5b.log
register,106600,3.4930688,0.5894,0.6827,0.1833,0.0,0.0014,3.3,logs/register_5b_4g/train_register_4g_5b.log
register,106700,3.4963456,0.5922,0.6917,0.1716,0.0,0.0014,3.3,logs/register_5b_4g/train_register_4g_5b.log
register,106800,3.4996224,0.6025,0.6927,0.1839,0.0,0.0014,3.4,logs/register_5b_4g/train_register_4g_5b.log
register,106900,3.5028992,0.5946,0.6912,0.1856,0.0,0.00141,3.3,logs/register_5b_4g/train_register_4g_5b.log
register,107000,3.506176,0.5939,0.6903,0.1839,0.0,0.00141,3.3,logs/register_5b_4g/train_register_4g_5b.log
register,107100,3.5094528,0.5937,0.6895,0.1887,0.0,0.00141,3.3,logs/register_5b_4g/train_register_4g_5b.log
register,107200,3.5127296,0.5967,0.6901,0.1842,0.0,0.00141,3.3,logs/register_5b_4g/train_register_4g_5b.log
register,107300,3.5160064,0.5874,0.6886,0.1895,0.0,0.00141,3.3,logs/register_5b_4g/train_register_4g_5b.log
register,107400,3.5192832,0.6005,0.6903,0.1821,0.0,0.00141,3.3,logs/register_5b_4g/train_register_4g_5b.log
register,107500,3.52256,0.5936,0.6893,0.184,0.0,0.00141,3.2,logs/register_5b_4g/train_register_4g_5b.log
register,107600,3.5258368,0.5941,0.6944,0.1864,0.0,0.00141,3.3,logs/register_5b_4g/train_register_4g_5b.log
register,107700,3.5291136,0.5913,0.6923,0.1861,0.0,0.00142,3.3,logs/register_5b_4g/train_register_4g_5b.log
register,107800,3.5323904,0.5955,0.6896,0.1831,0.0,0.00142,3.3,logs/register_5b_4g/train_register_4g_5b.log
register,107900,3.5356672,0.5938,0.6924,0.171,0.0,0.00142,3.3,logs/register_5b_4g/train_register_4g_5b.log
register,108000,3.538944,0.5937,0.6902,0.1824,0.0,0.00142,3.3,logs/register_5b_4g/train_register_4g_5b.log
register,108100,3.5422208,0.5932,0.6916,0.1882,0.0,0.00142,3.3,logs/register_5b_4g/train_register_4g_5b.log
register,108200,3.5454976,0.5968,0.6871,0.1748,0.0,0.00142,3.3,logs/register_5b_4g/train_register_4g_5b.log
register,108300,3.5487744,0.5971,0.6883,0.1862,0.0,0.00142,3.3,logs/register_5b_4g/train_register_4g_5b.log
register,108400,3.5520512,0.6008,0.6931,0.1866,0.0,0.00143,3.2,logs/register_5b_4g/train_register_4g_5b.log
register,108500,3.555328,0.5962,0.6925,0.1841,0.0,0.00143,3.3,logs/register_5b_4g/train_register_4g_5b.log
register,108600,3.5586048,0.5945,0.6884,0.1872,0.0,0.00143,3.3,logs/register_5b_4g/train_register_4g_5b.log
register,108700,3.5618816,0.5973,0.6906,0.1848,0.0,0.00143,3.3,logs/register_5b_4g/train_register_4g_5b.log
register,108800,3.5651584,0.6009,0.6903,0.1844,0.0,0.00143,3.3,logs/register_5b_4g/train_register_4g_5b.log
register,108900,3.5684352,0.5966,0.6912,0.1768,0.0,0.00143,3.3,logs/register_5b_4g/train_register_4g_5b.log
register,109000,3.571712,0.5949,0.6893,0.1845,0.0,0.00143,3.2,logs/register_5b_4g/train_register_4g_5b.log
register,109100,3.5749888,0.5984,0.6896,0.1851,0.0,0.00143,3.3,logs/register_5b_4g/train_register_4g_5b.log
register,109200,3.5782656,0.5877,0.6842,0.1801,0.0,0.00144,3.3,logs/register_5b_4g/train_register_4g_5b.log
register,109300,3.5815424,0.5938,0.6919,0.1804,0.0,0.00144,3.4,logs/register_5b_4g/train_register_4g_5b.log
register,109400,3.5848192,0.6029,0.6955,0.1852,0.0,0.00144,3.3,logs/register_5b_4g/train_register_4g_5b.log
register,109500,3.588096,0.5956,0.6887,0.1842,0.0,0.00144,3.3,logs/register_5b_4g/train_register_4g_5b.log
register,109600,3.5913728,0.5937,0.687,0.186,0.0,0.00144,3.3,logs/register_5b_4g/train_register_4g_5b.log
register,109700,3.5946496,0.5924,0.6913,0.188,0.0,0.00144,3.3,logs/register_5b_4g/train_register_4g_5b.log
register,109800,3.5979264,0.5994,0.6898,0.181,0.0,0.00144,3.4,logs/register_5b_4g/train_register_4g_5b.log
register,109900,3.6012032,0.5893,0.6796,0.1866,0.0,0.00144,3.2,logs/register_5b_4g/train_register_4g_5b.log
register,110000,3.60448,0.5996,0.6901,0.1846,0.0,0.00145,3.2,logs/register_5b_4g/train_register_4g_5b.log
register,110100,3.6077568,0.5963,0.6874,0.1838,0.0,0.00145,3.3,logs/register_5b_4g/train_register_4g_5b.log
register,110200,3.6110336,0.5918,0.6898,0.1814,0.0,0.00145,3.3,logs/register_5b_4g/train_register_4g_5b.log
register,110300,3.6143104,0.5951,0.6888,0.1844,0.0,0.00145,3.3,logs/register_5b_4g/train_register_4g_5b.log
register,110400,3.6175872,0.5992,0.6898,0.1834,0.0,0.00145,3.2,logs/register_5b_4g/train_register_4g_5b.log
register,110500,3.620864,0.5985,0.6929,0.1814,0.0,0.00145,3.3,logs/register_5b_4g/train_register_4g_5b.log
register,110600,3.6241408,0.5939,0.6915,0.1805,0.0,0.00145,3.3,logs/register_5b_4g/train_register_4g_5b.log
register,110700,3.6274176,0.5955,0.6866,0.18,0.0,0.00146,3.3,logs/register_5b_4g/train_register_4g_5b.log
register,110800,3.6306944,0.593,0.6864,0.1833,0.0,0.00146,3.3,logs/register_5b_4g/train_register_4g_5b.log
register,110900,3.6339712,0.5933,0.6867,0.1815,0.0,0.00146,3.3,logs/register_5b_4g/train_register_4g_5b.log
register,111000,3.637248,0.5967,0.6912,0.1821,0.0,0.00146,3.3,logs/register_5b_4g/train_register_4g_5b.log
register,111100,3.6405248,0.595,0.6855,0.1849,0.0,0.00146,3.3,logs/register_5b_4g/train_register_4g_5b.log
register,111200,3.6438016,0.5984,0.6902,0.1894,0.0,0.00146,3.3,logs/register_5b_4g/train_register_4g_5b.log
register,111300,3.6470784,0.5993,0.6891,0.1822,0.0,0.00146,3.3,logs/register_5b_4g/train_register_4g_5b.log
register,111400,3.6503552,0.5866,0.6855,0.1837,0.0,0.00146,3.3,logs/register_5b_4g/train_register_4g_5b.log
register,111500,3.653632,0.6022,0.692,0.1806,0.0,0.00147,3.3,logs/register_5b_4g/train_register_4g_5b.log
register,111600,3.6569088,0.601,0.6867,0.1729,0.0,0.00147,3.3,logs/register_5b_4g/train_register_4g_5b.log
register,111700,3.6601856,0.593,0.691,0.1864,0.0,0.00147,3.3,logs/register_5b_4g/train_register_4g_5b.log
register,111800,3.6634624,0.6002,0.6912,0.1802,0.0,0.00147,3.3,logs/register_5b_4g/train_register_4g_5b.log
register,111900,3.6667392,0.5888,0.6896,0.1943,0.0,0.00147,3.2,logs/register_5b_4g/train_register_4g_5b.log
register,112000,3.670016,0.5986,0.6905,0.1759,0.0,0.00147,3.3,logs/register_5b_4g/train_register_4g_5b.log
register,112100,3.6732928,0.5974,0.6868,0.1899,0.0,0.00147,3.3,logs/register_5b_4g/train_register_4g_5b.log
register,112200,3.6765696,0.598,0.6944,0.1824,0.0,0.00147,3.3,logs/register_5b_4g/train_register_4g_5b.log
register,112300,3.6798464,0.6031,0.6906,0.1784,0.0,0.00148,3.3,logs/register_5b_4g/train_register_4g_5b.log
register,112400,3.6831232,0.5975,0.6857,0.1838,0.0,0.00148,3.3,logs/register_5b_4g/train_register_4g_5b.log
register,112500,3.6864,0.5979,0.6936,0.1872,0.0,0.00148,3.3,logs/register_5b_4g/train_register_4g_5b.log
register,112600,3.6896768,0.5979,0.6933,0.183,0.0,0.00148,3.3,logs/register_5b_4g/train_register_4g_5b.log
register,112700,3.6929536,0.596,0.6876,0.1851,0.0,0.00148,3.3,logs/register_5b_4g/train_register_4g_5b.log
register,112800,3.6962304,0.5975,0.6925,0.1851,0.0,0.00148,3.3,logs/register_5b_4g/train_register_4g_5b.log
register,112900,3.6995072,0.5926,0.6883,0.1821,0.0,0.00148,3.3,logs/register_5b_4g/train_register_4g_5b.log
register,113000,3.702784,0.5952,0.688,0.1832,0.0,0.00149,3.3,logs/register_5b_4g/train_register_4g_5b.log
register,113100,3.7060608,0.5881,0.6832,0.1927,0.0,0.00149,3.3,logs/register_5b_4g/train_register_4g_5b.log
register,113200,3.7093376,0.5886,0.685,0.1872,0.0,0.00149,3.3,logs/register_5b_4g/train_register_4g_5b.log
register,113300,3.7126144,0.5974,0.695,0.1868,0.0,0.00149,3.3,logs/register_5b_4g/train_register_4g_5b.log
register,113400,3.7158912,0.5888,0.6942,0.1912,0.0,0.00149,3.3,logs/register_5b_4g/train_register_4g_5b.log
register,113500,3.719168,0.5903,0.687,0.1895,0.0,0.00149,3.2,logs/register_5b_4g/train_register_4g_5b.log
register,113600,3.7224448,0.5952,0.688,0.1823,0.0,0.00149,3.3,logs/register_5b_4g/train_register_4g_5b.log
register,113700,3.7257216,0.5986,0.689,0.1882,0.0,0.00149,3.3,logs/register_5b_4g/train_register_4g_5b.log
register,113800,3.7289984,0.5895,0.6819,0.1856,0.0,0.0015,3.3,logs/register_5b_4g/train_register_4g_5b.log
register,113900,3.7322752,0.5928,0.6904,0.1887,0.0,0.0015,3.3,logs/register_5b_4g/train_register_4g_5b.log
register,114000,3.735552,0.5971,0.6917,0.1785,0.0,0.0015,3.3,logs/register_5b_4g/train_register_4g_5b.log
register,114100,3.7388288,0.5974,0.6905,0.1823,0.0,0.0015,3.3,logs/register_5b_4g/train_register_4g_5b.log
register,114200,3.7421056,0.5929,0.6906,0.1908,0.0,0.0015,3.3,logs/register_5b_4g/train_register_4g_5b.log
register,114300,3.7453824,0.5929,0.6891,0.1859,0.0,0.0015,3.3,logs/register_5b_4g/train_register_4g_5b.log
register,114400,3.7486592,0.6021,0.6921,0.1801,0.0,0.0015,3.3,logs/register_5b_4g/train_register_4g_5b.log
register,114500,3.751936,0.5936,0.69,0.1882,0.0,0.00151,3.3,logs/register_5b_4g/train_register_4g_5b.log
register,114600,3.7552128,0.6041,0.6969,0.1805,0.0,0.00151,3.3,logs/register_5b_4g/train_register_4g_5b.log
register,114700,3.7584896,0.5971,0.6933,0.1893,0.0,0.00151,3.3,logs/register_5b_4g/train_register_4g_5b.log
register,114800,3.7617664,0.6082,0.6997,0.1822,0.0,0.00151,3.3,logs/register_5b_4g/train_register_4g_5b.log
register,114900,3.7650432,0.5987,0.695,0.1882,0.0,0.00151,3.3,logs/register_5b_4g/train_register_4g_5b.log
register,115000,3.76832,0.5925,0.6878,0.184,0.0,0.00151,3.2,logs/register_5b_4g/train_register_4g_5b.log
register,115100,3.7715968,0.5973,0.6896,0.184,0.0,0.00151,3.3,logs/register_5b_4g/train_register_4g_5b.log
register,115200,3.7748736,0.5931,0.6876,0.1788,0.0,0.00151,3.3,logs/register_5b_4g/train_register_4g_5b.log
register,115300,3.7781504,0.5907,0.6877,0.1877,0.0,0.00152,3.3,logs/register_5b_4g/train_register_4g_5b.log
register,115400,3.7814272,0.5997,0.6963,0.1912,0.0,0.00152,3.3,logs/register_5b_4g/train_register_4g_5b.log
register,115500,3.784704,0.5998,0.6942,0.1834,0.0,0.00152,3.3,logs/register_5b_4g/train_register_4g_5b.log
register,115600,3.7879808,0.6002,0.6941,0.1868,0.0,0.00152,3.3,logs/register_5b_4g/train_register_4g_5b.log
register,115700,3.7912576,0.6003,0.6923,0.1867,0.0,0.00152,3.4,logs/register_5b_4g/train_register_4g_5b.log
register,115800,3.7945344,0.5964,0.6901,0.1916,0.0,0.00152,3.4,logs/register_5b_4g/train_register_4g_5b.log
register,115900,3.7978112,0.5882,0.6863,0.1912,0.0,0.00152,3.3,logs/register_5b_4g/train_register_4g_5b.log
register,116000,3.801088,0.6023,0.6892,0.183,0.0,0.00153,3.3,logs/register_5b_4g/train_register_4g_5b.log
register,116100,3.8043648,0.5996,0.6953,0.1936,0.0,0.00153,3.3,logs/register_5b_4g/train_register_4g_5b.log
register,116200,3.8076416,0.594,0.6905,0.1915,0.0,0.00153,3.3,logs/register_5b_4g/train_register_4g_5b.log
register,116300,3.8109184,0.5942,0.6899,0.1872,0.0,0.00153,3.3,logs/register_5b_4g/train_register_4g_5b.log
register,116400,3.8141952,0.5979,0.6951,0.1794,0.0,0.00153,3.3,logs/register_5b_4g/train_register_4g_5b.log
register,116500,3.817472,0.593,0.6948,0.1936,0.0,0.00153,3.3,logs/register_5b_4g/train_register_4g_5b.log
register,116600,3.8207488,0.5866,0.6878,0.1858,0.0,0.00153,3.3,logs/register_5b_4g/train_register_4g_5b.log
register,116700,3.8240256,0.595,0.6915,0.1874,0.0,0.00153,3.3,logs/register_5b_4g/train_register_4g_5b.log
register,116800,3.8273024,0.5914,0.6912,0.1818,0.0,0.00154,3.4,logs/register_5b_4g/train_register_4g_5b.log
register,116900,3.8305792,0.5983,0.6891,0.1786,0.0,0.00154,3.3,logs/register_5b_4g/train_register_4g_5b.log
register,117000,3.833856,0.603,0.6906,0.1794,0.0,0.00154,3.3,logs/register_5b_4g/train_register_4g_5b.log
register,117100,3.8371328,0.5916,0.6904,0.1897,0.0,0.00154,3.2,logs/register_5b_4g/train_register_4g_5b.log
register,117200,3.8404096,0.5942,0.6898,0.1871,0.0,0.00154,3.3,logs/register_5b_4g/train_register_4g_5b.log
register,117300,3.8436864,0.597,0.6914,0.1839,0.0,0.00154,3.3,logs/register_5b_4g/train_register_4g_5b.log
register,117400,3.8469632,0.5935,0.6901,0.185,0.0,0.00154,3.3,logs/register_5b_4g/train_register_4g_5b.log
register,117500,3.85024,0.5963,0.6849,0.1832,0.0,0.00154,3.3,logs/register_5b_4g/train_register_4g_5b.log
register,117600,3.8535168,0.6009,0.6952,0.1868,0.0,0.00155,3.2,logs/register_5b_4g/train_register_4g_5b.log
register,117700,3.8567936,0.5955,0.6894,0.1841,0.0,0.00155,3.3,logs/register_5b_4g/train_register_4g_5b.log
register,117800,3.8600704,0.5934,0.6853,0.1869,0.0,0.00155,3.3,logs/register_5b_4g/train_register_4g_5b.log
register,117900,3.8633472,0.6027,0.6928,0.1817,0.0,0.00155,3.3,logs/register_5b_4g/train_register_4g_5b.log
register,118000,3.866624,0.598,0.6928,0.1897,0.0,0.00155,3.2,logs/register_5b_4g/train_register_4g_5b.log
register,118100,3.8699008,0.5926,0.6947,0.19,0.0,0.00155,3.3,logs/register_5b_4g/train_register_4g_5b.log
register,118200,3.8731776,0.5943,0.6881,0.1889,0.0,0.00155,3.3,logs/register_5b_4g/train_register_4g_5b.log
register,118300,3.8764544,0.5985,0.6892,0.1822,0.0,0.00156,3.3,logs/register_5b_4g/train_register_4g_5b.log
register,118400,3.8797312,0.5976,0.6926,0.1821,0.0,0.00156,3.3,logs/register_5b_4g/train_register_4g_5b.log
register,118500,3.883008,0.5996,0.6895,0.1872,0.0,0.00156,3.3,logs/register_5b_4g/train_register_4g_5b.log
register,118600,3.8862848,0.5949,0.6904,0.1878,0.0,0.00156,3.3,logs/register_5b_4g/train_register_4g_5b.log
register,118700,3.8895616,0.5951,0.6906,0.188,0.0,0.00156,3.3,logs/register_5b_4g/train_register_4g_5b.log
register,118800,3.8928384,0.5973,0.6886,0.1824,0.0,0.00156,3.3,logs/register_5b_4g/train_register_4g_5b.log
register,118900,3.8961152,0.6004,0.6901,0.1904,0.0,0.00156,3.2,logs/register_5b_4g/train_register_4g_5b.log
register,119000,3.899392,0.5923,0.6889,0.1879,0.0,0.00156,3.3,logs/register_5b_4g/train_register_4g_5b.log
register,119100,3.9026688,0.5989,0.6893,0.1794,0.0,0.00157,3.3,logs/register_5b_4g/train_register_4g_5b.log
register,119200,3.9059456,0.5982,0.6928,0.189,0.0,0.00157,3.3,logs/register_5b_4g/train_register_4g_5b.log
register,119300,3.9092224,0.5945,0.689,0.1831,0.0,0.00157,3.3,logs/register_5b_4g/train_register_4g_5b.log
register,119400,3.9124992,0.5906,0.6861,0.1884,0.0,0.00157,3.3,logs/register_5b_4g/train_register_4g_5b.log
register,119500,3.915776,0.6029,0.6913,0.1769,0.0,0.00157,3.3,logs/register_5b_4g/train_register_4g_5b.log
register,119600,3.9190528,0.5896,0.6852,0.1794,0.0,0.00157,3.3,logs/register_5b_4g/train_register_4g_5b.log
register,119700,3.9223296,0.5937,0.6905,0.1841,0.0,0.00157,3.3,logs/register_5b_4g/train_register_4g_5b.log
register,119800,3.9256064,0.6012,0.6927,0.1796,0.0,0.00157,3.3,logs/register_5b_4g/train_register_4g_5b.log
register,119900,3.9288832,0.5971,0.6886,0.1864,0.0,0.00158,3.3,logs/register_5b_4g/train_register_4g_5b.log
register,120000,3.93216,0.5946,0.6926,0.1791,0.0,0.00158,3.2,logs/register_5b_4g/train_register_4g_5b.log
register,120100,3.9354368,0.5906,0.6867,0.1894,0.0,0.00158,3.3,logs/register_5b_4g/train_register_4g_5b.log
register,120200,3.9387136,0.5915,0.6928,0.1906,0.0,0.00158,3.3,logs/register_5b_4g/train_register_4g_5b.log
register,120300,3.9419904,0.5981,0.6916,0.1888,0.0,0.00158,3.4,logs/register_5b_4g/train_register_4g_5b.log
register,120400,3.9452672,0.6069,0.6948,0.1874,0.0,0.00158,3.3,logs/register_5b_4g/train_register_4g_5b.log
register,120500,3.948544,0.5939,0.69,0.1904,0.0,0.00158,3.3,logs/register_5b_4g/train_register_4g_5b.log
register,120600,3.9518208,0.601,0.6931,0.1914,0.0,0.00159,3.3,logs/register_5b_4g/train_register_4g_5b.log
register,120700,3.9550976,0.6062,0.6972,0.1879,0.0,0.00159,3.3,logs/register_5b_4g/train_register_4g_5b.log
register,120800,3.9583744,0.5987,0.6894,0.1847,0.0,0.00159,3.3,logs/register_5b_4g/train_register_4g_5b.log
register,120900,3.9616512,0.5964,0.6905,0.1797,0.0,0.00159,3.3,logs/register_5b_4g/train_register_4g_5b.log
register,121000,3.964928,0.5902,0.6883,0.1973,0.0,0.00159,3.3,logs/register_5b_4g/train_register_4g_5b.log
register,121100,3.9682048,0.6004,0.6925,0.1835,0.0,0.00159,3.3,logs/register_5b_4g/train_register_4g_5b.log
register,121200,3.9714816,0.6007,0.6959,0.1803,0.0,0.00159,3.3,logs/register_5b_4g/train_register_4g_5b.log
register,121300,3.9747584,0.6065,0.6925,0.1762,0.0,0.00159,3.3,logs/register_5b_4g/train_register_4g_5b.log
register,121400,3.9780352,0.5899,0.6882,0.2015,0.0,0.0016,3.3,logs/register_5b_4g/train_register_4g_5b.log
register,121500,3.981312,0.5923,0.6881,0.1876,0.0,0.0016,3.3,logs/register_5b_4g/train_register_4g_5b.log
register,121600,3.9845888,0.5951,0.6914,0.1897,0.0,0.0016,3.3,logs/register_5b_4g/train_register_4g_5b.log
register,121700,3.9878656,0.5999,0.6883,0.1786,0.0,0.0016,3.3,logs/register_5b_4g/train_register_4g_5b.log
register,121800,3.9911424,0.5907,0.6834,0.1882,0.0,0.0016,3.3,logs/register_5b_4g/train_register_4g_5b.log
register,121900,3.9944192,0.5964,0.6932,0.1911,0.0,0.0016,3.3,logs/register_5b_4g/train_register_4g_5b.log
register,122000,3.997696,0.5939,0.689,0.1855,0.0,0.0016,3.3,logs/register_5b_4g/train_register_4g_5b.log
register,122100,4.0009728,0.5956,0.688,0.1846,0.0,0.00161,3.3,logs/register_5b_4g/train_register_4g_5b.log
register,122200,4.0042496,0.5951,0.6925,0.1911,0.0,0.00161,3.3,logs/register_5b_4g/train_register_4g_5b.log
register,122300,4.0075264,0.5916,0.6881,0.1935,0.0,0.00161,3.3,logs/register_5b_4g/train_register_4g_5b.log
register,122400,4.0108032,0.5974,0.6905,0.1743,0.0,0.00161,3.3,logs/register_5b_4g/train_register_4g_5b.log
register,122500,4.01408,0.5968,0.6922,0.1802,0.0,0.00161,3.3,logs/register_5b_4g/train_register_4g_5b.log
register,122600,4.0173568,0.5961,0.688,0.1851,0.0,0.00161,3.3,logs/register_5b_4g/train_register_4g_5b.log
register,122700,4.0206336,0.5943,0.6908,0.1943,0.0,0.00161,3.4,logs/register_5b_4g/train_register_4g_5b.log
register,122800,4.0239104,0.5964,0.6916,0.1893,0.0,0.00161,3.3,logs/register_5b_4g/train_register_4g_5b.log
register,122900,4.0271872,0.5932,0.6945,0.1964,0.0,0.00162,3.3,logs/register_5b_4g/train_register_4g_5b.log
register,123000,4.030464,0.6008,0.6903,0.1819,0.0,0.00162,3.2,logs/register_5b_4g/train_register_4g_5b.log
register,123100,4.0337408,0.6009,0.6945,0.1875,0.0,0.00162,3.2,logs/register_5b_4g/train_register_4g_5b.log
register,123200,4.0370176,0.6001,0.6924,0.186,0.0,0.00162,3.3,logs/register_5b_4g/train_register_4g_5b.log
register,123300,4.0402944,0.5959,0.6907,0.1906,0.0,0.00162,3.3,logs/register_5b_4g/train_register_4g_5b.log
register,123400,4.0435712,0.5963,0.687,0.1845,0.0,0.00162,3.3,logs/register_5b_4g/train_register_4g_5b.log
register,123500,4.046848,0.6015,0.6872,0.172,0.0,0.00162,3.3,logs/register_5b_4g/train_register_4g_5b.log
register,123600,4.0501248,0.5995,0.6934,0.1783,0.0,0.00162,3.3,logs/register_5b_4g/train_register_4g_5b.log
register,123700,4.0534016,0.5973,0.6906,0.1863,0.0,0.00163,3.3,logs/register_5b_4g/train_register_4g_5b.log
register,123800,4.0566784,0.604,0.6935,0.1853,0.0,0.00163,3.4,logs/register_5b_4g/train_register_4g_5b.log
register,123900,4.0599552,0.5873,0.6846,0.1893,0.0,0.00163,3.2,logs/register_5b_4g/train_register_4g_5b.log
register,124000,4.063232,0.5977,0.6907,0.1866,0.0,0.00163,3.3,logs/register_5b_4g/train_register_4g_5b.log
register,124100,4.0665088,0.5955,0.6859,0.1891,0.0,0.00163,3.3,logs/register_5b_4g/train_register_4g_5b.log
register,124200,4.0697856,0.5985,0.6878,0.185,0.0,0.00163,3.3,logs/register_5b_4g/train_register_4g_5b.log
register,124300,4.0730624,0.5944,0.6891,0.1896,0.0,0.00163,3.3,logs/register_5b_4g/train_register_4g_5b.log
register,124400,4.0763392,0.5915,0.6832,0.1872,0.0,0.00164,3.3,logs/register_5b_4g/train_register_4g_5b.log
register,124500,4.079616,0.5955,0.6903,0.1917,0.0,0.00164,3.3,logs/register_5b_4g/train_register_4g_5b.log
register,124600,4.0828928,0.6018,0.6943,0.1919,0.0,0.00164,3.3,logs/register_5b_4g/train_register_4g_5b.log
register,124700,4.0861696,0.5958,0.692,0.1864,0.0,0.00164,3.3,logs/register_5b_4g/train_register_4g_5b.log
register,124800,4.0894464,0.5973,0.6911,0.1899,0.0,0.00164,3.3,logs/register_5b_4g/train_register_4g_5b.log
register,124900,4.0927232,0.6007,0.6924,0.1839,0.0,0.00164,3.3,logs/register_5b_4g/train_register_4g_5b.log
register,125000,4.096,0.5992,0.6915,0.1898,0.0,0.00164,3.3,logs/register_5b_4g/train_register_4g_5b.log
register,125100,4.0992768,0.5988,0.6955,0.1846,0.0,0.00164,3.3,logs/register_5b_4g/train_register_4g_5b.log
register,125200,4.1025536,0.6026,0.6958,0.1935,0.0,0.00165,3.3,logs/register_5b_4g/train_register_4g_5b.log
register,125300,4.1058304,0.5987,0.6897,0.1907,0.0,0.00165,3.3,logs/register_5b_4g/train_register_4g_5b.log
register,125400,4.1091072,0.5969,0.6882,0.1839,0.0,0.00165,3.2,logs/register_5b_4g/train_register_4g_5b.log
register,125500,4.112384,0.6005,0.6909,0.1882,0.0,0.00165,3.3,logs/register_5b_4g/train_register_4g_5b.log
register,125600,4.1156608,0.6004,0.6921,0.1864,0.0,0.00165,3.3,logs/register_5b_4g/train_register_4g_5b.log
register,125700,4.1189376,0.6012,0.6924,0.1891,0.0,0.00165,3.3,logs/register_5b_4g/train_register_4g_5b.log
register,125800,4.1222144,0.5991,0.6931,0.1767,0.0,0.00165,3.3,logs/register_5b_4g/train_register_4g_5b.log
register,125900,4.1254912,0.596,0.6881,0.188,0.0,0.00166,3.3,logs/register_5b_4g/train_register_4g_5b.log
register,126000,4.128768,0.5964,0.6885,0.1874,0.0,0.00166,3.3,logs/register_5b_4g/train_register_4g_5b.log
register,126100,4.1320448,0.6071,0.6922,0.1753,0.0,0.00166,3.3,logs/register_5b_4g/train_register_4g_5b.log
register,126200,4.1353216,0.6047,0.6936,0.1837,0.0,0.00166,3.3,logs/register_5b_4g/train_register_4g_5b.log
register,126300,4.1385984,0.5975,0.6935,0.1858,0.0,0.00166,3.3,logs/register_5b_4g/train_register_4g_5b.log
register,126400,4.1418752,0.5926,0.6914,0.1911,0.0,0.00166,3.3,logs/register_5b_4g/train_register_4g_5b.log
register,126500,4.145152,0.5921,0.6882,0.2018,0.0,0.00166,3.3,logs/register_5b_4g/train_register_4g_5b.log
register,126600,4.1484288,0.592,0.6875,0.1862,0.0,0.00166,3.3,logs/register_5b_4g/train_register_4g_5b.log
register,126700,4.1517056,0.6023,0.6919,0.1807,0.0,0.00167,3.3,logs/register_5b_4g/train_register_4g_5b.log
register,126800,4.1549824,0.5988,0.6885,0.191,0.0,0.00167,3.3,logs/register_5b_4g/train_register_4g_5b.log
register,126900,4.1582592,0.5944,0.6927,0.18,0.0,0.00167,3.3,logs/register_5b_4g/train_register_4g_5b.log
register,127000,4.161536,0.6044,0.7002,0.1885,0.0,0.00167,3.3,logs/register_5b_4g/train_register_4g_5b.log
register,127100,4.1648128,0.5965,0.6899,0.1919,0.0,0.00167,3.3,logs/register_5b_4g/train_register_4g_5b.log
register,127200,4.1680896,0.5994,0.6893,0.1828,0.0,0.00167,3.3,logs/register_5b_4g/train_register_4g_5b.log
register,127300,4.1713664,0.599,0.6883,0.1878,0.0,0.00167,3.3,logs/register_5b_4g/train_register_4g_5b.log
register,127400,4.1746432,0.6004,0.6964,0.1893,0.0,0.00167,3.3,logs/register_5b_4g/train_register_4g_5b.log
register,127500,4.17792,0.5961,0.6911,0.1841,0.0,0.00168,3.3,logs/register_5b_4g/train_register_4g_5b.log
register,127600,4.1811968,0.6005,0.6944,0.191,0.0,0.00168,3.3,logs/register_5b_4g/train_register_4g_5b.log
register,127700,4.1844736,0.6044,0.6933,0.1869,0.0,0.00168,3.3,logs/register_5b_4g/train_register_4g_5b.log
register,127800,4.1877504,0.5941,0.6898,0.1825,0.0,0.00168,3.3,logs/register_5b_4g/train_register_4g_5b.log
register,127900,4.1910272,0.5945,0.6867,0.1848,0.0,0.00168,3.3,logs/register_5b_4g/train_register_4g_5b.log
register,128000,4.194304,0.6087,0.6951,0.1801,0.0,0.00168,3.2,logs/register_5b_4g/train_register_4g_5b.log
register,128100,4.1975808,0.5916,0.6902,0.2008,0.0,0.00168,3.2,logs/register_5b_4g/train_register_4g_5b.log
register,128200,4.2008576,0.5963,0.6898,0.189,0.0,0.00169,3.3,logs/register_5b_4g/train_register_4g_5b.log
register,128300,4.2041344,0.5979,0.6934,0.1867,0.0,0.00169,3.3,logs/register_5b_4g/train_register_4g_5b.log
register,128400,4.2074112,0.6007,0.6938,0.1859,0.0,0.00169,3.3,logs/register_5b_4g/train_register_4g_5b.log
register,128500,4.210688,0.5962,0.6964,0.193,0.0,0.00169,3.3,logs/register_5b_4g/train_register_4g_5b.log
register,128600,4.2139648,0.5944,0.6893,0.1819,0.0,0.00169,3.3,logs/register_5b_4g/train_register_4g_5b.log
register,128700,4.2172416,0.6002,0.6916,0.1869,0.0,0.00169,3.3,logs/register_5b_4g/train_register_4g_5b.log
register,128800,4.2205184,0.6,0.6949,0.1923,0.0,0.00169,3.3,logs/register_5b_4g/train_register_4g_5b.log
register,128900,4.2237952,0.5943,0.6906,0.188,0.0,0.00169,3.3,logs/register_5b_4g/train_register_4g_5b.log
register,129000,4.227072,0.5921,0.6929,0.1907,0.0,0.0017,3.3,logs/register_5b_4g/train_register_4g_5b.log
register,129100,4.2303488,0.5918,0.6865,0.1815,0.0,0.0017,3.2,logs/register_5b_4g/train_register_4g_5b.log
register,129200,4.2336256,0.5963,0.6923,0.1902,0.0,0.0017,3.3,logs/register_5b_4g/train_register_4g_5b.log
register,129300,4.2369024,0.6043,0.691,0.1855,0.0,0.0017,3.3,logs/register_5b_4g/train_register_4g_5b.log
register,129400,4.2401792,0.6012,0.6949,0.1927,0.0,0.0017,3.3,logs/register_5b_4g/train_register_4g_5b.log
register,129500,4.243456,0.599,0.6898,0.1859,0.0,0.0017,3.2,logs/register_5b_4g/train_register_4g_5b.log
register,129600,4.2467328,0.5969,0.69,0.1883,0.0,0.0017,3.3,logs/register_5b_4g/train_register_4g_5b.log
register,129700,4.2500096,0.5943,0.6913,0.1862,0.0,0.00171,3.4,logs/register_5b_4g/train_register_4g_5b.log
register,129800,4.2532864,0.6057,0.6946,0.1778,0.0,0.00171,3.4,logs/register_5b_4g/train_register_4g_5b.log
register,129900,4.2565632,0.6003,0.6929,0.1847,0.0,0.00171,3.3,logs/register_5b_4g/train_register_4g_5b.log
register,130000,4.25984,0.5956,0.689,0.1903,0.0,0.00171,3.2,logs/register_5b_4g/train_register_4g_5b.log
register,130100,4.2631168,0.5981,0.6908,0.1855,0.0,0.00171,3.3,logs/register_5b_4g/train_register_4g_5b.log
register,130200,4.2663936,0.5997,0.6914,0.1879,0.0,0.00171,3.3,logs/register_5b_4g/train_register_4g_5b.log
register,130300,4.2696704,0.5961,0.6893,0.1908,0.0,0.00171,3.3,logs/register_5b_4g/train_register_4g_5b.log
register,130400,4.2729472,0.5984,0.6888,0.1801,0.0,0.00171,3.3,logs/register_5b_4g/train_register_4g_5b.log
register,130500,4.276224,0.5932,0.6898,0.1879,0.0,0.00172,3.3,logs/register_5b_4g/train_register_4g_5b.log
register,130600,4.2795008,0.6037,0.6929,0.185,0.0,0.00172,3.3,logs/register_5b_4g/train_register_4g_5b.log
register,130700,4.2827776,0.6048,0.6919,0.1851,0.0,0.00172,3.3,logs/register_5b_4g/train_register_4g_5b.log
register,130800,4.2860544,0.597,0.6858,0.1915,0.0,0.00172,3.3,logs/register_5b_4g/train_register_4g_5b.log
register,130900,4.2893312,0.6066,0.6965,0.1847,0.0,0.00172,3.3,logs/register_5b_4g/train_register_4g_5b.log
register,131000,4.292608,0.601,0.6949,0.1919,0.0,0.00172,3.3,logs/register_5b_4g/train_register_4g_5b.log
register,131100,4.2958848,0.5958,0.6912,0.1991,0.0,0.00172,3.3,logs/register_5b_4g/train_register_4g_5b.log
register,131200,4.2991616,0.5992,0.6904,0.1897,0.0,0.00172,3.3,logs/register_5b_4g/train_register_4g_5b.log
register,131300,4.3024384,0.5997,0.6892,0.1839,0.0,0.00173,3.4,logs/register_5b_4g/train_register_4g_5b.log
register,131400,4.3057152,0.6056,0.6973,0.1787,0.0,0.00173,3.3,logs/register_5b_4g/train_register_4g_5b.log
register,131500,4.308992,0.5978,0.6921,0.1941,0.0,0.00173,3.3,logs/register_5b_4g/train_register_4g_5b.log
register,131600,4.3122688,0.6009,0.6896,0.1773,0.0,0.00173,3.2,logs/register_5b_4g/train_register_4g_5b.log
register,131700,4.3155456,0.5987,0.6938,0.1847,0.0,0.00173,3.3,logs/register_5b_4g/train_register_4g_5b.log
register,131800,4.3188224,0.5991,0.6882,0.1878,0.0,0.00173,3.4,logs/register_5b_4g/train_register_4g_5b.log
register,131900,4.3220992,0.5979,0.6896,0.1861,0.0,0.00173,3.3,logs/register_5b_4g/train_register_4g_5b.log
register,132000,4.325376,0.6018,0.6921,0.1846,0.0,0.00174,3.3,logs/register_5b_4g/train_register_4g_5b.log
register,132100,4.3286528,0.5968,0.6911,0.1881,0.0,0.00174,3.3,logs/register_5b_4g/train_register_4g_5b.log
register,132200,4.3319296,0.599,0.6886,0.1852,0.0,0.00174,3.3,logs/register_5b_4g/train_register_4g_5b.log
register,132300,4.3352064,0.5963,0.6883,0.181,0.0,0.00174,3.3,logs/register_5b_4g/train_register_4g_5b.log
register,132400,4.3384832,0.5946,0.6863,0.1825,0.0,0.00174,3.3,logs/register_5b_4g/train_register_4g_5b.log
register,132500,4.34176,0.5981,0.6915,0.1898,0.0,0.00174,3.3,logs/register_5b_4g/train_register_4g_5b.log
register,132600,4.3450368,0.6026,0.6955,0.1862,0.0,0.00174,3.3,logs/register_5b_4g/train_register_4g_5b.log
register,132700,4.3483136,0.5976,0.6911,0.1916,0.0,0.00174,3.3,logs/register_5b_4g/train_register_4g_5b.log
register,132800,4.3515904,0.5961,0.691,0.1892,0.0,0.00175,3.2,logs/register_5b_4g/train_register_4g_5b.log
register,132900,4.3548672,0.5944,0.691,0.1918,0.0,0.00175,3.3,logs/register_5b_4g/train_register_4g_5b.log
register,133000,4.358144,0.6032,0.6956,0.1901,0.0,0.00175,3.3,logs/register_5b_4g/train_register_4g_5b.log
register,133100,4.3614208,0.6005,0.6963,0.1848,0.0,0.00175,3.3,logs/register_5b_4g/train_register_4g_5b.log
register,133200,4.3646976,0.6013,0.6914,0.1832,0.0,0.00175,3.3,logs/register_5b_4g/train_register_4g_5b.log
register,133300,4.3679744,0.6025,0.6952,0.1849,0.0,0.00175,3.3,logs/register_5b_4g/train_register_4g_5b.log
register,133400,4.3712512,0.5978,0.6905,0.1856,0.0,0.00175,3.3,logs/register_5b_4g/train_register_4g_5b.log
register,133500,4.374528,0.597,0.6993,0.1912,0.0,0.00175,3.3,logs/register_5b_4g/train_register_4g_5b.log
register,133600,4.3778048,0.5996,0.6916,0.1812,0.0,0.00176,3.3,logs/register_5b_4g/train_register_4g_5b.log
register,133700,4.3810816,0.5946,0.6899,0.1891,0.0,0.00176,3.3,logs/register_5b_4g/train_register_4g_5b.log
register,133800,4.3843584,0.5932,0.6859,0.1891,0.0,0.00176,3.3,logs/register_5b_4g/train_register_4g_5b.log
register,133900,4.3876352,0.5981,0.6937,0.1867,0.0,0.00176,3.3,logs/register_5b_4g/train_register_4g_5b.log
register,134000,4.390912,0.5952,0.6921,0.1972,0.0,0.00176,3.3,logs/register_5b_4g/train_register_4g_5b.log
register,134100,4.3941888,0.6045,0.696,0.1923,0.0,0.00176,3.3,logs/register_5b_4g/train_register_4g_5b.log
register,134200,4.3974656,0.6011,0.6945,0.1895,0.0,0.00176,3.3,logs/register_5b_4g/train_register_4g_5b.log
register,134300,4.4007424,0.6021,0.6918,0.1891,0.0,0.00177,3.3,logs/register_5b_4g/train_register_4g_5b.log
register,134400,4.4040192,0.5964,0.6939,0.1962,0.0,0.00177,3.3,logs/register_5b_4g/train_register_4g_5b.log
register,134500,4.407296,0.5958,0.6883,0.1861,0.0,0.00177,3.3,logs/register_5b_4g/train_register_4g_5b.log
register,134600,4.4105728,0.6021,0.6953,0.1852,0.0,0.00177,3.2,logs/register_5b_4g/train_register_4g_5b.log
register,134700,4.4138496,0.5942,0.6886,0.1872,0.0,0.00177,3.4,logs/register_5b_4g/train_register_4g_5b.log
register,134800,4.4171264,0.5937,0.6902,0.1868,0.0,0.00177,3.4,logs/register_5b_4g/train_register_4g_5b.log
register,134900,4.4204032,0.596,0.6922,0.1899,0.0,0.00177,3.3,logs/register_5b_4g/train_register_4g_5b.log
register,135000,4.42368,0.6013,0.6911,0.1884,0.0,0.00177,3.3,logs/register_5b_4g/train_register_4g_5b.log
register,135100,4.4269568,0.5944,0.6908,0.193,0.0,0.00178,3.3,logs/register_5b_4g/train_register_4g_5b.log
register,135200,4.4302336,0.5896,0.689,0.1978,0.0,0.00178,3.3,logs/register_5b_4g/train_register_4g_5b.log
register,135300,4.4335104,0.6033,0.6918,0.1837,0.0,0.00178,3.3,logs/register_5b_4g/train_register_4g_5b.log
register,135400,4.4367872,0.6002,0.6929,0.1888,0.0,0.00178,3.2,logs/register_5b_4g/train_register_4g_5b.log
register,135500,4.440064,0.6022,0.6973,0.1947,0.0,0.00178,3.3,logs/register_5b_4g/train_register_4g_5b.log
register,135600,4.4433408,0.5983,0.6914,0.1829,0.0,0.00178,3.3,logs/register_5b_4g/train_register_4g_5b.log
register,135700,4.4466176,0.6068,0.6962,0.1778,0.0,0.00178,3.3,logs/register_5b_4g/train_register_4g_5b.log
register,135800,4.4498944,0.5997,0.6923,0.1926,0.0,0.00179,3.4,logs/register_5b_4g/train_register_4g_5b.log
register,135900,4.4531712,0.596,0.6932,0.1926,0.0,0.00179,3.3,logs/register_5b_4g/train_register_4g_5b.log
register,136000,4.456448,0.6085,0.6963,0.1841,0.0,0.00179,3.3,logs/register_5b_4g/train_register_4g_5b.log
register,136100,4.4597248,0.5934,0.6881,0.1893,0.0,0.00179,3.3,logs/register_5b_4g/train_register_4g_5b.log
register,136200,4.4630016,0.6057,0.6943,0.1826,0.0,0.00179,3.3,logs/register_5b_4g/train_register_4g_5b.log
register,136300,4.4662784,0.5988,0.6892,0.18,0.0,0.00179,3.4,logs/register_5b_4g/train_register_4g_5b.log
register,136400,4.4695552,0.6026,0.6922,0.1806,0.0,0.00179,3.3,logs/register_5b_4g/train_register_4g_5b.log
register,136500,4.472832,0.5999,0.694,0.1891,0.0,0.00179,3.3,logs/register_5b_4g/train_register_4g_5b.log
register,136600,4.4761088,0.603,0.695,0.1871,0.0,0.0018,3.2,logs/register_5b_4g/train_register_4g_5b.log
register,136700,4.4793856,0.601,0.6914,0.1884,0.0,0.0018,3.3,logs/register_5b_4g/train_register_4g_5b.log
register,136800,4.4826624,0.6017,0.6896,0.1869,0.0,0.0018,3.3,logs/register_5b_4g/train_register_4g_5b.log
register,136900,4.4859392,0.6016,0.6886,0.1937,0.0,0.0018,3.3,logs/register_5b_4g/train_register_4g_5b.log
register,137000,4.489216,0.5999,0.6924,0.1879,0.0,0.0018,3.3,logs/register_5b_4g/train_register_4g_5b.log
register,137100,4.4924928,0.5964,0.6933,0.1847,0.0,0.0018,3.3,logs/register_5b_4g/train_register_4g_5b.log
register,137200,4.4957696,0.598,0.6937,0.1842,0.0,0.0018,3.3,logs/register_5b_4g/train_register_4g_5b.log
register,137300,4.4990464,0.5969,0.69,0.1831,0.0,0.00181,3.3,logs/register_5b_4g/train_register_4g_5b.log
register,137400,4.5023232,0.598,0.6939,0.1895,0.0,0.00181,3.2,logs/register_5b_4g/train_register_4g_5b.log
register,137500,4.5056,0.6005,0.6909,0.1885,0.0,0.00181,3.3,logs/register_5b_4g/train_register_4g_5b.log
register,137600,4.5088768,0.6013,0.6937,0.1834,0.0,0.00181,3.3,logs/register_5b_4g/train_register_4g_5b.log
register,137700,4.5121536,0.6014,0.6944,0.1908,0.0,0.00181,3.3,logs/register_5b_4g/train_register_4g_5b.log
register,137800,4.5154304,0.5969,0.6913,0.189,0.0,0.00181,3.3,logs/register_5b_4g/train_register_4g_5b.log
register,137900,4.5187072,0.6001,0.6906,0.193,0.0,0.00181,3.3,logs/register_5b_4g/train_register_4g_5b.log
register,138000,4.521984,0.5986,0.6918,0.195,0.0,0.00181,3.3,logs/register_5b_4g/train_register_4g_5b.log
register,138100,4.5252608,0.5966,0.6893,0.1835,0.0,0.00182,3.3,logs/register_5b_4g/train_register_4g_5b.log
register,138200,4.5285376,0.599,0.6915,0.1809,0.0,0.00182,3.3,logs/register_5b_4g/train_register_4g_5b.log
register,138300,4.5318144,0.5986,0.6881,0.1852,0.0,0.00182,3.3,logs/register_5b_4g/train_register_4g_5b.log
register,138400,4.5350912,0.5961,0.6936,0.191,0.0,0.00182,3.3,logs/register_5b_4g/train_register_4g_5b.log
register,138500,4.538368,0.5898,0.6909,0.188,0.0,0.00182,3.3,logs/register_5b_4g/train_register_4g_5b.log
register,138600,4.5416448,0.6019,0.6937,0.1905,0.0,0.00182,3.2,logs/register_5b_4g/train_register_4g_5b.log
register,138700,4.5449216,0.5946,0.6931,0.195,0.0,0.00182,3.3,logs/register_5b_4g/train_register_4g_5b.log
register,138800,4.5481984,0.595,0.6862,0.1922,0.0,0.00182,3.3,logs/register_5b_4g/train_register_4g_5b.log
register,138900,4.5514752,0.5932,0.6889,0.1916,0.0,0.00183,3.3,logs/register_5b_4g/train_register_4g_5b.log
register,139000,4.554752,0.5976,0.6926,0.1971,0.0,0.00183,3.3,logs/register_5b_4g/train_register_4g_5b.log
register,139100,4.5580288,0.5992,0.6898,0.1827,0.0,0.00183,3.3,logs/register_5b_4g/train_register_4g_5b.log
register,139200,4.5613056,0.5951,0.6844,0.1868,0.0,0.00183,3.3,logs/register_5b_4g/train_register_4g_5b.log
register,139300,4.5645824,0.5987,0.6938,0.188,0.0,0.00183,3.4,logs/register_5b_4g/train_register_4g_5b.log
register,139400,4.5678592,0.5959,0.6885,0.1947,0.0,0.00183,3.4,logs/register_5b_4g/train_register_4g_5b.log
register,139500,4.571136,0.5937,0.6892,0.1809,0.0,0.00183,3.3,logs/register_5b_4g/train_register_4g_5b.log
register,139600,4.5744128,0.5978,0.6908,0.1899,0.0,0.00184,3.3,logs/register_5b_4g/train_register_4g_5b.log
register,139700,4.5776896,0.6037,0.6941,0.1924,0.0,0.00184,3.3,logs/register_5b_4g/train_register_4g_5b.log
register,139800,4.5809664,0.5971,0.6918,0.1922,0.0,0.00184,3.4,logs/register_5b_4g/train_register_4g_5b.log
register,139900,4.5842432,0.5996,0.6902,0.196,0.0,0.00184,3.3,logs/register_5b_4g/train_register_4g_5b.log
register,140000,4.58752,0.602,0.6871,0.1807,0.0,0.00184,3.3,logs/register_5b_4g/train_register_4g_5b.log
register,140100,4.5907968,0.5951,0.6887,0.1901,0.0,0.00184,3.3,logs/register_5b_4g/train_register_4g_5b.log
register,140200,4.5940736,0.5937,0.694,0.1941,0.0,0.00184,3.3,logs/register_5b_4g/train_register_4g_5b.log
register,140300,4.5973504,0.5967,0.689,0.1863,0.0,0.00184,3.3,logs/register_5b_4g/train_register_4g_5b.log
register,140400,4.6006272,0.5973,0.6919,0.1964,0.0,0.00185,3.3,logs/register_5b_4g/train_register_4g_5b.log
register,140500,4.603904,0.6002,0.6915,0.1904,0.0,0.00185,3.3,logs/register_5b_4g/train_register_4g_5b.log
register,140600,4.6071808,0.5975,0.6965,0.1905,0.0,0.00185,3.3,logs/register_5b_4g/train_register_4g_5b.log
register,140700,4.6104576,0.5987,0.6895,0.1855,0.0,0.00185,3.3,logs/register_5b_4g/train_register_4g_5b.log
register,140800,4.6137344,0.5925,0.6852,0.1848,0.0,0.00185,3.3,logs/register_5b_4g/train_register_4g_5b.log
register,140900,4.6170112,0.5964,0.6929,0.1894,0.0,0.00185,3.3,logs/register_5b_4g/train_register_4g_5b.log
register,141000,4.620288,0.5953,0.6883,0.1924,0.0,0.00185,3.3,logs/register_5b_4g/train_register_4g_5b.log
register,141100,4.6235648,0.6009,0.6941,0.1842,0.0,0.00185,3.3,logs/register_5b_4g/train_register_4g_5b.log
register,141200,4.6268416,0.5966,0.6919,0.1938,0.0,0.00186,3.4,logs/register_5b_4g/train_register_4g_5b.log
register,141300,4.6301184,0.6037,0.6953,0.189,0.0,0.00186,3.4,logs/register_5b_4g/train_register_4g_5b.log
register,141400,4.6333952,0.5985,0.6902,0.1933,0.0,0.00186,3.3,logs/register_5b_4g/train_register_4g_5b.log
register,141500,4.636672,0.6026,0.6953,0.1853,0.0,0.00186,3.3,logs/register_5b_4g/train_register_4g_5b.log
register,141600,4.6399488,0.6024,0.6939,0.195,0.0,0.00186,3.3,logs/register_5b_4g/train_register_4g_5b.log
register,141700,4.6432256,0.5917,0.6891,0.1903,0.0,0.00186,3.3,logs/register_5b_4g/train_register_4g_5b.log
register,141800,4.6465024,0.5988,0.6919,0.1859,0.0,0.00186,3.3,logs/register_5b_4g/train_register_4g_5b.log
register,141900,4.6497792,0.593,0.6949,0.1986,0.0,0.00187,3.3,logs/register_5b_4g/train_register_4g_5b.log
register,142000,4.653056,0.5982,0.6931,0.1896,0.0,0.00187,3.2,logs/register_5b_4g/train_register_4g_5b.log
register,142100,4.6563328,0.597,0.6903,0.1945,0.0,0.00187,3.3,logs/register_5b_4g/train_register_4g_5b.log
register,142200,4.6596096,0.6038,0.6937,0.1887,0.0,0.00187,3.3,logs/register_5b_4g/train_register_4g_5b.log
register,142300,4.6628864,0.6043,0.6945,0.1914,0.0,0.00187,3.3,logs/register_5b_4g/train_register_4g_5b.log
register,142400,4.6661632,0.5982,0.6912,0.1891,0.0,0.00187,3.2,logs/register_5b_4g/train_register_4g_5b.log
register,142500,4.66944,0.603,0.6983,0.2002,0.0,0.00187,3.3,logs/register_5b_4g/train_register_4g_5b.log
register,142600,4.6727168,0.6077,0.6937,0.1799,0.0,0.00187,3.3,logs/register_5b_4g/train_register_4g_5b.log
register,142700,4.6759936,0.5993,0.6913,0.1929,0.0,0.00188,3.3,logs/register_5b_4g/train_register_4g_5b.log
register,142800,4.6792704,0.6014,0.6907,0.1855,0.0,0.00188,3.3,logs/register_5b_4g/train_register_4g_5b.log
register,142900,4.6825472,0.5994,0.6892,0.1839,0.0,0.00188,3.2,logs/register_5b_4g/train_register_4g_5b.log
register,143000,4.685824,0.5977,0.688,0.1963,0.0,0.00188,3.3,logs/register_5b_4g/train_register_4g_5b.log
register,143100,4.6891008,0.6018,0.6949,0.1877,0.0,0.00188,3.3,logs/register_5b_4g/train_register_4g_5b.log
register,143200,4.6923776,0.5916,0.6866,0.1957,0.0,0.00188,3.3,logs/register_5b_4g/train_register_4g_5b.log
register,143300,4.6956544,0.5981,0.6876,0.1873,0.0,0.00188,3.3,logs/register_5b_4g/train_register_4g_5b.log
register,143400,4.6989312,0.6026,0.6949,0.1828,0.0,0.00189,3.3,logs/register_5b_4g/train_register_4g_5b.log
register,143500,4.702208,0.5954,0.6903,0.1926,0.0,0.00189,3.3,logs/register_5b_4g/train_register_4g_5b.log
register,143600,4.7054848,0.5944,0.6886,0.191,0.0,0.00189,3.3,logs/register_5b_4g/train_register_4g_5b.log
register,143700,4.7087616,0.6051,0.6915,0.1845,0.0,0.00189,3.4,logs/register_5b_4g/train_register_4g_5b.log
register,143800,4.7120384,0.5934,0.6906,0.1917,0.0,0.00189,3.4,logs/register_5b_4g/train_register_4g_5b.log
register,143900,4.7153152,0.6017,0.6891,0.1867,0.0,0.00189,3.3,logs/register_5b_4g/train_register_4g_5b.log
register,144000,4.718592,0.5976,0.6888,0.192,0.0,0.00189,3.2,logs/register_5b_4g/train_register_4g_5b.log
register,144100,4.7218688,0.5975,0.6934,0.1922,0.0,0.00189,3.3,logs/register_5b_4g/train_register_4g_5b.log
register,144200,4.7251456,0.6057,0.6936,0.193,0.0,0.0019,3.3,logs/register_5b_4g/train_register_4g_5b.log
register,144300,4.7284224,0.6029,0.694,0.1972,0.0,0.0019,3.3,logs/register_5b_4g/train_register_4g_5b.log
register,144400,4.7316992,0.6012,0.6896,0.1885,0.0,0.0019,3.3,logs/register_5b_4g/train_register_4g_5b.log
register,144500,4.734976,0.5945,0.6901,0.1949,0.0,0.0019,3.2,logs/register_5b_4g/train_register_4g_5b.log
register,144600,4.7382528,0.5984,0.6921,0.1866,0.0,0.0019,3.3,logs/register_5b_4g/train_register_4g_5b.log
register,144700,4.7415296,0.5951,0.6906,0.1916,0.0,0.0019,3.3,logs/register_5b_4g/train_register_4g_5b.log
register,144800,4.7448064,0.5996,0.6932,0.1916,0.0,0.0019,3.3,logs/register_5b_4g/train_register_4g_5b.log
register,144900,4.7480832,0.6049,0.6971,0.1893,0.0,0.0019,3.3,logs/register_5b_4g/train_register_4g_5b.log
register,145000,4.75136,0.5997,0.6916,0.1865,0.0,0.00191,3.3,logs/register_5b_4g/train_register_4g_5b.log
register,145100,4.7546368,0.598,0.6916,0.196,0.0,0.00191,3.3,logs/register_5b_4g/train_register_4g_5b.log
register,145200,4.7579136,0.5926,0.6925,0.1907,0.0,0.00191,3.3,logs/register_5b_4g/train_register_4g_5b.log
register,145300,4.7611904,0.5962,0.6906,0.1918,0.0,0.00191,3.4,logs/register_5b_4g/train_register_4g_5b.log
register,145400,4.7644672,0.6029,0.6918,0.1818,0.0,0.00191,3.3,logs/register_5b_4g/train_register_4g_5b.log
register,145500,4.767744,0.6077,0.6994,0.1856,0.0,0.00191,3.3,logs/register_5b_4g/train_register_4g_5b.log
register,145600,4.7710208,0.5984,0.6892,0.1982,0.0,0.00191,3.3,logs/register_5b_4g/train_register_4g_5b.log
register,145700,4.7742976,0.6038,0.7038,0.1998,0.0,0.00192,3.4,logs/register_5b_4g/train_register_4g_5b.log
register,145800,4.7775744,0.5931,0.6897,0.1959,0.0,0.00192,3.4,logs/register_5b_4g/train_register_4g_5b.log
register,145900,4.7808512,0.598,0.6896,0.1955,0.0,0.00192,3.3,logs/register_5b_4g/train_register_4g_5b.log
register,146000,4.784128,0.6005,0.6952,0.1872,0.0,0.00192,3.2,logs/register_5b_4g/train_register_4g_5b.log
register,146100,4.7874048,0.6003,0.6954,0.192,0.0,0.00192,3.2,logs/register_5b_4g/train_register_4g_5b.log
register,146200,4.7906816,0.5965,0.6903,0.1953,0.0,0.00192,3.3,logs/register_5b_4g/train_register_4g_5b.log
register,146300,4.7939584,0.5937,0.689,0.1894,0.0,0.00192,3.4,logs/register_5b_4g/train_register_4g_5b.log
register,146400,4.7972352,0.5973,0.6909,0.1991,0.0,0.00192,3.3,logs/register_5b_4g/train_register_4g_5b.log
register,146500,4.800512,0.595,0.6895,0.1958,0.0,0.00193,3.3,logs/register_5b_4g/train_register_4g_5b.log
register,146600,4.8037888,0.5943,0.6894,0.1937,0.0,0.00193,3.3,logs/register_5b_4g/train_register_4g_5b.log
register,146700,4.8070656,0.6039,0.6925,0.1933,0.0,0.00193,3.3,logs/register_5b_4g/train_register_4g_5b.log
register,146800,4.8103424,0.5952,0.6898,0.1892,0.0,0.00193,3.3,logs/register_5b_4g/train_register_4g_5b.log
register,146900,4.8136192,0.5966,0.6928,0.1991,0.0,0.00193,3.3,logs/register_5b_4g/train_register_4g_5b.log
register,147000,4.816896,0.6045,0.693,0.1815,0.0,0.00193,3.2,logs/register_5b_4g/train_register_4g_5b.log
register,147100,4.8201728,0.6042,0.7019,0.1854,0.0,0.00193,3.3,logs/register_5b_4g/train_register_4g_5b.log
register,147200,4.8234496,0.6001,0.6921,0.1899,0.0,0.00194,3.3,logs/register_5b_4g/train_register_4g_5b.log
register,147300,4.8267264,0.6026,0.6892,0.1912,0.0,0.00194,3.3,logs/register_5b_4g/train_register_4g_5b.log
register,147400,4.8300032,0.5982,0.6917,0.1932,0.0,0.00194,3.3,logs/register_5b_4g/train_register_4g_5b.log
register,147500,4.83328,0.6011,0.6931,0.1957,0.0,0.00194,3.2,logs/register_5b_4g/train_register_4g_5b.log
register,147600,4.8365568,0.6022,0.7002,0.1939,0.0,0.00194,3.3,logs/register_5b_4g/train_register_4g_5b.log
register,147700,4.8398336,0.6071,0.6972,0.187,0.0,0.00194,3.3,logs/register_5b_4g/train_register_4g_5b.log
register,147800,4.8431104,0.5903,0.6891,0.1975,0.0,0.00194,3.3,logs/register_5b_4g/train_register_4g_5b.log
register,147900,4.8463872,0.6002,0.6938,0.1881,0.0,0.00194,3.3,logs/register_5b_4g/train_register_4g_5b.log
register,148000,4.849664,0.5964,0.6876,0.1872,0.0,0.00195,3.3,logs/register_5b_4g/train_register_4g_5b.log
register,148100,4.8529408,0.6015,0.6974,0.1963,0.0,0.00195,3.3,logs/register_5b_4g/train_register_4g_5b.log
register,148200,4.8562176,0.5927,0.6902,0.1913,0.0,0.00195,3.3,logs/register_5b_4g/train_register_4g_5b.log
register,148300,4.8594944,0.6056,0.6923,0.1894,0.0,0.00195,3.3,logs/register_5b_4g/train_register_4g_5b.log
register,148400,4.8627712,0.6021,0.6964,0.1919,0.0,0.00195,3.3,logs/register_5b_4g/train_register_4g_5b.log
register,148500,4.866048,0.5977,0.6895,0.1878,0.0,0.00195,3.3,logs/register_5b_4g/train_register_4g_5b.log
register,148600,4.8693248,0.5942,0.6876,0.1913,0.0,0.00195,3.3,logs/register_5b_4g/train_register_4g_5b.log
register,148700,4.8726016,0.6036,0.6888,0.1889,0.0,0.00195,3.3,logs/register_5b_4g/train_register_4g_5b.log
register,148800,4.8758784,0.6052,0.6958,0.1869,0.0,0.00196,3.2,logs/register_5b_4g/train_register_4g_5b.log
register,148900,4.8791552,0.6062,0.6949,0.1849,0.0,0.00196,3.3,logs/register_5b_4g/train_register_4g_5b.log
register,149000,4.882432,0.604,0.6943,0.1932,0.0,0.00196,3.3,logs/register_5b_4g/train_register_4g_5b.log
register,149100,4.8857088,0.6022,0.6946,0.1988,0.0,0.00196,3.3,logs/register_5b_4g/train_register_4g_5b.log
register,149200,4.8889856,0.6019,0.6907,0.2046,0.0,0.00196,3.3,logs/register_5b_4g/train_register_4g_5b.log
register,149300,4.8922624,0.6014,0.6966,0.1929,0.0,0.00196,3.4,logs/register_5b_4g/train_register_4g_5b.log
register,149400,4.8955392,0.6,0.6926,0.1917,0.0,0.00196,3.2,logs/register_5b_4g/train_register_4g_5b.log
register,149500,4.898816,0.599,0.6929,0.1891,0.0,0.00197,3.3,logs/register_5b_4g/train_register_4g_5b.log
register,149600,4.9020928,0.5967,0.6915,0.1874,0.0,0.00197,3.3,logs/register_5b_4g/train_register_4g_5b.log
register,149700,4.9053696,0.595,0.6921,0.1972,0.0,0.00197,3.3,logs/register_5b_4g/train_register_4g_5b.log
register,149800,4.9086464,0.606,0.6943,0.1834,0.0,0.00197,3.3,logs/register_5b_4g/train_register_4g_5b.log
register,149900,4.9119232,0.6017,0.6989,0.1924,0.0,0.00197,3.3,logs/register_5b_4g/train_register_4g_5b.log
register,150000,4.9152,0.6079,0.697,0.1877,0.0,0.00197,3.3,logs/register_5b_4g/train_register_4g_5b.log
register,150100,4.9184768,0.599,0.694,0.1943,0.0,0.00197,3.3,logs/register_5b_4g/train_register_4g_5b.log
register,150200,4.9217536,0.598,0.6919,0.1887,0.0,0.00197,3.2,logs/register_5b_4g/train_register_4g_5b.log
register,150300,4.9250304,0.5937,0.6904,0.1873,0.0,0.00198,3.3,logs/register_5b_4g/train_register_4g_5b.log
register,150400,4.9283072,0.5973,0.6947,0.1934,0.0,0.00198,3.3,logs/register_5b_4g/train_register_4g_5b.log
register,150500,4.931584,0.5962,0.6882,0.1863,0.0,0.00198,3.3,logs/register_5b_4g/train_register_4g_5b.log
register,150600,4.9348608,0.5959,0.6872,0.1895,0.0,0.00198,3.2,logs/register_5b_4g/train_register_4g_5b.log
register,150700,4.9381376,0.5969,0.6963,0.1948,0.0,0.00198,3.3,logs/register_5b_4g/train_register_4g_5b.log
register,150800,4.9414144,0.6072,0.6968,0.1904,0.0,0.00198,3.3,logs/register_5b_4g/train_register_4g_5b.log
register,150900,4.9446912,0.6036,0.6961,0.1882,0.0,0.00198,3.3,logs/register_5b_4g/train_register_4g_5b.log
register,151000,4.947968,0.6036,0.6968,0.1926,0.0,0.00199,3.3,logs/register_5b_4g/train_register_4g_5b.log
register,151100,4.9512448,0.5973,0.6899,0.1925,0.0,0.00199,3.3,logs/register_5b_4g/train_register_4g_5b.log
register,151200,4.9545216,0.5989,0.6937,0.1916,0.0,0.00199,3.3,logs/register_5b_4g/train_register_4g_5b.log
register,151300,4.9577984,0.5955,0.6896,0.1914,0.0,0.00199,3.3,logs/register_5b_4g/train_register_4g_5b.log
register,151400,4.9610752,0.6054,0.697,0.1903,0.0,0.00199,3.3,logs/register_5b_4g/train_register_4g_5b.log
register,151500,4.964352,0.6011,0.695,0.187,0.0,0.00199,3.3,logs/register_5b_4g/train_register_4g_5b.log
register,151600,4.9676288,0.6036,0.6912,0.1842,0.0,0.00199,3.3,logs/register_5b_4g/train_register_4g_5b.log
register,151700,4.9709056,0.6021,0.6945,0.189,0.0,0.00199,3.3,logs/register_5b_4g/train_register_4g_5b.log
register,151800,4.9741824,0.6006,0.6903,0.1848,0.0,0.002,3.3,logs/register_5b_4g/train_register_4g_5b.log
register,151900,4.9774592,0.5996,0.6912,0.1935,0.0,0.002,3.3,logs/register_5b_4g/train_register_4g_5b.log
register,152000,4.980736,0.6088,0.6936,0.1903,0.0,0.002,3.3,logs/register_5b_4g/train_register_4g_5b.log
register,152100,4.9840128,0.5999,0.6859,0.1959,0.0,0.002,3.2,logs/register_5b_4g/train_register_4g_5b.log
register,152200,4.9872896,0.6052,0.6916,0.1875,0.0,0.002,3.3,logs/register_5b_4g/train_register_4g_5b.log
register,152300,4.9905664,0.6002,0.6939,0.1981,0.0,0.002,3.3,logs/register_5b_4g/train_register_4g_5b.log
register,152400,4.9938432,0.5932,0.6911,0.2027,0.0,0.002,3.2,logs/register_5b_4g/train_register_4g_5b.log
register,152500,4.99712,0.5976,0.6937,0.1947,0.0,0.002,3.3,logs/register_5b_4g/train_register_4g_5b.log
register,152592,5.000134656,0.5976,0.6937,0.1947,0.0,0.002,3.3,logs/register_5b_4g/train_register_4g_5b.log
vanilla,100,0.0032768,0.5975,0.6956,0.1694,0.0,1.26e-06,3.3,logs/vanilla_5b_4g/train_vanilla_4g_5b.log
vanilla,200,0.0065536,0.597,0.6892,0.1726,0.0,2.52e-06,3.4,logs/vanilla_5b_4g/train_vanilla_4g_5b.log
vanilla,300,0.0098304,0.5988,0.692,0.1661,0.0,3.79e-06,3.5,logs/vanilla_5b_4g/train_vanilla_4g_5b.log
vanilla,400,0.0131072,0.5963,0.6894,0.1758,0.0,5.26e-06,3.4,logs/vanilla_5b_4g/train_vanilla_4g_5b.log
vanilla,500,0.016384,0.5947,0.6889,0.165,0.0,6.52e-06,3.4,logs/vanilla_5b_4g/train_vanilla_4g_5b.log
vanilla,600,0.0196608,0.5911,0.69,0.1709,0.0,7.78e-06,3.4,logs/vanilla_5b_4g/train_vanilla_4g_5b.log
vanilla,700,0.0229376,0.5955,0.6897,0.1627,0.0,9.05e-06,3.4,logs/vanilla_5b_4g/train_vanilla_4g_5b.log
vanilla,800,0.0262144,0.5918,0.6898,0.175,0.0,1.05e-05,3.4,logs/vanilla_5b_4g/train_vanilla_4g_5b.log
vanilla,900,0.0294912,0.5876,0.6867,0.17,0.0,1.18e-05,3.5,logs/vanilla_5b_4g/train_vanilla_4g_5b.log
vanilla,1000,0.032768,0.583,0.684,0.1762,0.0,1.3e-05,3.4,logs/vanilla_5b_4g/train_vanilla_4g_5b.log
vanilla,1100,0.0360448,0.59,0.689,0.174,0.0,1.43e-05,3.4,logs/vanilla_5b_4g/train_vanilla_4g_5b.log
vanilla,1200,0.0393216,0.5878,0.6842,0.1696,0.0,1.58e-05,3.5,logs/vanilla_5b_4g/train_vanilla_4g_5b.log
vanilla,1300,0.0425984,0.5895,0.6894,0.1757,0.0,1.7e-05,3.5,logs/vanilla_5b_4g/train_vanilla_4g_5b.log
vanilla,1400,0.0458752,0.5933,0.6871,0.1652,0.0,1.83e-05,3.5,logs/vanilla_5b_4g/train_vanilla_4g_5b.log
vanilla,1500,0.049152,0.5881,0.6873,0.1722,0.0,1.96e-05,3.5,logs/vanilla_5b_4g/train_vanilla_4g_5b.log
vanilla,1600,0.0524288,0.59,0.6908,0.1674,0.0,2.1e-05,3.5,logs/vanilla_5b_4g/train_vanilla_4g_5b.log
vanilla,1700,0.0557056,0.5875,0.6828,0.1677,0.0,2.23e-05,3.4,logs/vanilla_5b_4g/train_vanilla_4g_5b.log
vanilla,1800,0.0589824,0.5962,0.6924,0.1678,0.0,2.36e-05,3.5,logs/vanilla_5b_4g/train_vanilla_4g_5b.log
vanilla,1900,0.0622592,0.5808,0.6841,0.1762,0.0,2.48e-05,3.5,logs/vanilla_5b_4g/train_vanilla_4g_5b.log
vanilla,2000,0.065536,0.5859,0.6839,0.1679,0.0,2.63e-05,3.5,logs/vanilla_5b_4g/train_vanilla_4g_5b.log
vanilla,2100,0.0688128,0.5876,0.6873,0.1749,0.0,2.76e-05,3.5,logs/vanilla_5b_4g/train_vanilla_4g_5b.log
vanilla,2200,0.0720896,0.5901,0.6854,0.1799,0.0,2.88e-05,3.4,logs/vanilla_5b_4g/train_vanilla_4g_5b.log
vanilla,2300,0.0753664,0.5888,0.6891,0.1733,0.0,3.01e-05,3.5,logs/vanilla_5b_4g/train_vanilla_4g_5b.log
vanilla,2400,0.0786432,0.5903,0.693,0.1693,0.0,3.16e-05,3.5,logs/vanilla_5b_4g/train_vanilla_4g_5b.log
vanilla,2500,0.08192,0.5974,0.6942,0.1711,0.0,3.28e-05,3.5,logs/vanilla_5b_4g/train_vanilla_4g_5b.log
vanilla,2600,0.0851968,0.589,0.6832,0.163,0.0,3.41e-05,3.5,logs/vanilla_5b_4g/train_vanilla_4g_5b.log
vanilla,2700,0.0884736,0.5957,0.6898,0.1604,0.0,3.53e-05,3.5,logs/vanilla_5b_4g/train_vanilla_4g_5b.log
vanilla,2800,0.0917504,0.5949,0.6874,0.1779,0.0,3.68e-05,3.5,logs/vanilla_5b_4g/train_vanilla_4g_5b.log
vanilla,2900,0.0950272,0.5949,0.6891,0.1642,0.0,3.81e-05,3.5,logs/vanilla_5b_4g/train_vanilla_4g_5b.log
vanilla,3000,0.098304,0.5898,0.6897,0.1751,0.0,3.93e-05,3.4,logs/vanilla_5b_4g/train_vanilla_4g_5b.log
vanilla,3100,0.1015808,0.5849,0.6847,0.1733,0.0,4.06e-05,3.4,logs/vanilla_5b_4g/train_vanilla_4g_5b.log
vanilla,3200,0.1048576,0.5906,0.6804,0.1642,0.0,4.21e-05,3.5,logs/vanilla_5b_4g/train_vanilla_4g_5b.log
vanilla,3300,0.1081344,0.592,0.6928,0.1709,0.0,4.33e-05,3.5,logs/vanilla_5b_4g/train_vanilla_4g_5b.log
vanilla,3400,0.1114112,0.5882,0.6849,0.1725,0.0,4.46e-05,3.5,logs/vanilla_5b_4g/train_vanilla_4g_5b.log
vanilla,3500,0.114688,0.5907,0.6894,0.169,0.0,4.59e-05,3.5,logs/vanilla_5b_4g/train_vanilla_4g_5b.log
vanilla,3600,0.1179648,0.5848,0.687,0.1708,0.0,4.73e-05,3.5,logs/vanilla_5b_4g/train_vanilla_4g_5b.log
vanilla,3700,0.1212416,0.5873,0.6861,0.1755,0.0,4.86e-05,3.5,logs/vanilla_5b_4g/train_vanilla_4g_5b.log
vanilla,3800,0.1245184,0.5912,0.6901,0.1702,0.0,4.99e-05,3.5,logs/vanilla_5b_4g/train_vanilla_4g_5b.log
vanilla,3900,0.1277952,0.5878,0.6865,0.1732,0.0,5.11e-05,3.5,logs/vanilla_5b_4g/train_vanilla_4g_5b.log
vanilla,4000,0.131072,0.5945,0.6856,0.1625,0.0,5.26e-05,3.5,logs/vanilla_5b_4g/train_vanilla_4g_5b.log
vanilla,4100,0.1343488,0.5879,0.685,0.1681,0.0,5.38e-05,3.5,logs/vanilla_5b_4g/train_vanilla_4g_5b.log
vanilla,4200,0.1376256,0.5896,0.6853,0.1672,0.0,5.51e-05,3.5,logs/vanilla_5b_4g/train_vanilla_4g_5b.log
vanilla,4300,0.1409024,0.5847,0.686,0.1683,0.0,5.64e-05,3.5,logs/vanilla_5b_4g/train_vanilla_4g_5b.log
vanilla,4400,0.1441792,0.5949,0.6887,0.1724,0.0,5.78e-05,3.5,logs/vanilla_5b_4g/train_vanilla_4g_5b.log
vanilla,4500,0.147456,0.5914,0.6898,0.1664,0.0,5.91e-05,3.5,logs/vanilla_5b_4g/train_vanilla_4g_5b.log
vanilla,4600,0.1507328,0.6005,0.6897,0.1664,0.0,6.04e-05,3.6,logs/vanilla_5b_4g/train_vanilla_4g_5b.log
vanilla,4700,0.1540096,0.5876,0.684,0.1729,0.0,6.16e-05,3.5,logs/vanilla_5b_4g/train_vanilla_4g_5b.log
vanilla,4800,0.1572864,0.588,0.6877,0.1703,0.0,6.31e-05,3.5,logs/vanilla_5b_4g/train_vanilla_4g_5b.log
vanilla,4900,0.1605632,0.5867,0.6844,0.1704,0.0,6.44e-05,3.6,logs/vanilla_5b_4g/train_vanilla_4g_5b.log
vanilla,5000,0.16384,0.5883,0.6868,0.1663,0.0,6.56e-05,3.5,logs/vanilla_5b_4g/train_vanilla_4g_5b.log
vanilla,5100,0.1671168,0.5878,0.6891,0.1728,0.0,6.69e-05,3.5,logs/vanilla_5b_4g/train_vanilla_4g_5b.log
vanilla,5200,0.1703936,0.5914,0.6878,0.1677,0.0,6.84e-05,3.5,logs/vanilla_5b_4g/train_vanilla_4g_5b.log
vanilla,5300,0.1736704,0.5891,0.686,0.1693,0.0,6.96e-05,3.6,logs/vanilla_5b_4g/train_vanilla_4g_5b.log
vanilla,5400,0.1769472,0.5876,0.6847,0.1649,0.0,7.09e-05,3.5,logs/vanilla_5b_4g/train_vanilla_4g_5b.log
vanilla,5500,0.180224,0.5881,0.6852,0.1704,0.0,7.21e-05,3.5,logs/vanilla_5b_4g/train_vanilla_4g_5b.log
vanilla,5600,0.1835008,0.5994,0.6882,0.1599,0.0,7.36e-05,3.5,logs/vanilla_5b_4g/train_vanilla_4g_5b.log
vanilla,5700,0.1867776,0.5899,0.6824,0.1607,0.0,7.49e-05,3.5,logs/vanilla_5b_4g/train_vanilla_4g_5b.log
vanilla,5800,0.1900544,0.5893,0.6894,0.1799,0.0,7.61e-05,3.6,logs/vanilla_5b_4g/train_vanilla_4g_5b.log
vanilla,5900,0.1933312,0.5864,0.6846,0.1688,0.0,7.74e-05,3.5,logs/vanilla_5b_4g/train_vanilla_4g_5b.log
vanilla,6000,0.196608,0.5857,0.6831,0.1678,0.0,7.89e-05,3.5,logs/vanilla_5b_4g/train_vanilla_4g_5b.log
vanilla,6100,0.1998848,0.5891,0.6873,0.1717,0.0,8.01e-05,3.5,logs/vanilla_5b_4g/train_vanilla_4g_5b.log
vanilla,6200,0.2031616,0.594,0.6897,0.1707,0.0,8.14e-05,3.6,logs/vanilla_5b_4g/train_vanilla_4g_5b.log
vanilla,6300,0.2064384,0.5931,0.6929,0.1704,0.0,8.27e-05,3.6,logs/vanilla_5b_4g/train_vanilla_4g_5b.log
vanilla,6400,0.2097152,0.5835,0.6844,0.1736,0.0,8.41e-05,3.5,logs/vanilla_5b_4g/train_vanilla_4g_5b.log
vanilla,6500,0.212992,0.5954,0.6914,0.1659,0.0,8.54e-05,3.6,logs/vanilla_5b_4g/train_vanilla_4g_5b.log
vanilla,6600,0.2162688,0.5863,0.6872,0.171,0.0,8.67e-05,3.6,logs/vanilla_5b_4g/train_vanilla_4g_5b.log
vanilla,6700,0.2195456,0.5936,0.6891,0.1664,0.0,8.79e-05,3.6,logs/vanilla_5b_4g/train_vanilla_4g_5b.log
vanilla,6800,0.2228224,0.5903,0.6859,0.1734,0.0,8.94e-05,3.6,logs/vanilla_5b_4g/train_vanilla_4g_5b.log
vanilla,6900,0.2260992,0.5836,0.6884,0.1724,0.0,9.07e-05,3.5,logs/vanilla_5b_4g/train_vanilla_4g_5b.log
vanilla,7000,0.229376,0.5968,0.6931,0.169,0.0,9.19e-05,3.5,logs/vanilla_5b_4g/train_vanilla_4g_5b.log
vanilla,7100,0.2326528,0.5908,0.6901,0.1737,0.0,9.32e-05,3.5,logs/vanilla_5b_4g/train_vanilla_4g_5b.log
vanilla,7200,0.2359296,0.59,0.6844,0.1685,0.0,9.47e-05,3.5,logs/vanilla_5b_4g/train_vanilla_4g_5b.log
vanilla,7300,0.2392064,0.5936,0.6922,0.165,0.0,9.59e-05,3.5,logs/vanilla_5b_4g/train_vanilla_4g_5b.log
vanilla,7400,0.2424832,0.5944,0.689,0.1652,0.0,9.72e-05,3.6,logs/vanilla_5b_4g/train_vanilla_4g_5b.log
vanilla,7500,0.24576,0.5857,0.6828,0.1651,0.0,9.84e-05,3.5,logs/vanilla_5b_4g/train_vanilla_4g_5b.log
vanilla,7600,0.2490368,0.5822,0.6808,0.1695,0.0,9.99e-05,3.5,logs/vanilla_5b_4g/train_vanilla_4g_5b.log
vanilla,7700,0.2523136,0.5893,0.6836,0.1619,0.0,0.000101,3.5,logs/vanilla_5b_4g/train_vanilla_4g_5b.log
vanilla,7800,0.2555904,0.593,0.6865,0.1664,0.0,0.000102,3.5,logs/vanilla_5b_4g/train_vanilla_4g_5b.log
vanilla,7900,0.2588672,0.5937,0.6867,0.1682,0.0,0.000104,3.5,logs/vanilla_5b_4g/train_vanilla_4g_5b.log
vanilla,8000,0.262144,0.5894,0.6896,0.168,0.0,0.000105,3.5,logs/vanilla_5b_4g/train_vanilla_4g_5b.log
vanilla,8100,0.2654208,0.5968,0.6883,0.1652,0.0,0.000106,3.5,logs/vanilla_5b_4g/train_vanilla_4g_5b.log
vanilla,8200,0.2686976,0.586,0.684,0.1742,0.0,0.000108,3.5,logs/vanilla_5b_4g/train_vanilla_4g_5b.log
vanilla,8300,0.2719744,0.5837,0.6826,0.1686,0.0,0.000109,3.5,logs/vanilla_5b_4g/train_vanilla_4g_5b.log
vanilla,8400,0.2752512,0.5969,0.6892,0.1684,0.0,0.00011,3.6,logs/vanilla_5b_4g/train_vanilla_4g_5b.log
vanilla,8500,0.278528,0.5931,0.6891,0.1678,0.0,0.000112,3.5,logs/vanilla_5b_4g/train_vanilla_4g_5b.log
vanilla,8600,0.2818048,0.5928,0.6865,0.1695,0.0,0.000113,3.5,logs/vanilla_5b_4g/train_vanilla_4g_5b.log
vanilla,8700,0.2850816,0.5844,0.681,0.1696,0.0,0.000114,3.5,logs/vanilla_5b_4g/train_vanilla_4g_5b.log
vanilla,8800,0.2883584,0.5914,0.6933,0.178,0.0,0.000116,3.5,logs/vanilla_5b_4g/train_vanilla_4g_5b.log
vanilla,8900,0.2916352,0.5926,0.6868,0.1687,0.0,0.000117,3.5,logs/vanilla_5b_4g/train_vanilla_4g_5b.log
vanilla,9000,0.294912,0.5881,0.6844,0.1664,0.0,0.000118,3.5,logs/vanilla_5b_4g/train_vanilla_4g_5b.log
vanilla,9100,0.2981888,0.589,0.6887,0.1712,0.0,0.000119,3.6,logs/vanilla_5b_4g/train_vanilla_4g_5b.log
vanilla,9200,0.3014656,0.5853,0.6794,0.1733,0.0,0.000121,3.5,logs/vanilla_5b_4g/train_vanilla_4g_5b.log
vanilla,9300,0.3047424,0.5903,0.6892,0.1682,0.0,0.000122,3.6,logs/vanilla_5b_4g/train_vanilla_4g_5b.log
vanilla,9400,0.3080192,0.5921,0.6883,0.1675,0.0,0.000123,3.5,logs/vanilla_5b_4g/train_vanilla_4g_5b.log
vanilla,9500,0.311296,0.5942,0.6888,0.1683,0.0,0.000125,3.5,logs/vanilla_5b_4g/train_vanilla_4g_5b.log
vanilla,9600,0.3145728,0.5996,0.6928,0.1681,0.0,0.000126,3.5,logs/vanilla_5b_4g/train_vanilla_4g_5b.log
vanilla,9700,0.3178496,0.6,0.6922,0.168,0.0,0.000127,3.6,logs/vanilla_5b_4g/train_vanilla_4g_5b.log
vanilla,9800,0.3211264,0.587,0.6836,0.1695,0.0,0.000129,3.6,logs/vanilla_5b_4g/train_vanilla_4g_5b.log
vanilla,9900,0.3244032,0.5878,0.6845,0.1718,0.0,0.00013,3.5,logs/vanilla_5b_4g/train_vanilla_4g_5b.log
vanilla,10000,0.32768,0.5932,0.6894,0.1685,0.0,0.000131,3.5,logs/vanilla_5b_4g/train_vanilla_4g_5b.log
vanilla,10100,0.3309568,0.597,0.6905,0.1716,0.0,0.000133,3.5,logs/vanilla_5b_4g/train_vanilla_4g_5b.log
vanilla,10200,0.3342336,0.5876,0.6856,0.1641,0.0,0.000134,3.5,logs/vanilla_5b_4g/train_vanilla_4g_5b.log
vanilla,10300,0.3375104,0.5902,0.6865,0.1749,0.0,0.000135,3.5,logs/vanilla_5b_4g/train_vanilla_4g_5b.log
vanilla,10400,0.3407872,0.595,0.6854,0.1685,0.0,0.000137,3.5,logs/vanilla_5b_4g/train_vanilla_4g_5b.log
vanilla,10500,0.344064,0.5925,0.6842,0.1694,0.0,0.000138,3.5,logs/vanilla_5b_4g/train_vanilla_4g_5b.log
vanilla,10600,0.3473408,0.5932,0.6895,0.1732,0.0,0.000139,3.5,logs/vanilla_5b_4g/train_vanilla_4g_5b.log
vanilla,10700,0.3506176,0.5804,0.6834,0.1684,0.0,0.000141,3.5,logs/vanilla_5b_4g/train_vanilla_4g_5b.log
vanilla,10800,0.3538944,0.5937,0.6894,0.173,0.0,0.000142,3.6,logs/vanilla_5b_4g/train_vanilla_4g_5b.log
vanilla,10900,0.3571712,0.5834,0.6828,0.1704,0.0,0.000143,3.5,logs/vanilla_5b_4g/train_vanilla_4g_5b.log
vanilla,11000,0.360448,0.5986,0.6889,0.1597,0.0,0.000145,3.6,logs/vanilla_5b_4g/train_vanilla_4g_5b.log
vanilla,11100,0.3637248,0.5873,0.6868,0.1713,0.0,0.000146,3.6,logs/vanilla_5b_4g/train_vanilla_4g_5b.log
vanilla,11200,0.3670016,0.5868,0.6891,0.1767,0.0,0.000147,3.5,logs/vanilla_5b_4g/train_vanilla_4g_5b.log
vanilla,11300,0.3702784,0.5823,0.6821,0.1718,0.0,0.000149,3.6,logs/vanilla_5b_4g/train_vanilla_4g_5b.log
vanilla,11400,0.3735552,0.5888,0.684,0.1666,0.0,0.00015,3.5,logs/vanilla_5b_4g/train_vanilla_4g_5b.log
vanilla,11500,0.376832,0.5783,0.6805,0.173,0.0,0.000151,3.6,logs/vanilla_5b_4g/train_vanilla_4g_5b.log
vanilla,11600,0.3801088,0.5906,0.6829,0.1616,0.0,0.000153,3.6,logs/vanilla_5b_4g/train_vanilla_4g_5b.log
vanilla,11700,0.3833856,0.5955,0.6892,0.1706,0.0,0.000154,3.5,logs/vanilla_5b_4g/train_vanilla_4g_5b.log
vanilla,11800,0.3866624,0.5905,0.6895,0.1617,0.0,0.000155,3.6,logs/vanilla_5b_4g/train_vanilla_4g_5b.log
vanilla,11900,0.3899392,0.591,0.6852,0.1782,0.0,0.000156,3.5,logs/vanilla_5b_4g/train_vanilla_4g_5b.log
vanilla,12000,0.393216,0.59,0.6874,0.1588,0.0,0.000158,3.5,logs/vanilla_5b_4g/train_vanilla_4g_5b.log
vanilla,12100,0.3964928,0.5965,0.6874,0.1605,0.0,0.000159,3.6,logs/vanilla_5b_4g/train_vanilla_4g_5b.log
vanilla,12200,0.3997696,0.5953,0.6875,0.1625,0.0,0.00016,3.6,logs/vanilla_5b_4g/train_vanilla_4g_5b.log
vanilla,12300,0.4030464,0.5873,0.692,0.1704,0.0,0.000162,3.5,logs/vanilla_5b_4g/train_vanilla_4g_5b.log
vanilla,12400,0.4063232,0.5841,0.6826,0.1731,0.0,0.000163,3.5,logs/vanilla_5b_4g/train_vanilla_4g_5b.log
vanilla,12500,0.4096,0.5922,0.6938,0.1692,0.0,0.000164,3.6,logs/vanilla_5b_4g/train_vanilla_4g_5b.log
vanilla,12600,0.4128768,0.595,0.684,0.1618,0.0,0.000166,3.5,logs/vanilla_5b_4g/train_vanilla_4g_5b.log
vanilla,12700,0.4161536,0.5873,0.6832,0.1687,0.0,0.000167,3.5,logs/vanilla_5b_4g/train_vanilla_4g_5b.log
vanilla,12800,0.4194304,0.5925,0.6906,0.1735,0.0,0.000168,3.6,logs/vanilla_5b_4g/train_vanilla_4g_5b.log
vanilla,12900,0.4227072,0.5854,0.6863,0.1645,0.0,0.00017,3.5,logs/vanilla_5b_4g/train_vanilla_4g_5b.log
vanilla,13000,0.425984,0.5962,0.6873,0.1626,0.0,0.000171,3.5,logs/vanilla_5b_4g/train_vanilla_4g_5b.log
vanilla,13100,0.4292608,0.596,0.6862,0.1624,0.0,0.000172,3.5,logs/vanilla_5b_4g/train_vanilla_4g_5b.log
vanilla,13200,0.4325376,0.5925,0.6857,0.1568,0.0,0.000174,3.5,logs/vanilla_5b_4g/train_vanilla_4g_5b.log
vanilla,13300,0.4358144,0.5932,0.6881,0.164,0.0,0.000175,3.6,logs/vanilla_5b_4g/train_vanilla_4g_5b.log
vanilla,13400,0.4390912,0.5969,0.6905,0.1635,0.0,0.000176,3.5,logs/vanilla_5b_4g/train_vanilla_4g_5b.log
vanilla,13500,0.442368,0.5876,0.6862,0.1699,0.0,0.000177,3.6,logs/vanilla_5b_4g/train_vanilla_4g_5b.log
vanilla,13600,0.4456448,0.5889,0.6904,0.1686,0.0,0.000179,3.5,logs/vanilla_5b_4g/train_vanilla_4g_5b.log
vanilla,13700,0.4489216,0.5937,0.6886,0.1675,0.0,0.00018,3.5,logs/vanilla_5b_4g/train_vanilla_4g_5b.log
vanilla,13800,0.4521984,0.5887,0.69,0.1712,0.0,0.000181,3.6,logs/vanilla_5b_4g/train_vanilla_4g_5b.log
vanilla,13900,0.4554752,0.5932,0.6873,0.172,0.0,0.000183,3.5,logs/vanilla_5b_4g/train_vanilla_4g_5b.log
vanilla,14000,0.458752,0.5841,0.6815,0.1742,0.0,0.000184,3.6,logs/vanilla_5b_4g/train_vanilla_4g_5b.log
vanilla,14100,0.4620288,0.5844,0.6864,0.1723,0.0,0.000185,3.5,logs/vanilla_5b_4g/train_vanilla_4g_5b.log
vanilla,14200,0.4653056,0.592,0.6848,0.1681,0.0,0.000187,3.5,logs/vanilla_5b_4g/train_vanilla_4g_5b.log
vanilla,14300,0.4685824,0.5965,0.6951,0.1768,0.0,0.000188,3.5,logs/vanilla_5b_4g/train_vanilla_4g_5b.log
vanilla,14400,0.4718592,0.5999,0.689,0.1603,0.0,0.000189,3.5,logs/vanilla_5b_4g/train_vanilla_4g_5b.log
vanilla,14500,0.475136,0.5899,0.6873,0.1683,0.0,0.000191,3.5,logs/vanilla_5b_4g/train_vanilla_4g_5b.log
vanilla,14600,0.4784128,0.5831,0.681,0.1733,0.0,0.000192,3.5,logs/vanilla_5b_4g/train_vanilla_4g_5b.log
vanilla,14700,0.4816896,0.586,0.6848,0.1773,0.0,0.000193,3.5,logs/vanilla_5b_4g/train_vanilla_4g_5b.log
vanilla,14800,0.4849664,0.5877,0.6845,0.1741,0.0,0.000195,3.5,logs/vanilla_5b_4g/train_vanilla_4g_5b.log
vanilla,14900,0.4882432,0.5846,0.6859,0.1714,0.0,0.000196,3.5,logs/vanilla_5b_4g/train_vanilla_4g_5b.log
vanilla,15000,0.49152,0.5902,0.6863,0.1674,0.0,0.000197,3.5,logs/vanilla_5b_4g/train_vanilla_4g_5b.log
vanilla,15100,0.4947968,0.5893,0.686,0.1732,0.0,0.000198,3.5,logs/vanilla_5b_4g/train_vanilla_4g_5b.log
vanilla,15200,0.4980736,0.5788,0.6779,0.1738,0.0,0.0002,3.5,logs/vanilla_5b_4g/train_vanilla_4g_5b.log
vanilla,15300,0.5013504,0.5852,0.6848,0.1655,0.0,0.000201,3.5,logs/vanilla_5b_4g/train_vanilla_4g_5b.log
vanilla,15400,0.5046272,0.5927,0.689,0.1691,0.0,0.000202,3.5,logs/vanilla_5b_4g/train_vanilla_4g_5b.log
vanilla,15500,0.507904,0.5857,0.6785,0.1693,0.0,0.000204,3.5,logs/vanilla_5b_4g/train_vanilla_4g_5b.log
vanilla,15600,0.5111808,0.5855,0.6874,0.1796,0.0,0.000205,3.5,logs/vanilla_5b_4g/train_vanilla_4g_5b.log
vanilla,15700,0.5144576,0.5864,0.6829,0.1642,0.0,0.000206,3.5,logs/vanilla_5b_4g/train_vanilla_4g_5b.log
vanilla,15800,0.5177344,0.5922,0.6869,0.1734,0.0,0.000208,3.5,logs/vanilla_5b_4g/train_vanilla_4g_5b.log
vanilla,15900,0.5210112,0.5878,0.6861,0.1689,0.0,0.000209,3.5,logs/vanilla_5b_4g/train_vanilla_4g_5b.log
vanilla,16000,0.524288,0.5878,0.6848,0.1666,0.0,0.00021,3.5,logs/vanilla_5b_4g/train_vanilla_4g_5b.log
vanilla,16100,0.5275648,0.5998,0.6942,0.175,0.0,0.000212,3.5,logs/vanilla_5b_4g/train_vanilla_4g_5b.log
vanilla,16200,0.5308416,0.5886,0.6912,0.1806,0.0,0.000213,3.5,logs/vanilla_5b_4g/train_vanilla_4g_5b.log
vanilla,16300,0.5341184,0.5903,0.687,0.1675,0.0,0.000214,3.5,logs/vanilla_5b_4g/train_vanilla_4g_5b.log
vanilla,16400,0.5373952,0.5911,0.6883,0.1665,0.0,0.000216,3.5,logs/vanilla_5b_4g/train_vanilla_4g_5b.log
vanilla,16500,0.540672,0.59,0.6867,0.1663,0.0,0.000217,3.5,logs/vanilla_5b_4g/train_vanilla_4g_5b.log
vanilla,16600,0.5439488,0.5896,0.6869,0.1701,0.0,0.000218,3.5,logs/vanilla_5b_4g/train_vanilla_4g_5b.log
vanilla,16700,0.5472256,0.5864,0.681,0.1698,0.0,0.000219,3.6,logs/vanilla_5b_4g/train_vanilla_4g_5b.log
vanilla,16800,0.5505024,0.5937,0.6895,0.1732,0.0,0.000221,3.5,logs/vanilla_5b_4g/train_vanilla_4g_5b.log
vanilla,16900,0.5537792,0.5887,0.6878,0.1655,0.0,0.000222,3.5,logs/vanilla_5b_4g/train_vanilla_4g_5b.log
vanilla,17000,0.557056,0.5927,0.6889,0.1708,0.0,0.000223,3.5,logs/vanilla_5b_4g/train_vanilla_4g_5b.log
vanilla,17100,0.5603328,0.5875,0.6865,0.1727,0.0,0.000225,3.5,logs/vanilla_5b_4g/train_vanilla_4g_5b.log
vanilla,17200,0.5636096,0.5921,0.6857,0.1632,0.0,0.000226,3.5,logs/vanilla_5b_4g/train_vanilla_4g_5b.log
vanilla,17300,0.5668864,0.5913,0.6868,0.1681,0.0,0.000227,3.6,logs/vanilla_5b_4g/train_vanilla_4g_5b.log
vanilla,17400,0.5701632,0.5916,0.6852,0.1706,0.0,0.000229,3.5,logs/vanilla_5b_4g/train_vanilla_4g_5b.log
vanilla,17500,0.57344,0.5929,0.6888,0.1657,0.0,0.00023,3.5,logs/vanilla_5b_4g/train_vanilla_4g_5b.log
vanilla,17600,0.5767168,0.5878,0.6859,0.1757,0.0,0.000231,3.5,logs/vanilla_5b_4g/train_vanilla_4g_5b.log
vanilla,17700,0.5799936,0.5964,0.6926,0.1701,0.0,0.000233,3.5,logs/vanilla_5b_4g/train_vanilla_4g_5b.log
vanilla,17800,0.5832704,0.5938,0.685,0.1642,0.0,0.000234,3.5,logs/vanilla_5b_4g/train_vanilla_4g_5b.log
vanilla,17900,0.5865472,0.5912,0.6868,0.1632,0.0,0.000235,3.5,logs/vanilla_5b_4g/train_vanilla_4g_5b.log
vanilla,18000,0.589824,0.5963,0.6907,0.1678,0.0,0.000237,3.5,logs/vanilla_5b_4g/train_vanilla_4g_5b.log
vanilla,18100,0.5931008,0.5866,0.6862,0.178,0.0,0.000238,3.5,logs/vanilla_5b_4g/train_vanilla_4g_5b.log
vanilla,18200,0.5963776,0.5867,0.6871,0.1744,0.0,0.000239,3.5,logs/vanilla_5b_4g/train_vanilla_4g_5b.log
vanilla,18300,0.5996544,0.5841,0.6811,0.1682,0.0,0.00024,3.5,logs/vanilla_5b_4g/train_vanilla_4g_5b.log
vanilla,18400,0.6029312,0.5873,0.6845,0.1692,0.0,0.000242,3.5,logs/vanilla_5b_4g/train_vanilla_4g_5b.log
vanilla,18500,0.606208,0.5901,0.6894,0.17,0.0,0.000243,3.5,logs/vanilla_5b_4g/train_vanilla_4g_5b.log
vanilla,18600,0.6094848,0.5872,0.6881,0.1727,0.0,0.000244,3.5,logs/vanilla_5b_4g/train_vanilla_4g_5b.log
vanilla,18700,0.6127616,0.5917,0.6874,0.1644,0.0,0.000246,3.5,logs/vanilla_5b_4g/train_vanilla_4g_5b.log
vanilla,18800,0.6160384,0.5869,0.6827,0.17,0.0,0.000247,3.5,logs/vanilla_5b_4g/train_vanilla_4g_5b.log
vanilla,18900,0.6193152,0.5897,0.6865,0.1749,0.0,0.000248,3.5,logs/vanilla_5b_4g/train_vanilla_4g_5b.log
vanilla,19000,0.622592,0.5999,0.6893,0.1638,0.0,0.00025,3.5,logs/vanilla_5b_4g/train_vanilla_4g_5b.log
vanilla,19100,0.6258688,0.5905,0.6875,0.1709,0.0,0.000251,3.5,logs/vanilla_5b_4g/train_vanilla_4g_5b.log
vanilla,19200,0.6291456,0.5895,0.6911,0.1701,0.0,0.000252,3.5,logs/vanilla_5b_4g/train_vanilla_4g_5b.log
vanilla,19300,0.6324224,0.5871,0.6837,0.1714,0.0,0.000254,3.5,logs/vanilla_5b_4g/train_vanilla_4g_5b.log
vanilla,19400,0.6356992,0.5921,0.6893,0.1714,0.0,0.000255,3.5,logs/vanilla_5b_4g/train_vanilla_4g_5b.log
vanilla,19500,0.638976,0.5871,0.6848,0.1669,0.0,0.000256,3.5,logs/vanilla_5b_4g/train_vanilla_4g_5b.log
vanilla,19600,0.6422528,0.5977,0.6902,0.1688,0.0,0.000258,3.5,logs/vanilla_5b_4g/train_vanilla_4g_5b.log
vanilla,19700,0.6455296,0.5888,0.6859,0.1751,0.0,0.000259,3.6,logs/vanilla_5b_4g/train_vanilla_4g_5b.log
vanilla,19800,0.6488064,0.5878,0.6882,0.168,0.0,0.00026,3.6,logs/vanilla_5b_4g/train_vanilla_4g_5b.log
vanilla,19900,0.6520832,0.595,0.6858,0.1668,0.0,0.000261,3.6,logs/vanilla_5b_4g/train_vanilla_4g_5b.log
vanilla,20000,0.65536,0.5931,0.6891,0.1835,0.0,0.000263,3.5,logs/vanilla_5b_4g/train_vanilla_4g_5b.log
vanilla,20100,0.6586368,0.589,0.6844,0.1704,0.0,0.000264,3.6,logs/vanilla_5b_4g/train_vanilla_4g_5b.log
vanilla,20200,0.6619136,0.5864,0.6828,0.1619,0.0,0.000265,3.6,logs/vanilla_5b_4g/train_vanilla_4g_5b.log
vanilla,20300,0.6651904,0.5919,0.6862,0.1641,0.0,0.000267,3.6,logs/vanilla_5b_4g/train_vanilla_4g_5b.log
vanilla,20400,0.6684672,0.5973,0.6905,0.1664,0.0,0.000268,3.6,logs/vanilla_5b_4g/train_vanilla_4g_5b.log
vanilla,20500,0.671744,0.5872,0.6829,0.1669,0.0,0.000269,3.6,logs/vanilla_5b_4g/train_vanilla_4g_5b.log
vanilla,20600,0.6750208,0.59,0.6877,0.1697,0.0,0.000271,3.6,logs/vanilla_5b_4g/train_vanilla_4g_5b.log
vanilla,20700,0.6782976,0.5896,0.6882,0.1715,0.0,0.000272,3.6,logs/vanilla_5b_4g/train_vanilla_4g_5b.log
vanilla,20800,0.6815744,0.5878,0.6825,0.1694,0.0,0.000273,3.6,logs/vanilla_5b_4g/train_vanilla_4g_5b.log
vanilla,20900,0.6848512,0.5916,0.691,0.1757,0.0,0.000275,3.6,logs/vanilla_5b_4g/train_vanilla_4g_5b.log
vanilla,21000,0.688128,0.5869,0.6854,0.1767,0.0,0.000276,3.6,logs/vanilla_5b_4g/train_vanilla_4g_5b.log
vanilla,21100,0.6914048,0.5919,0.6896,0.1712,0.0,0.000277,3.6,logs/vanilla_5b_4g/train_vanilla_4g_5b.log
vanilla,21200,0.6946816,0.5989,0.6908,0.1655,0.0,0.000279,3.6,logs/vanilla_5b_4g/train_vanilla_4g_5b.log
vanilla,21300,0.6979584,0.5967,0.6871,0.1659,0.0,0.00028,3.6,logs/vanilla_5b_4g/train_vanilla_4g_5b.log
vanilla,21400,0.7012352,0.589,0.6838,0.1635,0.0,0.000281,3.6,logs/vanilla_5b_4g/train_vanilla_4g_5b.log
vanilla,21500,0.704512,0.5889,0.6894,0.1735,0.0,0.000282,3.5,logs/vanilla_5b_4g/train_vanilla_4g_5b.log
vanilla,21600,0.7077888,0.5931,0.6895,0.1657,0.0,0.000284,3.6,logs/vanilla_5b_4g/train_vanilla_4g_5b.log
vanilla,21700,0.7110656,0.5894,0.6842,0.1645,0.0,0.000285,3.6,logs/vanilla_5b_4g/train_vanilla_4g_5b.log
vanilla,21800,0.7143424,0.5944,0.688,0.1707,0.0,0.000286,3.6,logs/vanilla_5b_4g/train_vanilla_4g_5b.log
vanilla,21900,0.7176192,0.5935,0.6914,0.1652,0.0,0.000288,3.6,logs/vanilla_5b_4g/train_vanilla_4g_5b.log
vanilla,22000,0.720896,0.5933,0.6875,0.1636,0.0,0.000289,3.6,logs/vanilla_5b_4g/train_vanilla_4g_5b.log
vanilla,22100,0.7241728,0.5937,0.6891,0.1691,0.0,0.00029,3.6,logs/vanilla_5b_4g/train_vanilla_4g_5b.log
vanilla,22200,0.7274496,0.5938,0.6921,0.1714,0.0,0.000292,3.6,logs/vanilla_5b_4g/train_vanilla_4g_5b.log
vanilla,22300,0.7307264,0.5951,0.6935,0.1711,0.0,0.000293,3.5,logs/vanilla_5b_4g/train_vanilla_4g_5b.log
vanilla,22400,0.7340032,0.59,0.6878,0.1706,0.0,0.000294,3.5,logs/vanilla_5b_4g/train_vanilla_4g_5b.log
vanilla,22500,0.73728,0.5958,0.6906,0.1679,0.0,0.000296,3.5,logs/vanilla_5b_4g/train_vanilla_4g_5b.log
vanilla,22600,0.7405568,0.5896,0.6847,0.1725,0.0,0.000297,3.5,logs/vanilla_5b_4g/train_vanilla_4g_5b.log
vanilla,22700,0.7438336,0.5889,0.6857,0.1716,0.0,0.000298,3.5,logs/vanilla_5b_4g/train_vanilla_4g_5b.log
vanilla,22800,0.7471104,0.5868,0.6834,0.1686,0.0,0.0003,3.6,logs/vanilla_5b_4g/train_vanilla_4g_5b.log
vanilla,22900,0.7503872,0.591,0.6894,0.1745,0.0,0.000301,3.5,logs/vanilla_5b_4g/train_vanilla_4g_5b.log
vanilla,23000,0.753664,0.5915,0.6904,0.1754,0.0,0.000302,3.5,logs/vanilla_5b_4g/train_vanilla_4g_5b.log
vanilla,23100,0.7569408,0.5906,0.6877,0.1695,0.0,0.000304,3.5,logs/vanilla_5b_4g/train_vanilla_4g_5b.log
vanilla,23200,0.7602176,0.5891,0.6872,0.1721,0.0,0.000305,3.5,logs/vanilla_5b_4g/train_vanilla_4g_5b.log
vanilla,23300,0.7634944,0.5938,0.6898,0.1752,0.0,0.000306,3.6,logs/vanilla_5b_4g/train_vanilla_4g_5b.log
vanilla,23400,0.7667712,0.5965,0.691,0.1625,0.0,0.000308,3.6,logs/vanilla_5b_4g/train_vanilla_4g_5b.log
vanilla,23500,0.770048,0.5895,0.6839,0.1675,0.0,0.000309,3.6,logs/vanilla_5b_4g/train_vanilla_4g_5b.log
vanilla,23600,0.7733248,0.5959,0.6908,0.1653,0.0,0.00031,3.6,logs/vanilla_5b_4g/train_vanilla_4g_5b.log
vanilla,23700,0.7766016,0.591,0.689,0.17,0.0,0.000312,3.6,logs/vanilla_5b_4g/train_vanilla_4g_5b.log
vanilla,23800,0.7798784,0.5925,0.6869,0.1668,0.0,0.000313,3.6,logs/vanilla_5b_4g/train_vanilla_4g_5b.log
vanilla,23900,0.7831552,0.5859,0.6844,0.1727,0.0,0.000314,3.6,logs/vanilla_5b_4g/train_vanilla_4g_5b.log
vanilla,24000,0.786432,0.5936,0.6854,0.1668,0.0,0.000316,3.6,logs/vanilla_5b_4g/train_vanilla_4g_5b.log
vanilla,24100,0.7897088,0.5919,0.6854,0.1717,0.0,0.000317,3.6,logs/vanilla_5b_4g/train_vanilla_4g_5b.log
vanilla,24200,0.7929856,0.5863,0.6837,0.1746,0.0,0.000318,3.6,logs/vanilla_5b_4g/train_vanilla_4g_5b.log
vanilla,24300,0.7962624,0.5911,0.6881,0.1743,0.0,0.000319,3.6,logs/vanilla_5b_4g/train_vanilla_4g_5b.log
vanilla,24400,0.7995392,0.5879,0.687,0.1704,0.0,0.000321,3.6,logs/vanilla_5b_4g/train_vanilla_4g_5b.log
vanilla,24500,0.802816,0.5957,0.6831,0.1684,0.0,0.000322,3.6,logs/vanilla_5b_4g/train_vanilla_4g_5b.log
vanilla,24600,0.8060928,0.587,0.6867,0.1702,0.0,0.000323,3.6,logs/vanilla_5b_4g/train_vanilla_4g_5b.log
vanilla,24700,0.8093696,0.5934,0.6899,0.1677,0.0,0.000325,3.6,logs/vanilla_5b_4g/train_vanilla_4g_5b.log
vanilla,24800,0.8126464,0.5861,0.6854,0.1677,0.0,0.000326,3.6,logs/vanilla_5b_4g/train_vanilla_4g_5b.log
vanilla,24900,0.8159232,0.5936,0.6872,0.1666,0.0,0.000327,3.6,logs/vanilla_5b_4g/train_vanilla_4g_5b.log
vanilla,25000,0.8192,0.5997,0.6909,0.1609,0.0,0.000329,3.6,logs/vanilla_5b_4g/train_vanilla_4g_5b.log
vanilla,25100,0.8224768,0.5916,0.6895,0.1695,0.0,0.00033,3.6,logs/vanilla_5b_4g/train_vanilla_4g_5b.log
vanilla,25200,0.8257536,0.5862,0.6864,0.1712,0.0,0.000331,3.6,logs/vanilla_5b_4g/train_vanilla_4g_5b.log
vanilla,25300,0.8290304,0.5762,0.6793,0.1768,0.0,0.000333,3.7,logs/vanilla_5b_4g/train_vanilla_4g_5b.log
vanilla,25400,0.8323072,0.5892,0.6863,0.1749,0.0,0.000334,3.5,logs/vanilla_5b_4g/train_vanilla_4g_5b.log
vanilla,25500,0.835584,0.6044,0.6935,0.1593,0.0,0.000335,3.5,logs/vanilla_5b_4g/train_vanilla_4g_5b.log
vanilla,25600,0.8388608,0.5887,0.6848,0.1759,0.0,0.000337,3.6,logs/vanilla_5b_4g/train_vanilla_4g_5b.log
vanilla,25700,0.8421376,0.5862,0.6878,0.1754,0.0,0.000338,3.5,logs/vanilla_5b_4g/train_vanilla_4g_5b.log
vanilla,25800,0.8454144,0.5911,0.6868,0.176,0.0,0.000339,3.6,logs/vanilla_5b_4g/train_vanilla_4g_5b.log
vanilla,25900,0.8486912,0.5862,0.6808,0.1729,0.0,0.00034,3.5,logs/vanilla_5b_4g/train_vanilla_4g_5b.log
vanilla,26000,0.851968,0.594,0.6888,0.1724,0.0,0.000342,3.6,logs/vanilla_5b_4g/train_vanilla_4g_5b.log
vanilla,26100,0.8552448,0.5862,0.6835,0.1706,0.0,0.000343,3.6,logs/vanilla_5b_4g/train_vanilla_4g_5b.log
vanilla,26200,0.8585216,0.5942,0.6888,0.1672,0.0,0.000344,3.6,logs/vanilla_5b_4g/train_vanilla_4g_5b.log
vanilla,26300,0.8617984,0.596,0.6925,0.17,0.0,0.000346,3.6,logs/vanilla_5b_4g/train_vanilla_4g_5b.log
vanilla,26400,0.8650752,0.5855,0.6844,0.1738,0.0,0.000347,3.5,logs/vanilla_5b_4g/train_vanilla_4g_5b.log
vanilla,26500,0.868352,0.5918,0.6921,0.1741,0.0,0.000348,3.5,logs/vanilla_5b_4g/train_vanilla_4g_5b.log
vanilla,26600,0.8716288,0.5871,0.6801,0.1713,0.0,0.00035,3.5,logs/vanilla_5b_4g/train_vanilla_4g_5b.log
vanilla,26700,0.8749056,0.5923,0.6901,0.1716,0.0,0.000351,3.5,logs/vanilla_5b_4g/train_vanilla_4g_5b.log
vanilla,26800,0.8781824,0.5971,0.6916,0.1689,0.0,0.000352,3.6,logs/vanilla_5b_4g/train_vanilla_4g_5b.log
vanilla,26900,0.8814592,0.597,0.6918,0.1675,0.0,0.000354,3.5,logs/vanilla_5b_4g/train_vanilla_4g_5b.log
vanilla,27000,0.884736,0.5927,0.6858,0.1568,0.0,0.000355,3.5,logs/vanilla_5b_4g/train_vanilla_4g_5b.log
vanilla,27100,0.8880128,0.5937,0.6867,0.1611,0.0,0.000356,3.5,logs/vanilla_5b_4g/train_vanilla_4g_5b.log
vanilla,27200,0.8912896,0.5953,0.686,0.1646,0.0,0.000358,3.6,logs/vanilla_5b_4g/train_vanilla_4g_5b.log
vanilla,27300,0.8945664,0.5892,0.6905,0.1794,0.0,0.000359,3.6,logs/vanilla_5b_4g/train_vanilla_4g_5b.log
vanilla,27400,0.8978432,0.5925,0.6872,0.1733,0.0,0.00036,3.6,logs/vanilla_5b_4g/train_vanilla_4g_5b.log
vanilla,27500,0.90112,0.5875,0.6846,0.1716,0.0,0.000361,3.6,logs/vanilla_5b_4g/train_vanilla_4g_5b.log
vanilla,27600,0.9043968,0.594,0.688,0.1686,0.0,0.000363,3.5,logs/vanilla_5b_4g/train_vanilla_4g_5b.log
vanilla,27700,0.9076736,0.5807,0.6853,0.1692,0.0,0.000364,3.6,logs/vanilla_5b_4g/train_vanilla_4g_5b.log
vanilla,27800,0.9109504,0.5915,0.6842,0.1719,0.0,0.000365,3.6,logs/vanilla_5b_4g/train_vanilla_4g_5b.log
vanilla,27900,0.9142272,0.5961,0.6919,0.1722,0.0,0.000367,3.5,logs/vanilla_5b_4g/train_vanilla_4g_5b.log
vanilla,28000,0.917504,0.5992,0.6902,0.1689,0.0,0.000368,3.5,logs/vanilla_5b_4g/train_vanilla_4g_5b.log
vanilla,28100,0.9207808,0.5972,0.6926,0.174,0.0,0.000369,3.5,logs/vanilla_5b_4g/train_vanilla_4g_5b.log
vanilla,28200,0.9240576,0.5891,0.6894,0.1717,0.0,0.000371,3.5,logs/vanilla_5b_4g/train_vanilla_4g_5b.log
vanilla,28300,0.9273344,0.5869,0.6814,0.1713,0.0,0.000372,3.6,logs/vanilla_5b_4g/train_vanilla_4g_5b.log
vanilla,28400,0.9306112,0.5948,0.6864,0.1659,0.0,0.000373,3.5,logs/vanilla_5b_4g/train_vanilla_4g_5b.log
vanilla,28500,0.933888,0.5925,0.6875,0.1687,0.0,0.000375,3.5,logs/vanilla_5b_4g/train_vanilla_4g_5b.log
vanilla,28600,0.9371648,0.5894,0.6878,0.1698,0.0,0.000376,3.5,logs/vanilla_5b_4g/train_vanilla_4g_5b.log
vanilla,28700,0.9404416,0.5911,0.6901,0.1703,0.0,0.000377,3.5,logs/vanilla_5b_4g/train_vanilla_4g_5b.log
vanilla,28800,0.9437184,0.5974,0.6862,0.1643,0.0,0.000379,3.6,logs/vanilla_5b_4g/train_vanilla_4g_5b.log
vanilla,28900,0.9469952,0.5906,0.6874,0.1736,0.0,0.00038,3.5,logs/vanilla_5b_4g/train_vanilla_4g_5b.log
vanilla,29000,0.950272,0.5952,0.6917,0.1751,0.0,0.000381,3.5,logs/vanilla_5b_4g/train_vanilla_4g_5b.log
vanilla,29100,0.9535488,0.5807,0.6855,0.1748,0.0,0.000382,3.5,logs/vanilla_5b_4g/train_vanilla_4g_5b.log
vanilla,29200,0.9568256,0.5861,0.6836,0.1692,0.0,0.000384,3.5,logs/vanilla_5b_4g/train_vanilla_4g_5b.log
vanilla,29300,0.9601024,0.5805,0.6811,0.1821,0.0,0.000385,3.6,logs/vanilla_5b_4g/train_vanilla_4g_5b.log
vanilla,29400,0.9633792,0.5938,0.6874,0.1737,0.0,0.000386,3.6,logs/vanilla_5b_4g/train_vanilla_4g_5b.log
vanilla,29500,0.966656,0.5874,0.6895,0.1789,0.0,0.000388,3.5,logs/vanilla_5b_4g/train_vanilla_4g_5b.log
vanilla,29600,0.9699328,0.5906,0.683,0.169,0.0,0.000389,3.5,logs/vanilla_5b_4g/train_vanilla_4g_5b.log
vanilla,29700,0.9732096,0.591,0.6877,0.1716,0.0,0.00039,3.5,logs/vanilla_5b_4g/train_vanilla_4g_5b.log
vanilla,29800,0.9764864,0.5887,0.6904,0.1679,0.0,0.000392,3.5,logs/vanilla_5b_4g/train_vanilla_4g_5b.log
vanilla,29900,0.9797632,0.5893,0.6888,0.1733,0.0,0.000393,3.5,logs/vanilla_5b_4g/train_vanilla_4g_5b.log
vanilla,30000,0.98304,0.589,0.6912,0.1735,0.0,0.000394,3.5,logs/vanilla_5b_4g/train_vanilla_4g_5b.log
vanilla,30100,0.9863168,0.5804,0.68,0.1718,0.0,0.000396,3.5,logs/vanilla_5b_4g/train_vanilla_4g_5b.log
vanilla,30200,0.9895936,0.5918,0.6873,0.1701,0.0,0.000397,3.5,logs/vanilla_5b_4g/train_vanilla_4g_5b.log
vanilla,30300,0.9928704,0.5919,0.6891,0.1765,0.0,0.000398,3.6,logs/vanilla_5b_4g/train_vanilla_4g_5b.log
vanilla,30400,0.9961472,0.5942,0.6879,0.1734,0.0,0.0004,3.5,logs/vanilla_5b_4g/train_vanilla_4g_5b.log
vanilla,30500,0.999424,0.5949,0.6901,0.1673,0.0,0.000401,3.5,logs/vanilla_5b_4g/train_vanilla_4g_5b.log
vanilla,30600,1.0027008,0.589,0.6852,0.1718,0.0,0.000402,3.5,logs/vanilla_5b_4g/train_vanilla_4g_5b.log
vanilla,30700,1.0059776,0.5965,0.6937,0.1703,0.0,0.000403,3.6,logs/vanilla_5b_4g/train_vanilla_4g_5b.log
vanilla,30800,1.0092544,0.5798,0.6816,0.1689,0.0,0.000405,3.6,logs/vanilla_5b_4g/train_vanilla_4g_5b.log
vanilla,30900,1.0125312,0.594,0.6874,0.1687,0.0,0.000406,3.5,logs/vanilla_5b_4g/train_vanilla_4g_5b.log
vanilla,31000,1.015808,0.5962,0.6935,0.1692,0.0,0.000407,3.5,logs/vanilla_5b_4g/train_vanilla_4g_5b.log
vanilla,31100,1.0190848,0.5896,0.6883,0.1697,0.0,0.000409,3.5,logs/vanilla_5b_4g/train_vanilla_4g_5b.log
vanilla,31200,1.0223616,0.5891,0.686,0.1742,0.0,0.00041,3.6,logs/vanilla_5b_4g/train_vanilla_4g_5b.log
vanilla,31300,1.0256384,0.5873,0.6836,0.1695,0.0,0.000411,3.6,logs/vanilla_5b_4g/train_vanilla_4g_5b.log
vanilla,31400,1.0289152,0.5987,0.6913,0.1713,0.0,0.000413,3.6,logs/vanilla_5b_4g/train_vanilla_4g_5b.log
vanilla,31500,1.032192,0.5899,0.6913,0.177,0.0,0.000414,3.6,logs/vanilla_5b_4g/train_vanilla_4g_5b.log
vanilla,31600,1.0354688,0.5806,0.6858,0.173,0.0,0.000415,3.5,logs/vanilla_5b_4g/train_vanilla_4g_5b.log
vanilla,31700,1.0387456,0.5882,0.689,0.1767,0.0,0.000417,3.6,logs/vanilla_5b_4g/train_vanilla_4g_5b.log
vanilla,31800,1.0420224,0.5947,0.6864,0.1686,0.0,0.000418,3.6,logs/vanilla_5b_4g/train_vanilla_4g_5b.log
vanilla,31900,1.0452992,0.5911,0.6887,0.1689,0.0,0.000419,3.6,logs/vanilla_5b_4g/train_vanilla_4g_5b.log
vanilla,32000,1.048576,0.5966,0.6903,0.1733,0.0,0.000421,3.6,logs/vanilla_5b_4g/train_vanilla_4g_5b.log
vanilla,32100,1.0518528,0.589,0.6834,0.1719,0.0,0.000422,3.5,logs/vanilla_5b_4g/train_vanilla_4g_5b.log
vanilla,32200,1.0551296,0.59,0.6876,0.1719,0.0,0.000423,3.5,logs/vanilla_5b_4g/train_vanilla_4g_5b.log
vanilla,32300,1.0584064,0.5941,0.6884,0.1726,0.0,0.000424,3.6,logs/vanilla_5b_4g/train_vanilla_4g_5b.log
vanilla,32400,1.0616832,0.5869,0.6847,0.1749,0.0,0.000426,3.5,logs/vanilla_5b_4g/train_vanilla_4g_5b.log
vanilla,32500,1.06496,0.5881,0.6829,0.173,0.0,0.000427,3.6,logs/vanilla_5b_4g/train_vanilla_4g_5b.log
vanilla,32600,1.0682368,0.5907,0.6874,0.177,0.0,0.000428,3.6,logs/vanilla_5b_4g/train_vanilla_4g_5b.log
vanilla,32700,1.0715136,0.5904,0.686,0.1602,0.0,0.00043,3.6,logs/vanilla_5b_4g/train_vanilla_4g_5b.log
vanilla,32800,1.0747904,0.5921,0.6881,0.1709,0.0,0.000431,3.6,logs/vanilla_5b_4g/train_vanilla_4g_5b.log
vanilla,32900,1.0780672,0.5965,0.6867,0.1632,0.0,0.000432,3.6,logs/vanilla_5b_4g/train_vanilla_4g_5b.log
vanilla,33000,1.081344,0.5924,0.6864,0.1759,0.0,0.000434,3.5,logs/vanilla_5b_4g/train_vanilla_4g_5b.log
vanilla,33100,1.0846208,0.5964,0.692,0.1718,0.0,0.000435,3.6,logs/vanilla_5b_4g/train_vanilla_4g_5b.log
vanilla,33200,1.0878976,0.5844,0.6859,0.1766,0.0,0.000436,3.5,logs/vanilla_5b_4g/train_vanilla_4g_5b.log
vanilla,33300,1.0911744,0.5886,0.6837,0.1723,0.0,0.000438,3.6,logs/vanilla_5b_4g/train_vanilla_4g_5b.log
vanilla,33400,1.0944512,0.5963,0.6849,0.1688,0.0,0.000439,3.6,logs/vanilla_5b_4g/train_vanilla_4g_5b.log
vanilla,33500,1.097728,0.5839,0.6835,0.1789,0.0,0.00044,3.5,logs/vanilla_5b_4g/train_vanilla_4g_5b.log
vanilla,33600,1.1010048,0.584,0.6822,0.1713,0.0,0.000442,3.6,logs/vanilla_5b_4g/train_vanilla_4g_5b.log
vanilla,33700,1.1042816,0.5869,0.6886,0.1762,0.0,0.000443,3.5,logs/vanilla_5b_4g/train_vanilla_4g_5b.log
vanilla,33800,1.1075584,0.595,0.688,0.1675,0.0,0.000444,3.6,logs/vanilla_5b_4g/train_vanilla_4g_5b.log
vanilla,33900,1.1108352,0.5918,0.6889,0.1735,0.0,0.000446,3.5,logs/vanilla_5b_4g/train_vanilla_4g_5b.log
vanilla,34000,1.114112,0.5855,0.684,0.1685,0.0,0.000447,3.5,logs/vanilla_5b_4g/train_vanilla_4g_5b.log
vanilla,34100,1.1173888,0.596,0.695,0.1727,0.0,0.000448,3.5,logs/vanilla_5b_4g/train_vanilla_4g_5b.log
vanilla,34200,1.1206656,0.5969,0.6887,0.1683,0.0,0.00045,3.5,logs/vanilla_5b_4g/train_vanilla_4g_5b.log
vanilla,34300,1.1239424,0.5871,0.6839,0.1751,0.0,0.000451,3.6,logs/vanilla_5b_4g/train_vanilla_4g_5b.log
vanilla,34400,1.1272192,0.5969,0.689,0.1638,0.0,0.000452,3.5,logs/vanilla_5b_4g/train_vanilla_4g_5b.log
vanilla,34500,1.130496,0.5923,0.696,0.1748,0.0,0.000454,3.5,logs/vanilla_5b_4g/train_vanilla_4g_5b.log
vanilla,34600,1.1337728,0.5926,0.6841,0.1633,0.0,0.000455,3.5,logs/vanilla_5b_4g/train_vanilla_4g_5b.log
vanilla,34700,1.1370496,0.5886,0.6891,0.1765,0.0,0.000456,3.6,logs/vanilla_5b_4g/train_vanilla_4g_5b.log
vanilla,34800,1.1403264,0.5925,0.6899,0.1743,0.0,0.000458,3.6,logs/vanilla_5b_4g/train_vanilla_4g_5b.log
vanilla,34900,1.1436032,0.5941,0.6877,0.1622,0.0,0.000459,3.6,logs/vanilla_5b_4g/train_vanilla_4g_5b.log
vanilla,35000,1.14688,0.5944,0.6867,0.1671,0.0,0.00046,3.6,logs/vanilla_5b_4g/train_vanilla_4g_5b.log
vanilla,35100,1.1501568,0.5929,0.6855,0.167,0.0,0.000461,3.6,logs/vanilla_5b_4g/train_vanilla_4g_5b.log
vanilla,35200,1.1534336,0.59,0.6913,0.1699,0.0,0.000463,3.6,logs/vanilla_5b_4g/train_vanilla_4g_5b.log
vanilla,35300,1.1567104,0.5922,0.6866,0.1738,0.0,0.000464,3.6,logs/vanilla_5b_4g/train_vanilla_4g_5b.log
vanilla,35400,1.1599872,0.5923,0.6879,0.1681,0.0,0.000465,3.6,logs/vanilla_5b_4g/train_vanilla_4g_5b.log
vanilla,35500,1.163264,0.5887,0.689,0.1734,0.0,0.000467,3.6,logs/vanilla_5b_4g/train_vanilla_4g_5b.log
vanilla,35600,1.1665408,0.5921,0.6883,0.176,0.0,0.000468,3.5,logs/vanilla_5b_4g/train_vanilla_4g_5b.log
vanilla,35700,1.1698176,0.5931,0.6901,0.1673,0.0,0.000469,3.5,logs/vanilla_5b_4g/train_vanilla_4g_5b.log
vanilla,35800,1.1730944,0.5905,0.6884,0.1748,0.0,0.000471,3.6,logs/vanilla_5b_4g/train_vanilla_4g_5b.log
vanilla,35900,1.1763712,0.592,0.6891,0.1726,0.0,0.000472,3.5,logs/vanilla_5b_4g/train_vanilla_4g_5b.log
vanilla,36000,1.179648,0.5804,0.6778,0.1755,0.0,0.000473,3.6,logs/vanilla_5b_4g/train_vanilla_4g_5b.log
vanilla,36100,1.1829248,0.594,0.688,0.1689,0.0,0.000475,3.6,logs/vanilla_5b_4g/train_vanilla_4g_5b.log
vanilla,36200,1.1862016,0.5943,0.691,0.18,0.0,0.000476,3.6,logs/vanilla_5b_4g/train_vanilla_4g_5b.log
vanilla,36300,1.1894784,0.589,0.6854,0.1785,0.0,0.000477,3.6,logs/vanilla_5b_4g/train_vanilla_4g_5b.log
vanilla,36400,1.1927552,0.5831,0.6837,0.1813,0.0,0.000479,3.6,logs/vanilla_5b_4g/train_vanilla_4g_5b.log
vanilla,36500,1.196032,0.6001,0.6856,0.1668,0.0,0.00048,3.6,logs/vanilla_5b_4g/train_vanilla_4g_5b.log
vanilla,36600,1.1993088,0.5901,0.6874,0.1767,0.0,0.000481,3.6,logs/vanilla_5b_4g/train_vanilla_4g_5b.log
vanilla,36700,1.2025856,0.5886,0.6832,0.1671,0.0,0.000482,3.5,logs/vanilla_5b_4g/train_vanilla_4g_5b.log
vanilla,36800,1.2058624,0.5883,0.6843,0.1701,0.0,0.000484,3.6,logs/vanilla_5b_4g/train_vanilla_4g_5b.log
vanilla,36900,1.2091392,0.583,0.6851,0.1767,0.0,0.000485,3.6,logs/vanilla_5b_4g/train_vanilla_4g_5b.log
vanilla,37000,1.212416,0.5836,0.6858,0.1768,0.0,0.000486,3.6,logs/vanilla_5b_4g/train_vanilla_4g_5b.log
vanilla,37100,1.2156928,0.5955,0.688,0.1666,0.0,0.000488,3.6,logs/vanilla_5b_4g/train_vanilla_4g_5b.log
vanilla,37200,1.2189696,0.5855,0.6865,0.1696,0.0,0.000489,3.6,logs/vanilla_5b_4g/train_vanilla_4g_5b.log
vanilla,37300,1.2222464,0.5922,0.6886,0.1651,0.0,0.00049,3.6,logs/vanilla_5b_4g/train_vanilla_4g_5b.log
vanilla,37400,1.2255232,0.5946,0.684,0.1689,0.0,0.000492,3.5,logs/vanilla_5b_4g/train_vanilla_4g_5b.log
vanilla,37500,1.2288,0.5944,0.6885,0.175,0.0,0.000493,3.5,logs/vanilla_5b_4g/train_vanilla_4g_5b.log
vanilla,37600,1.2320768,0.5884,0.6861,0.1741,0.0,0.000494,3.5,logs/vanilla_5b_4g/train_vanilla_4g_5b.log
vanilla,37700,1.2353536,0.5883,0.6837,0.1731,0.0,0.000496,3.5,logs/vanilla_5b_4g/train_vanilla_4g_5b.log
vanilla,37800,1.2386304,0.5957,0.6872,0.1704,0.0,0.000497,3.6,logs/vanilla_5b_4g/train_vanilla_4g_5b.log
vanilla,37900,1.2419072,0.5967,0.6898,0.1715,0.0,0.000498,3.6,logs/vanilla_5b_4g/train_vanilla_4g_5b.log
vanilla,38000,1.245184,0.5921,0.6895,0.178,0.0,0.0005,3.6,logs/vanilla_5b_4g/train_vanilla_4g_5b.log
vanilla,38100,1.2484608,0.5914,0.6918,0.1759,0.0,0.000501,3.5,logs/vanilla_5b_4g/train_vanilla_4g_5b.log
vanilla,38200,1.2517376,0.5878,0.6883,0.1751,0.0,0.000502,3.6,logs/vanilla_5b_4g/train_vanilla_4g_5b.log
vanilla,38300,1.2550144,0.5976,0.6929,0.1652,0.0,0.000503,3.6,logs/vanilla_5b_4g/train_vanilla_4g_5b.log
vanilla,38400,1.2582912,0.5829,0.687,0.1799,0.0,0.000505,3.6,logs/vanilla_5b_4g/train_vanilla_4g_5b.log
vanilla,38500,1.261568,0.5896,0.6877,0.1691,0.0,0.000506,3.6,logs/vanilla_5b_4g/train_vanilla_4g_5b.log
vanilla,38600,1.2648448,0.5838,0.6857,0.1705,0.0,0.000507,3.5,logs/vanilla_5b_4g/train_vanilla_4g_5b.log
vanilla,38700,1.2681216,0.5922,0.691,0.1738,0.0,0.000509,3.6,logs/vanilla_5b_4g/train_vanilla_4g_5b.log
vanilla,38800,1.2713984,0.5919,0.6874,0.1717,0.0,0.00051,3.6,logs/vanilla_5b_4g/train_vanilla_4g_5b.log
vanilla,38900,1.2746752,0.5882,0.6872,0.1744,0.0,0.000511,3.6,logs/vanilla_5b_4g/train_vanilla_4g_5b.log
vanilla,39000,1.277952,0.5829,0.6826,0.1761,0.0,0.000513,3.6,logs/vanilla_5b_4g/train_vanilla_4g_5b.log
vanilla,39100,1.2812288,0.5925,0.6869,0.174,0.0,0.000514,3.6,logs/vanilla_5b_4g/train_vanilla_4g_5b.log
vanilla,39200,1.2845056,0.5846,0.6833,0.177,0.0,0.000515,3.6,logs/vanilla_5b_4g/train_vanilla_4g_5b.log
vanilla,39300,1.2877824,0.5904,0.6849,0.1671,0.0,0.000517,3.7,logs/vanilla_5b_4g/train_vanilla_4g_5b.log
vanilla,39400,1.2910592,0.5904,0.6859,0.1713,0.0,0.000518,3.6,logs/vanilla_5b_4g/train_vanilla_4g_5b.log
vanilla,39500,1.294336,0.5848,0.6795,0.1748,0.0,0.000519,3.6,logs/vanilla_5b_4g/train_vanilla_4g_5b.log
vanilla,39600,1.2976128,0.5903,0.6842,0.169,0.0,0.000521,3.6,logs/vanilla_5b_4g/train_vanilla_4g_5b.log
vanilla,39700,1.3008896,0.5964,0.6901,0.1732,0.0,0.000522,3.6,logs/vanilla_5b_4g/train_vanilla_4g_5b.log
vanilla,39800,1.3041664,0.5978,0.6931,0.1774,0.0,0.000523,3.6,logs/vanilla_5b_4g/train_vanilla_4g_5b.log
vanilla,39900,1.3074432,0.5913,0.6892,0.1768,0.0,0.000524,3.5,logs/vanilla_5b_4g/train_vanilla_4g_5b.log
vanilla,40000,1.31072,0.5945,0.6884,0.1785,0.0,0.000526,3.6,logs/vanilla_5b_4g/train_vanilla_4g_5b.log
vanilla,40100,1.3139968,0.6011,0.6886,0.1648,0.0,0.000527,3.6,logs/vanilla_5b_4g/train_vanilla_4g_5b.log
vanilla,40200,1.3172736,0.5868,0.6873,0.1732,0.0,0.000528,3.5,logs/vanilla_5b_4g/train_vanilla_4g_5b.log
vanilla,40300,1.3205504,0.5871,0.6876,0.1764,0.0,0.00053,3.6,logs/vanilla_5b_4g/train_vanilla_4g_5b.log
vanilla,40400,1.3238272,0.5899,0.6823,0.1685,0.0,0.000531,3.5,logs/vanilla_5b_4g/train_vanilla_4g_5b.log
vanilla,40500,1.327104,0.5944,0.6862,0.1687,0.0,0.000532,3.6,logs/vanilla_5b_4g/train_vanilla_4g_5b.log
vanilla,40600,1.3303808,0.5894,0.6879,0.1733,0.0,0.000534,3.6,logs/vanilla_5b_4g/train_vanilla_4g_5b.log
vanilla,40700,1.3336576,0.5919,0.6902,0.1712,0.0,0.000535,3.6,logs/vanilla_5b_4g/train_vanilla_4g_5b.log
vanilla,40800,1.3369344,0.5981,0.694,0.1702,0.0,0.000536,3.6,logs/vanilla_5b_4g/train_vanilla_4g_5b.log
vanilla,40900,1.3402112,0.5897,0.6863,0.17,0.0,0.000538,3.6,logs/vanilla_5b_4g/train_vanilla_4g_5b.log
vanilla,41000,1.343488,0.5952,0.6908,0.1731,0.0,0.000539,3.6,logs/vanilla_5b_4g/train_vanilla_4g_5b.log
vanilla,41100,1.3467648,0.5887,0.689,0.1827,0.0,0.00054,3.6,logs/vanilla_5b_4g/train_vanilla_4g_5b.log
vanilla,41200,1.3500416,0.5777,0.6805,0.1762,0.0,0.000542,3.7,logs/vanilla_5b_4g/train_vanilla_4g_5b.log
vanilla,41300,1.3533184,0.5953,0.6853,0.1719,0.0,0.000543,3.7,logs/vanilla_5b_4g/train_vanilla_4g_5b.log
vanilla,41400,1.3565952,0.592,0.6848,0.17,0.0,0.000544,3.7,logs/vanilla_5b_4g/train_vanilla_4g_5b.log
vanilla,41500,1.359872,0.5916,0.6889,0.1673,0.0,0.000545,3.6,logs/vanilla_5b_4g/train_vanilla_4g_5b.log
vanilla,41600,1.3631488,0.5862,0.6852,0.1717,0.0,0.000547,3.6,logs/vanilla_5b_4g/train_vanilla_4g_5b.log
vanilla,41700,1.3664256,0.5956,0.6898,0.1804,0.0,0.000548,3.6,logs/vanilla_5b_4g/train_vanilla_4g_5b.log
vanilla,41800,1.3697024,0.5944,0.6893,0.17,0.0,0.000549,3.6,logs/vanilla_5b_4g/train_vanilla_4g_5b.log
vanilla,41900,1.3729792,0.5892,0.6844,0.1703,0.0,0.000551,3.6,logs/vanilla_5b_4g/train_vanilla_4g_5b.log
vanilla,42000,1.376256,0.5865,0.6865,0.1734,0.0,0.000552,3.6,logs/vanilla_5b_4g/train_vanilla_4g_5b.log
vanilla,42100,1.3795328,0.5959,0.692,0.1663,0.0,0.000553,3.6,logs/vanilla_5b_4g/train_vanilla_4g_5b.log
vanilla,42200,1.3828096,0.5819,0.6796,0.1751,0.0,0.000555,3.6,logs/vanilla_5b_4g/train_vanilla_4g_5b.log
vanilla,42300,1.3860864,0.5939,0.6926,0.1692,0.0,0.000556,3.7,logs/vanilla_5b_4g/train_vanilla_4g_5b.log
vanilla,42400,1.3893632,0.5972,0.6874,0.1696,0.0,0.000557,3.6,logs/vanilla_5b_4g/train_vanilla_4g_5b.log
vanilla,42500,1.39264,0.5931,0.6845,0.1696,0.0,0.000559,3.6,logs/vanilla_5b_4g/train_vanilla_4g_5b.log
vanilla,42600,1.3959168,0.5928,0.6885,0.1678,0.0,0.00056,3.6,logs/vanilla_5b_4g/train_vanilla_4g_5b.log
vanilla,42700,1.3991936,0.5917,0.6893,0.1785,0.0,0.000561,3.6,logs/vanilla_5b_4g/train_vanilla_4g_5b.log
vanilla,42800,1.4024704,0.5905,0.6867,0.1761,0.0,0.000563,3.7,logs/vanilla_5b_4g/train_vanilla_4g_5b.log
vanilla,42900,1.4057472,0.5887,0.6869,0.1727,0.0,0.000564,3.6,logs/vanilla_5b_4g/train_vanilla_4g_5b.log
vanilla,43000,1.409024,0.5896,0.6878,0.1744,0.0,0.000565,3.6,logs/vanilla_5b_4g/train_vanilla_4g_5b.log
vanilla,43100,1.4123008,0.5974,0.692,0.166,0.0,0.000566,3.6,logs/vanilla_5b_4g/train_vanilla_4g_5b.log
vanilla,43200,1.4155776,0.5972,0.6875,0.169,0.0,0.000568,3.5,logs/vanilla_5b_4g/train_vanilla_4g_5b.log
vanilla,43300,1.4188544,0.5892,0.6849,0.1708,0.0,0.000569,3.6,logs/vanilla_5b_4g/train_vanilla_4g_5b.log
vanilla,43400,1.4221312,0.5942,0.687,0.1732,0.0,0.00057,3.6,logs/vanilla_5b_4g/train_vanilla_4g_5b.log
vanilla,43500,1.425408,0.5888,0.6853,0.173,0.0,0.000572,3.6,logs/vanilla_5b_4g/train_vanilla_4g_5b.log
vanilla,43600,1.4286848,0.5881,0.6871,0.1767,0.0,0.000573,3.6,logs/vanilla_5b_4g/train_vanilla_4g_5b.log
vanilla,43700,1.4319616,0.5861,0.687,0.1717,0.0,0.000574,3.6,logs/vanilla_5b_4g/train_vanilla_4g_5b.log
vanilla,43800,1.4352384,0.5908,0.6827,0.1691,0.0,0.000576,3.7,logs/vanilla_5b_4g/train_vanilla_4g_5b.log
vanilla,43900,1.4385152,0.5874,0.6848,0.1742,0.0,0.000577,3.6,logs/vanilla_5b_4g/train_vanilla_4g_5b.log
vanilla,44000,1.441792,0.5889,0.6871,0.1784,0.0,0.000578,3.6,logs/vanilla_5b_4g/train_vanilla_4g_5b.log
vanilla,44100,1.4450688,0.591,0.6882,0.1722,0.0,0.00058,3.6,logs/vanilla_5b_4g/train_vanilla_4g_5b.log
vanilla,44200,1.4483456,0.5894,0.6872,0.1738,0.0,0.000581,3.6,logs/vanilla_5b_4g/train_vanilla_4g_5b.log
vanilla,44300,1.4516224,0.5933,0.6938,0.1721,0.0,0.000582,3.7,logs/vanilla_5b_4g/train_vanilla_4g_5b.log
vanilla,44400,1.4548992,0.5892,0.686,0.1763,0.0,0.000584,3.6,logs/vanilla_5b_4g/train_vanilla_4g_5b.log
vanilla,44500,1.458176,0.598,0.6898,0.1748,0.0,0.000585,3.7,logs/vanilla_5b_4g/train_vanilla_4g_5b.log
vanilla,44600,1.4614528,0.5941,0.6932,0.1708,0.0,0.000586,3.6,logs/vanilla_5b_4g/train_vanilla_4g_5b.log
vanilla,44700,1.4647296,0.5944,0.6903,0.1692,0.0,0.000588,3.6,logs/vanilla_5b_4g/train_vanilla_4g_5b.log
vanilla,44800,1.4680064,0.5866,0.6825,0.1682,0.0,0.000589,3.7,logs/vanilla_5b_4g/train_vanilla_4g_5b.log
vanilla,44900,1.4712832,0.5999,0.6942,0.1716,0.0,0.00059,3.6,logs/vanilla_5b_4g/train_vanilla_4g_5b.log
vanilla,45000,1.47456,0.5912,0.6874,0.1785,0.0,0.000592,3.6,logs/vanilla_5b_4g/train_vanilla_4g_5b.log
vanilla,45100,1.4778368,0.5921,0.6876,0.1691,0.0,0.000593,3.6,logs/vanilla_5b_4g/train_vanilla_4g_5b.log
vanilla,45200,1.4811136,0.5918,0.6921,0.1735,0.0,0.000594,3.6,logs/vanilla_5b_4g/train_vanilla_4g_5b.log
vanilla,45300,1.4843904,0.5907,0.688,0.1723,0.0,0.000595,3.6,logs/vanilla_5b_4g/train_vanilla_4g_5b.log
vanilla,45400,1.4876672,0.5923,0.6902,0.1741,0.0,0.000597,3.6,logs/vanilla_5b_4g/train_vanilla_4g_5b.log
vanilla,45500,1.490944,0.5911,0.6897,0.1711,0.0,0.000598,3.6,logs/vanilla_5b_4g/train_vanilla_4g_5b.log
vanilla,45600,1.4942208,0.5878,0.6856,0.1787,0.0,0.000599,3.6,logs/vanilla_5b_4g/train_vanilla_4g_5b.log
vanilla,45700,1.4974976,0.595,0.6915,0.1743,0.0,0.000601,3.6,logs/vanilla_5b_4g/train_vanilla_4g_5b.log
vanilla,45800,1.5007744,0.5917,0.6895,0.1709,0.0,0.000602,3.6,logs/vanilla_5b_4g/train_vanilla_4g_5b.log
vanilla,45900,1.5040512,0.5941,0.6862,0.1727,0.0,0.000603,3.6,logs/vanilla_5b_4g/train_vanilla_4g_5b.log
vanilla,46000,1.507328,0.5891,0.6839,0.1765,0.0,0.000605,3.6,logs/vanilla_5b_4g/train_vanilla_4g_5b.log
vanilla,46100,1.5106048,0.5887,0.6895,0.1716,0.0,0.000606,3.6,logs/vanilla_5b_4g/train_vanilla_4g_5b.log
vanilla,46200,1.5138816,0.5843,0.6854,0.1809,0.0,0.000607,3.6,logs/vanilla_5b_4g/train_vanilla_4g_5b.log
vanilla,46300,1.5171584,0.5874,0.6838,0.1741,0.0,0.000609,3.7,logs/vanilla_5b_4g/train_vanilla_4g_5b.log
vanilla,46400,1.5204352,0.5943,0.6881,0.1672,0.0,0.00061,3.6,logs/vanilla_5b_4g/train_vanilla_4g_5b.log
vanilla,46500,1.523712,0.5931,0.686,0.1768,0.0,0.000611,3.6,logs/vanilla_5b_4g/train_vanilla_4g_5b.log
vanilla,46600,1.5269888,0.5913,0.6902,0.1793,0.0,0.000613,3.6,logs/vanilla_5b_4g/train_vanilla_4g_5b.log
vanilla,46700,1.5302656,0.5929,0.6885,0.174,0.0,0.000614,3.6,logs/vanilla_5b_4g/train_vanilla_4g_5b.log
vanilla,46800,1.5335424,0.5923,0.6866,0.171,0.0,0.000615,3.6,logs/vanilla_5b_4g/train_vanilla_4g_5b.log
vanilla,46900,1.5368192,0.5898,0.6859,0.1747,0.0,0.000617,3.6,logs/vanilla_5b_4g/train_vanilla_4g_5b.log
vanilla,47000,1.540096,0.5961,0.6876,0.1728,0.0,0.000618,3.6,logs/vanilla_5b_4g/train_vanilla_4g_5b.log
vanilla,47100,1.5433728,0.5969,0.6907,0.176,0.0,0.000619,3.7,logs/vanilla_5b_4g/train_vanilla_4g_5b.log
vanilla,47200,1.5466496,0.5921,0.6902,0.1714,0.0,0.000621,3.6,logs/vanilla_5b_4g/train_vanilla_4g_5b.log
vanilla,47300,1.5499264,0.5852,0.6855,0.1803,0.0,0.000622,3.7,logs/vanilla_5b_4g/train_vanilla_4g_5b.log
vanilla,47400,1.5532032,0.594,0.6871,0.1732,0.0,0.000623,3.6,logs/vanilla_5b_4g/train_vanilla_4g_5b.log
vanilla,47500,1.55648,0.5969,0.6969,0.1741,0.0,0.000624,3.6,logs/vanilla_5b_4g/train_vanilla_4g_5b.log
vanilla,47600,1.5597568,0.5961,0.6916,0.1748,0.0,0.000626,3.6,logs/vanilla_5b_4g/train_vanilla_4g_5b.log
vanilla,47700,1.5630336,0.5959,0.6884,0.1701,0.0,0.000627,3.6,logs/vanilla_5b_4g/train_vanilla_4g_5b.log
vanilla,47800,1.5663104,0.6,0.6954,0.1733,0.0,0.000628,3.6,logs/vanilla_5b_4g/train_vanilla_4g_5b.log
vanilla,47900,1.5695872,0.5874,0.6858,0.1689,0.0,0.00063,3.6,logs/vanilla_5b_4g/train_vanilla_4g_5b.log
vanilla,48000,1.572864,0.5885,0.6836,0.1776,0.0,0.000631,3.6,logs/vanilla_5b_4g/train_vanilla_4g_5b.log
vanilla,48100,1.5761408,0.5925,0.6857,0.1699,0.0,0.000632,3.6,logs/vanilla_5b_4g/train_vanilla_4g_5b.log
vanilla,48200,1.5794176,0.5851,0.6843,0.171,0.0,0.000634,3.6,logs/vanilla_5b_4g/train_vanilla_4g_5b.log
vanilla,48300,1.5826944,0.597,0.69,0.1694,0.0,0.000635,3.7,logs/vanilla_5b_4g/train_vanilla_4g_5b.log
vanilla,48400,1.5859712,0.5914,0.6898,0.1772,0.0,0.000636,3.6,logs/vanilla_5b_4g/train_vanilla_4g_5b.log
vanilla,48500,1.589248,0.5858,0.6841,0.1738,0.0,0.000638,3.7,logs/vanilla_5b_4g/train_vanilla_4g_5b.log
vanilla,48600,1.5925248,0.5968,0.6909,0.1789,0.0,0.000639,3.6,logs/vanilla_5b_4g/train_vanilla_4g_5b.log
vanilla,48700,1.5958016,0.5816,0.6825,0.1803,0.0,0.00064,3.6,logs/vanilla_5b_4g/train_vanilla_4g_5b.log
vanilla,48800,1.5990784,0.6053,0.692,0.1695,0.0,0.000642,3.6,logs/vanilla_5b_4g/train_vanilla_4g_5b.log
vanilla,48900,1.6023552,0.593,0.6883,0.1697,0.0,0.000643,3.6,logs/vanilla_5b_4g/train_vanilla_4g_5b.log
vanilla,49000,1.605632,0.5884,0.6876,0.1883,0.0,0.000644,3.6,logs/vanilla_5b_4g/train_vanilla_4g_5b.log
vanilla,49100,1.6089088,0.5869,0.6862,0.1786,0.0,0.000645,3.6,logs/vanilla_5b_4g/train_vanilla_4g_5b.log
vanilla,49200,1.6121856,0.5923,0.6868,0.1735,0.0,0.000647,3.6,logs/vanilla_5b_4g/train_vanilla_4g_5b.log
vanilla,49300,1.6154624,0.5893,0.6883,0.1851,0.0,0.000648,3.7,logs/vanilla_5b_4g/train_vanilla_4g_5b.log
vanilla,49400,1.6187392,0.5934,0.6896,0.1761,0.0,0.000649,3.7,logs/vanilla_5b_4g/train_vanilla_4g_5b.log
vanilla,49500,1.622016,0.5846,0.6859,0.179,0.0,0.000651,3.7,logs/vanilla_5b_4g/train_vanilla_4g_5b.log
vanilla,49600,1.6252928,0.6073,0.6917,0.1644,0.0,0.000652,3.6,logs/vanilla_5b_4g/train_vanilla_4g_5b.log
vanilla,49700,1.6285696,0.5877,0.6811,0.1731,0.0,0.000653,3.6,logs/vanilla_5b_4g/train_vanilla_4g_5b.log
vanilla,49800,1.6318464,0.5907,0.6844,0.1794,0.0,0.000655,3.7,logs/vanilla_5b_4g/train_vanilla_4g_5b.log
vanilla,49900,1.6351232,0.5947,0.6886,0.1698,0.0,0.000656,3.6,logs/vanilla_5b_4g/train_vanilla_4g_5b.log
vanilla,50000,1.6384,0.5911,0.692,0.1775,0.0,0.000657,3.6,logs/vanilla_5b_4g/train_vanilla_4g_5b.log
vanilla,50100,1.6416768,0.5987,0.6932,0.1714,0.0,0.000659,3.6,logs/vanilla_5b_4g/train_vanilla_4g_5b.log
vanilla,50200,1.6449536,0.5937,0.6867,0.175,0.0,0.00066,3.6,logs/vanilla_5b_4g/train_vanilla_4g_5b.log
vanilla,50300,1.6482304,0.5966,0.689,0.1774,0.0,0.000661,3.6,logs/vanilla_5b_4g/train_vanilla_4g_5b.log
vanilla,50400,1.6515072,0.5873,0.6867,0.1769,0.0,0.000663,3.6,logs/vanilla_5b_4g/train_vanilla_4g_5b.log
vanilla,50500,1.654784,0.5931,0.6907,0.1931,0.0,0.000664,3.6,logs/vanilla_5b_4g/train_vanilla_4g_5b.log
vanilla,50600,1.6580608,0.5898,0.685,0.1813,0.0,0.000665,3.6,logs/vanilla_5b_4g/train_vanilla_4g_5b.log
vanilla,50700,1.6613376,0.5942,0.6894,0.173,0.0,0.000666,3.6,logs/vanilla_5b_4g/train_vanilla_4g_5b.log
vanilla,50800,1.6646144,0.588,0.6843,0.1737,0.0,0.000668,3.6,logs/vanilla_5b_4g/train_vanilla_4g_5b.log
vanilla,50900,1.6678912,0.5894,0.6883,0.1773,0.0,0.000669,3.6,logs/vanilla_5b_4g/train_vanilla_4g_5b.log
vanilla,51000,1.671168,0.5847,0.6868,0.176,0.0,0.00067,3.6,logs/vanilla_5b_4g/train_vanilla_4g_5b.log
vanilla,51100,1.6744448,0.5913,0.6874,0.1752,0.0,0.000672,3.6,logs/vanilla_5b_4g/train_vanilla_4g_5b.log
vanilla,51200,1.6777216,0.5972,0.6906,0.1723,0.0,0.000673,3.6,logs/vanilla_5b_4g/train_vanilla_4g_5b.log
vanilla,51300,1.6809984,0.5949,0.6868,0.1708,0.0,0.000674,3.6,logs/vanilla_5b_4g/train_vanilla_4g_5b.log
vanilla,51400,1.6842752,0.5912,0.6837,0.1738,0.0,0.000676,3.6,logs/vanilla_5b_4g/train_vanilla_4g_5b.log
vanilla,51500,1.687552,0.5935,0.6865,0.1742,0.0,0.000677,3.6,logs/vanilla_5b_4g/train_vanilla_4g_5b.log
vanilla,51600,1.6908288,0.5895,0.6861,0.1702,0.0,0.000678,3.6,logs/vanilla_5b_4g/train_vanilla_4g_5b.log
vanilla,51700,1.6941056,0.5933,0.6866,0.1717,0.0,0.00068,3.6,logs/vanilla_5b_4g/train_vanilla_4g_5b.log
vanilla,51800,1.6973824,0.5825,0.6857,0.18,0.0,0.000681,3.6,logs/vanilla_5b_4g/train_vanilla_4g_5b.log
vanilla,51900,1.7006592,0.5976,0.6904,0.1716,0.0,0.000682,3.6,logs/vanilla_5b_4g/train_vanilla_4g_5b.log
vanilla,52000,1.703936,0.5864,0.6844,0.1749,0.0,0.000684,3.6,logs/vanilla_5b_4g/train_vanilla_4g_5b.log
vanilla,52100,1.7072128,0.5941,0.6931,0.173,0.0,0.000685,3.6,logs/vanilla_5b_4g/train_vanilla_4g_5b.log
vanilla,52200,1.7104896,0.5927,0.6907,0.1712,0.0,0.000686,3.6,logs/vanilla_5b_4g/train_vanilla_4g_5b.log
vanilla,52300,1.7137664,0.5892,0.684,0.176,0.0,0.000687,3.6,logs/vanilla_5b_4g/train_vanilla_4g_5b.log
vanilla,52400,1.7170432,0.5943,0.6891,0.1732,0.0,0.000689,3.6,logs/vanilla_5b_4g/train_vanilla_4g_5b.log
vanilla,52500,1.72032,0.5955,0.6925,0.1692,0.0,0.00069,3.6,logs/vanilla_5b_4g/train_vanilla_4g_5b.log
vanilla,52600,1.7235968,0.5891,0.6848,0.1778,0.0,0.000691,3.6,logs/vanilla_5b_4g/train_vanilla_4g_5b.log
vanilla,52700,1.7268736,0.585,0.6822,0.1767,0.0,0.000693,3.5,logs/vanilla_5b_4g/train_vanilla_4g_5b.log
vanilla,52800,1.7301504,0.5854,0.6884,0.1745,0.0,0.000694,3.6,logs/vanilla_5b_4g/train_vanilla_4g_5b.log
vanilla,52900,1.7334272,0.5834,0.6857,0.1729,0.0,0.000695,3.6,logs/vanilla_5b_4g/train_vanilla_4g_5b.log
vanilla,53000,1.736704,0.5909,0.6929,0.1808,0.0,0.000697,3.6,logs/vanilla_5b_4g/train_vanilla_4g_5b.log
vanilla,53100,1.7399808,0.5914,0.687,0.1699,0.0,0.000698,3.6,logs/vanilla_5b_4g/train_vanilla_4g_5b.log
vanilla,53200,1.7432576,0.5974,0.6889,0.1679,0.0,0.000699,3.5,logs/vanilla_5b_4g/train_vanilla_4g_5b.log
vanilla,53300,1.7465344,0.5932,0.6867,0.176,0.0,0.000701,3.6,logs/vanilla_5b_4g/train_vanilla_4g_5b.log
vanilla,53400,1.7498112,0.5912,0.6887,0.1796,0.0,0.000702,3.5,logs/vanilla_5b_4g/train_vanilla_4g_5b.log
vanilla,53500,1.753088,0.5899,0.6903,0.1761,0.0,0.000703,3.6,logs/vanilla_5b_4g/train_vanilla_4g_5b.log
vanilla,53600,1.7563648,0.5929,0.6909,0.1769,0.0,0.000705,3.5,logs/vanilla_5b_4g/train_vanilla_4g_5b.log
vanilla,53700,1.7596416,0.5824,0.686,0.1846,0.0,0.000706,3.6,logs/vanilla_5b_4g/train_vanilla_4g_5b.log
vanilla,53800,1.7629184,0.5974,0.685,0.174,0.0,0.000707,3.6,logs/vanilla_5b_4g/train_vanilla_4g_5b.log
vanilla,53900,1.7661952,0.589,0.6843,0.1778,0.0,0.000708,3.6,logs/vanilla_5b_4g/train_vanilla_4g_5b.log
vanilla,54000,1.769472,0.5906,0.6846,0.179,0.0,0.00071,3.6,logs/vanilla_5b_4g/train_vanilla_4g_5b.log
vanilla,54100,1.7727488,0.5849,0.6838,0.1756,0.0,0.000711,3.6,logs/vanilla_5b_4g/train_vanilla_4g_5b.log
vanilla,54200,1.7760256,0.5914,0.6853,0.1702,0.0,0.000712,3.6,logs/vanilla_5b_4g/train_vanilla_4g_5b.log
vanilla,54300,1.7793024,0.5939,0.69,0.1771,0.0,0.000714,3.6,logs/vanilla_5b_4g/train_vanilla_4g_5b.log
vanilla,54400,1.7825792,0.5936,0.6933,0.1778,0.0,0.000715,3.6,logs/vanilla_5b_4g/train_vanilla_4g_5b.log
vanilla,54500,1.785856,0.5859,0.688,0.1775,0.0,0.000716,3.6,logs/vanilla_5b_4g/train_vanilla_4g_5b.log
vanilla,54600,1.7891328,0.5934,0.6905,0.1733,0.0,0.000718,3.6,logs/vanilla_5b_4g/train_vanilla_4g_5b.log
vanilla,54700,1.7924096,0.5887,0.6875,0.1759,0.0,0.000719,3.7,logs/vanilla_5b_4g/train_vanilla_4g_5b.log
vanilla,54800,1.7956864,0.5959,0.6903,0.1689,0.0,0.00072,3.7,logs/vanilla_5b_4g/train_vanilla_4g_5b.log
vanilla,54900,1.7989632,0.5867,0.6838,0.1808,0.0,0.000722,3.6,logs/vanilla_5b_4g/train_vanilla_4g_5b.log
vanilla,55000,1.80224,0.6019,0.6932,0.1728,0.0,0.000723,3.6,logs/vanilla_5b_4g/train_vanilla_4g_5b.log
vanilla,55100,1.8055168,0.5867,0.6874,0.1788,0.0,0.000724,3.6,logs/vanilla_5b_4g/train_vanilla_4g_5b.log
vanilla,55200,1.8087936,0.5983,0.6923,0.176,0.0,0.000726,3.6,logs/vanilla_5b_4g/train_vanilla_4g_5b.log
vanilla,55300,1.8120704,0.594,0.6892,0.1793,0.0,0.000727,3.6,logs/vanilla_5b_4g/train_vanilla_4g_5b.log
vanilla,55400,1.8153472,0.5903,0.6821,0.1712,0.0,0.000728,3.6,logs/vanilla_5b_4g/train_vanilla_4g_5b.log
vanilla,55500,1.818624,0.5963,0.6891,0.1738,0.0,0.000729,3.7,logs/vanilla_5b_4g/train_vanilla_4g_5b.log
vanilla,55600,1.8219008,0.5918,0.6938,0.176,0.0,0.000731,3.6,logs/vanilla_5b_4g/train_vanilla_4g_5b.log
vanilla,55700,1.8251776,0.5889,0.6858,0.1812,0.0,0.000732,3.5,logs/vanilla_5b_4g/train_vanilla_4g_5b.log
vanilla,55800,1.8284544,0.5971,0.6923,0.1687,0.0,0.000733,3.6,logs/vanilla_5b_4g/train_vanilla_4g_5b.log
vanilla,55900,1.8317312,0.5907,0.6862,0.1737,0.0,0.000735,3.6,logs/vanilla_5b_4g/train_vanilla_4g_5b.log
vanilla,56000,1.835008,0.5874,0.6877,0.179,0.0,0.000736,3.6,logs/vanilla_5b_4g/train_vanilla_4g_5b.log
vanilla,56100,1.8382848,0.5914,0.6859,0.1773,0.0,0.000737,3.6,logs/vanilla_5b_4g/train_vanilla_4g_5b.log
vanilla,56200,1.8415616,0.5871,0.6895,0.1782,0.0,0.000739,3.6,logs/vanilla_5b_4g/train_vanilla_4g_5b.log
vanilla,56300,1.8448384,0.5847,0.687,0.1789,0.0,0.00074,3.6,logs/vanilla_5b_4g/train_vanilla_4g_5b.log
vanilla,56400,1.8481152,0.5926,0.6886,0.1723,0.0,0.000741,3.6,logs/vanilla_5b_4g/train_vanilla_4g_5b.log
vanilla,56500,1.851392,0.5939,0.6891,0.1751,0.0,0.000743,3.5,logs/vanilla_5b_4g/train_vanilla_4g_5b.log
vanilla,56600,1.8546688,0.5944,0.6864,0.1751,0.0,0.000744,3.6,logs/vanilla_5b_4g/train_vanilla_4g_5b.log
vanilla,56700,1.8579456,0.5898,0.6879,0.1713,0.0,0.000745,3.6,logs/vanilla_5b_4g/train_vanilla_4g_5b.log
vanilla,56800,1.8612224,0.5897,0.688,0.1784,0.0,0.000747,3.6,logs/vanilla_5b_4g/train_vanilla_4g_5b.log
vanilla,56900,1.8644992,0.5955,0.6957,0.1711,0.0,0.000748,3.6,logs/vanilla_5b_4g/train_vanilla_4g_5b.log
vanilla,57000,1.867776,0.5961,0.6866,0.1682,0.0,0.000749,3.6,logs/vanilla_5b_4g/train_vanilla_4g_5b.log
vanilla,57100,1.8710528,0.5938,0.6901,0.1784,0.0,0.000751,3.6,logs/vanilla_5b_4g/train_vanilla_4g_5b.log
vanilla,57200,1.8743296,0.5899,0.686,0.1709,0.0,0.000752,3.6,logs/vanilla_5b_4g/train_vanilla_4g_5b.log
vanilla,57300,1.8776064,0.5907,0.6871,0.1826,0.0,0.000753,3.6,logs/vanilla_5b_4g/train_vanilla_4g_5b.log
vanilla,57400,1.8808832,0.5989,0.6892,0.1752,0.0,0.000755,3.6,logs/vanilla_5b_4g/train_vanilla_4g_5b.log
vanilla,57500,1.88416,0.5947,0.6883,0.1752,0.0,0.000756,3.6,logs/vanilla_5b_4g/train_vanilla_4g_5b.log
vanilla,57600,1.8874368,0.5903,0.6834,0.1692,0.0,0.000757,3.6,logs/vanilla_5b_4g/train_vanilla_4g_5b.log
vanilla,57700,1.8907136,0.6024,0.6944,0.1763,0.0,0.000759,3.6,logs/vanilla_5b_4g/train_vanilla_4g_5b.log
vanilla,57800,1.8939904,0.5918,0.6867,0.1784,0.0,0.00076,3.6,logs/vanilla_5b_4g/train_vanilla_4g_5b.log
vanilla,57900,1.8972672,0.5988,0.6891,0.1786,0.0,0.000761,3.6,logs/vanilla_5b_4g/train_vanilla_4g_5b.log
vanilla,58000,1.900544,0.5916,0.6864,0.1807,0.0,0.000763,3.6,logs/vanilla_5b_4g/train_vanilla_4g_5b.log
vanilla,58100,1.9038208,0.5926,0.6881,0.1755,0.0,0.000764,3.5,logs/vanilla_5b_4g/train_vanilla_4g_5b.log
vanilla,58200,1.9070976,0.5924,0.6859,0.1807,0.0,0.000765,3.6,logs/vanilla_5b_4g/train_vanilla_4g_5b.log
vanilla,58300,1.9103744,0.5953,0.6845,0.1723,0.0,0.000766,3.7,logs/vanilla_5b_4g/train_vanilla_4g_5b.log
vanilla,58400,1.9136512,0.5899,0.6912,0.1836,0.0,0.000768,3.6,logs/vanilla_5b_4g/train_vanilla_4g_5b.log
vanilla,58500,1.916928,0.5911,0.689,0.1705,0.0,0.000769,3.6,logs/vanilla_5b_4g/train_vanilla_4g_5b.log
vanilla,58600,1.9202048,0.5878,0.6876,0.1821,0.0,0.00077,3.7,logs/vanilla_5b_4g/train_vanilla_4g_5b.log
vanilla,58700,1.9234816,0.5863,0.684,0.1801,0.0,0.000772,3.6,logs/vanilla_5b_4g/train_vanilla_4g_5b.log
vanilla,58800,1.9267584,0.5873,0.6869,0.1783,0.0,0.000773,3.6,logs/vanilla_5b_4g/train_vanilla_4g_5b.log
vanilla,58900,1.9300352,0.5984,0.6929,0.171,0.0,0.000774,3.6,logs/vanilla_5b_4g/train_vanilla_4g_5b.log
vanilla,59000,1.933312,0.5892,0.6854,0.1742,0.0,0.000776,3.6,logs/vanilla_5b_4g/train_vanilla_4g_5b.log
vanilla,59100,1.9365888,0.5947,0.6894,0.1727,0.0,0.000777,3.7,logs/vanilla_5b_4g/train_vanilla_4g_5b.log
vanilla,59200,1.9398656,0.5937,0.6862,0.1873,0.0,0.000778,3.6,logs/vanilla_5b_4g/train_vanilla_4g_5b.log
vanilla,59300,1.9431424,0.5896,0.6874,0.1778,0.0,0.00078,3.6,logs/vanilla_5b_4g/train_vanilla_4g_5b.log
vanilla,59400,1.9464192,0.5914,0.6888,0.1837,0.0,0.000781,3.6,logs/vanilla_5b_4g/train_vanilla_4g_5b.log
vanilla,59500,1.949696,0.5972,0.6942,0.1698,0.0,0.000782,3.6,logs/vanilla_5b_4g/train_vanilla_4g_5b.log
vanilla,59600,1.9529728,0.584,0.6888,0.1812,0.0,0.000784,3.6,logs/vanilla_5b_4g/train_vanilla_4g_5b.log
vanilla,59700,1.9562496,0.5929,0.6864,0.1683,0.0,0.000785,3.6,logs/vanilla_5b_4g/train_vanilla_4g_5b.log
vanilla,59800,1.9595264,0.5916,0.6902,0.1762,0.0,0.000786,3.6,logs/vanilla_5b_4g/train_vanilla_4g_5b.log
vanilla,59900,1.9628032,0.5964,0.6967,0.1743,0.0,0.000787,3.6,logs/vanilla_5b_4g/train_vanilla_4g_5b.log
vanilla,60000,1.96608,0.5915,0.6898,0.1717,0.0,0.000789,3.6,logs/vanilla_5b_4g/train_vanilla_4g_5b.log
vanilla,60100,1.9693568,0.595,0.6877,0.1681,0.0,0.00079,3.6,logs/vanilla_5b_4g/train_vanilla_4g_5b.log
vanilla,60200,1.9726336,0.5915,0.6866,0.1767,0.0,0.000791,3.6,logs/vanilla_5b_4g/train_vanilla_4g_5b.log
vanilla,60300,1.9759104,0.6003,0.6908,0.1717,0.0,0.000793,3.7,logs/vanilla_5b_4g/train_vanilla_4g_5b.log
vanilla,60400,1.9791872,0.5962,0.6952,0.1772,0.0,0.000794,3.6,logs/vanilla_5b_4g/train_vanilla_4g_5b.log
vanilla,60500,1.982464,0.5942,0.6875,0.1806,0.0,0.000795,3.6,logs/vanilla_5b_4g/train_vanilla_4g_5b.log
vanilla,60600,1.9857408,0.5971,0.6875,0.1773,0.0,0.000797,3.6,logs/vanilla_5b_4g/train_vanilla_4g_5b.log
vanilla,60700,1.9890176,0.5933,0.687,0.1785,0.0,0.000798,3.6,logs/vanilla_5b_4g/train_vanilla_4g_5b.log
vanilla,60800,1.9922944,0.5959,0.6907,0.1756,0.0,0.000799,3.6,logs/vanilla_5b_4g/train_vanilla_4g_5b.log
vanilla,60900,1.9955712,0.5923,0.6868,0.1793,0.0,0.000801,3.6,logs/vanilla_5b_4g/train_vanilla_4g_5b.log
vanilla,61000,1.998848,0.5956,0.6886,0.1802,0.0,0.000802,3.6,logs/vanilla_5b_4g/train_vanilla_4g_5b.log
vanilla,61100,2.0021248,0.5923,0.6868,0.1817,0.0,0.000803,3.6,logs/vanilla_5b_4g/train_vanilla_4g_5b.log
vanilla,61200,2.0054016,0.5935,0.6882,0.1756,0.0,0.000805,3.6,logs/vanilla_5b_4g/train_vanilla_4g_5b.log
vanilla,61300,2.0086784,0.5964,0.6886,0.1778,0.0,0.000806,3.7,logs/vanilla_5b_4g/train_vanilla_4g_5b.log
vanilla,61400,2.0119552,0.5937,0.6879,0.1746,0.0,0.000807,3.6,logs/vanilla_5b_4g/train_vanilla_4g_5b.log
vanilla,61500,2.015232,0.5946,0.6895,0.1669,0.0,0.000808,3.6,logs/vanilla_5b_4g/train_vanilla_4g_5b.log
vanilla,61600,2.0185088,0.5891,0.6885,0.1798,0.0,0.00081,3.6,logs/vanilla_5b_4g/train_vanilla_4g_5b.log
vanilla,61700,2.0217856,0.5836,0.6791,0.1804,0.0,0.000811,3.6,logs/vanilla_5b_4g/train_vanilla_4g_5b.log
vanilla,61800,2.0250624,0.5929,0.6871,0.169,0.0,0.000812,3.7,logs/vanilla_5b_4g/train_vanilla_4g_5b.log
vanilla,61900,2.0283392,0.5901,0.6886,0.1748,0.0,0.000814,3.6,logs/vanilla_5b_4g/train_vanilla_4g_5b.log
vanilla,62000,2.031616,0.5872,0.6816,0.1793,0.0,0.000815,3.6,logs/vanilla_5b_4g/train_vanilla_4g_5b.log
vanilla,62100,2.0348928,0.5878,0.6895,0.178,0.0,0.000816,3.6,logs/vanilla_5b_4g/train_vanilla_4g_5b.log
vanilla,62200,2.0381696,0.5897,0.6861,0.1778,0.0,0.000818,3.6,logs/vanilla_5b_4g/train_vanilla_4g_5b.log
vanilla,62300,2.0414464,0.5967,0.6876,0.1781,0.0,0.000819,3.6,logs/vanilla_5b_4g/train_vanilla_4g_5b.log
vanilla,62400,2.0447232,0.5991,0.6879,0.1755,0.0,0.00082,3.6,logs/vanilla_5b_4g/train_vanilla_4g_5b.log
vanilla,62500,2.048,0.5957,0.6895,0.1812,0.0,0.000822,3.6,logs/vanilla_5b_4g/train_vanilla_4g_5b.log
vanilla,62600,2.0512768,0.5904,0.6903,0.1845,0.0,0.000823,3.6,logs/vanilla_5b_4g/train_vanilla_4g_5b.log
vanilla,62700,2.0545536,0.5906,0.6846,0.1751,0.0,0.000824,3.6,logs/vanilla_5b_4g/train_vanilla_4g_5b.log
vanilla,62800,2.0578304,0.593,0.6874,0.1759,0.0,0.000826,3.6,logs/vanilla_5b_4g/train_vanilla_4g_5b.log
vanilla,62900,2.0611072,0.5932,0.6916,0.1842,0.0,0.000827,3.6,logs/vanilla_5b_4g/train_vanilla_4g_5b.log
vanilla,63000,2.064384,0.6011,0.6901,0.1751,0.0,0.000828,3.6,logs/vanilla_5b_4g/train_vanilla_4g_5b.log
vanilla,63100,2.0676608,0.5851,0.6882,0.1846,0.0,0.000829,3.6,logs/vanilla_5b_4g/train_vanilla_4g_5b.log
vanilla,63200,2.0709376,0.5896,0.6824,0.1726,0.0,0.000831,3.6,logs/vanilla_5b_4g/train_vanilla_4g_5b.log
vanilla,63300,2.0742144,0.586,0.6875,0.175,0.0,0.000832,3.6,logs/vanilla_5b_4g/train_vanilla_4g_5b.log
vanilla,63400,2.0774912,0.5941,0.6871,0.1739,0.0,0.000833,3.6,logs/vanilla_5b_4g/train_vanilla_4g_5b.log
vanilla,63500,2.080768,0.5976,0.6909,0.1744,0.0,0.000835,3.6,logs/vanilla_5b_4g/train_vanilla_4g_5b.log
vanilla,63600,2.0840448,0.5992,0.6933,0.1768,0.0,0.000836,3.6,logs/vanilla_5b_4g/train_vanilla_4g_5b.log
vanilla,63700,2.0873216,0.5965,0.6876,0.1695,0.0,0.000837,3.6,logs/vanilla_5b_4g/train_vanilla_4g_5b.log
vanilla,63800,2.0905984,0.5933,0.6889,0.1875,0.0,0.000839,3.7,logs/vanilla_5b_4g/train_vanilla_4g_5b.log
vanilla,63900,2.0938752,0.5962,0.687,0.179,0.0,0.00084,3.6,logs/vanilla_5b_4g/train_vanilla_4g_5b.log
vanilla,64000,2.097152,0.5972,0.6893,0.1721,0.0,0.000841,3.6,logs/vanilla_5b_4g/train_vanilla_4g_5b.log
vanilla,64100,2.1004288,0.5943,0.6878,0.1752,0.0,0.000843,3.6,logs/vanilla_5b_4g/train_vanilla_4g_5b.log
vanilla,64200,2.1037056,0.5961,0.6933,0.1765,0.0,0.000844,3.6,logs/vanilla_5b_4g/train_vanilla_4g_5b.log
vanilla,64300,2.1069824,0.5982,0.6899,0.1712,0.0,0.000845,3.7,logs/vanilla_5b_4g/train_vanilla_4g_5b.log
vanilla,64400,2.1102592,0.5959,0.6867,0.17,0.0,0.000847,3.6,logs/vanilla_5b_4g/train_vanilla_4g_5b.log
vanilla,64500,2.113536,0.5885,0.6851,0.1719,0.0,0.000848,3.6,logs/vanilla_5b_4g/train_vanilla_4g_5b.log
vanilla,64600,2.1168128,0.5952,0.6858,0.1778,0.0,0.000849,3.6,logs/vanilla_5b_4g/train_vanilla_4g_5b.log
vanilla,64700,2.1200896,0.5884,0.6892,0.1801,0.0,0.00085,3.6,logs/vanilla_5b_4g/train_vanilla_4g_5b.log
vanilla,64800,2.1233664,0.5927,0.6887,0.1742,0.0,0.000852,3.7,logs/vanilla_5b_4g/train_vanilla_4g_5b.log
vanilla,64900,2.1266432,0.5832,0.6871,0.1781,0.0,0.000853,3.6,logs/vanilla_5b_4g/train_vanilla_4g_5b.log
vanilla,65000,2.12992,0.5898,0.6862,0.174,0.0,0.000854,3.6,logs/vanilla_5b_4g/train_vanilla_4g_5b.log
vanilla,65100,2.1331968,0.5915,0.6876,0.1838,0.0,0.000856,3.6,logs/vanilla_5b_4g/train_vanilla_4g_5b.log
vanilla,65200,2.1364736,0.5929,0.6889,0.1726,0.0,0.000857,3.6,logs/vanilla_5b_4g/train_vanilla_4g_5b.log
vanilla,65300,2.1397504,0.5988,0.6912,0.1685,0.0,0.000858,3.6,logs/vanilla_5b_4g/train_vanilla_4g_5b.log
vanilla,65400,2.1430272,0.5928,0.6898,0.1759,0.0,0.00086,3.6,logs/vanilla_5b_4g/train_vanilla_4g_5b.log
vanilla,65500,2.146304,0.5961,0.6863,0.1816,0.0,0.000861,3.6,logs/vanilla_5b_4g/train_vanilla_4g_5b.log
vanilla,65600,2.1495808,0.6022,0.6889,0.1729,0.0,0.000862,3.6,logs/vanilla_5b_4g/train_vanilla_4g_5b.log
vanilla,65700,2.1528576,0.601,0.692,0.1808,0.0,0.000864,3.5,logs/vanilla_5b_4g/train_vanilla_4g_5b.log
vanilla,65800,2.1561344,0.5999,0.6926,0.1764,0.0,0.000865,3.6,logs/vanilla_5b_4g/train_vanilla_4g_5b.log
vanilla,65900,2.1594112,0.5934,0.6946,0.1765,0.0,0.000866,3.6,logs/vanilla_5b_4g/train_vanilla_4g_5b.log
vanilla,66000,2.162688,0.5915,0.6873,0.1797,0.0,0.000868,3.6,logs/vanilla_5b_4g/train_vanilla_4g_5b.log
vanilla,66100,2.1659648,0.5916,0.686,0.1763,0.0,0.000869,3.6,logs/vanilla_5b_4g/train_vanilla_4g_5b.log
vanilla,66200,2.1692416,0.5917,0.6867,0.1843,0.0,0.00087,3.6,logs/vanilla_5b_4g/train_vanilla_4g_5b.log
vanilla,66300,2.1725184,0.6033,0.6901,0.1668,0.0,0.000871,3.6,logs/vanilla_5b_4g/train_vanilla_4g_5b.log
vanilla,66400,2.1757952,0.5916,0.6833,0.1742,0.0,0.000873,3.6,logs/vanilla_5b_4g/train_vanilla_4g_5b.log
vanilla,66500,2.179072,0.5943,0.6884,0.18,0.0,0.000874,3.6,logs/vanilla_5b_4g/train_vanilla_4g_5b.log
vanilla,66600,2.1823488,0.5962,0.6939,0.1785,0.0,0.000875,3.6,logs/vanilla_5b_4g/train_vanilla_4g_5b.log
vanilla,66700,2.1856256,0.6021,0.6975,0.1743,0.0,0.000877,3.6,logs/vanilla_5b_4g/train_vanilla_4g_5b.log
vanilla,66800,2.1889024,0.5936,0.6922,0.1777,0.0,0.000878,3.6,logs/vanilla_5b_4g/train_vanilla_4g_5b.log
vanilla,66900,2.1921792,0.5893,0.6886,0.1794,0.0,0.000879,3.6,logs/vanilla_5b_4g/train_vanilla_4g_5b.log
vanilla,67000,2.195456,0.5955,0.691,0.1813,0.0,0.000881,3.6,logs/vanilla_5b_4g/train_vanilla_4g_5b.log
vanilla,67100,2.1987328,0.5942,0.6871,0.17,0.0,0.000882,3.6,logs/vanilla_5b_4g/train_vanilla_4g_5b.log
vanilla,67200,2.2020096,0.5899,0.6867,0.1783,0.0,0.000883,3.6,logs/vanilla_5b_4g/train_vanilla_4g_5b.log
vanilla,67300,2.2052864,0.594,0.6911,0.1783,0.0,0.000885,3.6,logs/vanilla_5b_4g/train_vanilla_4g_5b.log
vanilla,67400,2.2085632,0.599,0.6926,0.1777,0.0,0.000886,3.5,logs/vanilla_5b_4g/train_vanilla_4g_5b.log
vanilla,67500,2.21184,0.5837,0.6876,0.1841,0.0,0.000887,3.5,logs/vanilla_5b_4g/train_vanilla_4g_5b.log
vanilla,67600,2.2151168,0.5908,0.6864,0.178,0.0,0.000889,3.5,logs/vanilla_5b_4g/train_vanilla_4g_5b.log
vanilla,67700,2.2183936,0.5926,0.6901,0.1825,0.0,0.00089,3.5,logs/vanilla_5b_4g/train_vanilla_4g_5b.log
vanilla,67800,2.2216704,0.592,0.6924,0.1812,0.0,0.000891,3.6,logs/vanilla_5b_4g/train_vanilla_4g_5b.log
vanilla,67900,2.2249472,0.5901,0.6863,0.1811,0.0,0.000893,3.6,logs/vanilla_5b_4g/train_vanilla_4g_5b.log
vanilla,68000,2.228224,0.5864,0.6839,0.174,0.0,0.000894,3.5,logs/vanilla_5b_4g/train_vanilla_4g_5b.log
vanilla,68100,2.2315008,0.5931,0.6876,0.1831,0.0,0.000895,3.6,logs/vanilla_5b_4g/train_vanilla_4g_5b.log
vanilla,68200,2.2347776,0.5853,0.6843,0.1769,0.0,0.000897,3.6,logs/vanilla_5b_4g/train_vanilla_4g_5b.log
vanilla,68300,2.2380544,0.5886,0.6884,0.1758,0.0,0.000898,3.6,logs/vanilla_5b_4g/train_vanilla_4g_5b.log
vanilla,68400,2.2413312,0.6006,0.6904,0.1735,0.0,0.000899,3.6,logs/vanilla_5b_4g/train_vanilla_4g_5b.log
vanilla,68500,2.244608,0.597,0.6912,0.1774,0.0,0.000901,3.6,logs/vanilla_5b_4g/train_vanilla_4g_5b.log
vanilla,68600,2.2478848,0.6029,0.6932,0.1766,0.0,0.000902,3.6,logs/vanilla_5b_4g/train_vanilla_4g_5b.log
vanilla,68700,2.2511616,0.5932,0.6935,0.1839,0.0,0.000903,3.5,logs/vanilla_5b_4g/train_vanilla_4g_5b.log
vanilla,68800,2.2544384,0.6002,0.6951,0.1741,0.0,0.000905,3.6,logs/vanilla_5b_4g/train_vanilla_4g_5b.log
vanilla,68900,2.2577152,0.5925,0.6914,0.1823,0.0,0.000906,3.6,logs/vanilla_5b_4g/train_vanilla_4g_5b.log
vanilla,69000,2.260992,0.5884,0.6898,0.1811,0.0,0.000907,3.5,logs/vanilla_5b_4g/train_vanilla_4g_5b.log
vanilla,69100,2.2642688,0.5929,0.6865,0.1844,0.0,0.000908,3.6,logs/vanilla_5b_4g/train_vanilla_4g_5b.log
vanilla,69200,2.2675456,0.5857,0.6833,0.1744,0.0,0.00091,3.6,logs/vanilla_5b_4g/train_vanilla_4g_5b.log
vanilla,69300,2.2708224,0.5892,0.6874,0.1732,0.0,0.000911,3.6,logs/vanilla_5b_4g/train_vanilla_4g_5b.log
vanilla,69400,2.2740992,0.5843,0.683,0.1766,0.0,0.000912,3.6,logs/vanilla_5b_4g/train_vanilla_4g_5b.log
vanilla,69500,2.277376,0.592,0.6853,0.1769,0.0,0.000914,3.6,logs/vanilla_5b_4g/train_vanilla_4g_5b.log
vanilla,69600,2.2806528,0.5947,0.6896,0.1724,0.0,0.000915,3.6,logs/vanilla_5b_4g/train_vanilla_4g_5b.log
vanilla,69700,2.2839296,0.5942,0.6879,0.1783,0.0,0.000916,3.6,logs/vanilla_5b_4g/train_vanilla_4g_5b.log
vanilla,69800,2.2872064,0.5921,0.6882,0.1791,0.0,0.000918,3.6,logs/vanilla_5b_4g/train_vanilla_4g_5b.log
vanilla,69900,2.2904832,0.6043,0.6893,0.1709,0.0,0.000919,3.6,logs/vanilla_5b_4g/train_vanilla_4g_5b.log
vanilla,70000,2.29376,0.5965,0.6946,0.1816,0.0,0.00092,3.6,logs/vanilla_5b_4g/train_vanilla_4g_5b.log
vanilla,70100,2.2970368,0.6012,0.6931,0.1785,0.0,0.000922,3.6,logs/vanilla_5b_4g/train_vanilla_4g_5b.log
vanilla,70200,2.3003136,0.5959,0.6887,0.1792,0.0,0.000923,3.6,logs/vanilla_5b_4g/train_vanilla_4g_5b.log
vanilla,70300,2.3035904,0.5985,0.6888,0.1782,0.0,0.000924,3.6,logs/vanilla_5b_4g/train_vanilla_4g_5b.log
vanilla,70400,2.3068672,0.5917,0.6909,0.1787,0.0,0.000926,3.6,logs/vanilla_5b_4g/train_vanilla_4g_5b.log
vanilla,70500,2.310144,0.598,0.6901,0.1768,0.0,0.000927,3.6,logs/vanilla_5b_4g/train_vanilla_4g_5b.log
vanilla,70600,2.3134208,0.5996,0.6923,0.179,0.0,0.000928,3.6,logs/vanilla_5b_4g/train_vanilla_4g_5b.log
vanilla,70700,2.3166976,0.5895,0.6889,0.1791,0.0,0.000929,3.6,logs/vanilla_5b_4g/train_vanilla_4g_5b.log
vanilla,70800,2.3199744,0.6009,0.6959,0.1702,0.0,0.000931,3.6,logs/vanilla_5b_4g/train_vanilla_4g_5b.log
vanilla,70900,2.3232512,0.5919,0.6893,0.1757,0.0,0.000932,3.6,logs/vanilla_5b_4g/train_vanilla_4g_5b.log
vanilla,71000,2.326528,0.5908,0.6907,0.1727,0.0,0.000933,3.6,logs/vanilla_5b_4g/train_vanilla_4g_5b.log
vanilla,71100,2.3298048,0.5962,0.6851,0.1732,0.0,0.000935,3.6,logs/vanilla_5b_4g/train_vanilla_4g_5b.log
vanilla,71200,2.3330816,0.5934,0.6851,0.1715,0.0,0.000936,3.6,logs/vanilla_5b_4g/train_vanilla_4g_5b.log
vanilla,71300,2.3363584,0.5976,0.6907,0.1677,0.0,0.000937,3.6,logs/vanilla_5b_4g/train_vanilla_4g_5b.log
vanilla,71400,2.3396352,0.5925,0.6909,0.1817,0.0,0.000939,3.6,logs/vanilla_5b_4g/train_vanilla_4g_5b.log
vanilla,71500,2.342912,0.5935,0.6903,0.1849,0.0,0.00094,3.6,logs/vanilla_5b_4g/train_vanilla_4g_5b.log
vanilla,71600,2.3461888,0.5887,0.6862,0.1782,0.0,0.000941,3.6,logs/vanilla_5b_4g/train_vanilla_4g_5b.log
vanilla,71700,2.3494656,0.5961,0.6859,0.1727,0.0,0.000943,3.6,logs/vanilla_5b_4g/train_vanilla_4g_5b.log
vanilla,71800,2.3527424,0.5913,0.6902,0.1821,0.0,0.000944,3.6,logs/vanilla_5b_4g/train_vanilla_4g_5b.log
vanilla,71900,2.3560192,0.5912,0.6833,0.1708,0.0,0.000945,3.6,logs/vanilla_5b_4g/train_vanilla_4g_5b.log
vanilla,72000,2.359296,0.5969,0.6895,0.1751,0.0,0.000947,3.5,logs/vanilla_5b_4g/train_vanilla_4g_5b.log
vanilla,72100,2.3625728,0.5966,0.6855,0.1766,0.0,0.000948,3.6,logs/vanilla_5b_4g/train_vanilla_4g_5b.log
vanilla,72200,2.3658496,0.5922,0.687,0.1859,0.0,0.000949,3.6,logs/vanilla_5b_4g/train_vanilla_4g_5b.log
vanilla,72300,2.3691264,0.5912,0.6882,0.1815,0.0,0.00095,3.6,logs/vanilla_5b_4g/train_vanilla_4g_5b.log
vanilla,72400,2.3724032,0.6035,0.6972,0.1809,0.0,0.000952,3.6,logs/vanilla_5b_4g/train_vanilla_4g_5b.log
vanilla,72500,2.37568,0.5898,0.6869,0.179,0.0,0.000953,3.5,logs/vanilla_5b_4g/train_vanilla_4g_5b.log
vanilla,72600,2.3789568,0.6016,0.6922,0.1781,0.0,0.000954,3.5,logs/vanilla_5b_4g/train_vanilla_4g_5b.log
vanilla,72700,2.3822336,0.5916,0.6879,0.183,0.0,0.000956,3.6,logs/vanilla_5b_4g/train_vanilla_4g_5b.log
vanilla,72800,2.3855104,0.5938,0.6894,0.1794,0.0,0.000957,3.5,logs/vanilla_5b_4g/train_vanilla_4g_5b.log
vanilla,72900,2.3887872,0.5938,0.6871,0.1774,0.0,0.000958,3.6,logs/vanilla_5b_4g/train_vanilla_4g_5b.log
vanilla,73000,2.392064,0.5952,0.6862,0.1699,0.0,0.00096,3.5,logs/vanilla_5b_4g/train_vanilla_4g_5b.log
vanilla,73100,2.3953408,0.5964,0.6941,0.1785,0.0,0.000961,3.6,logs/vanilla_5b_4g/train_vanilla_4g_5b.log
vanilla,73200,2.3986176,0.5899,0.6881,0.1815,0.0,0.000962,3.6,logs/vanilla_5b_4g/train_vanilla_4g_5b.log
vanilla,73300,2.4018944,0.5894,0.6846,0.1777,0.0,0.000964,3.6,logs/vanilla_5b_4g/train_vanilla_4g_5b.log
vanilla,73400,2.4051712,0.5875,0.6872,0.1824,0.0,0.000965,3.6,logs/vanilla_5b_4g/train_vanilla_4g_5b.log
vanilla,73500,2.408448,0.5999,0.6902,0.1778,0.0,0.000966,3.6,logs/vanilla_5b_4g/train_vanilla_4g_5b.log
vanilla,73600,2.4117248,0.5999,0.6966,0.1787,0.0,0.000968,3.6,logs/vanilla_5b_4g/train_vanilla_4g_5b.log
vanilla,73700,2.4150016,0.5881,0.6841,0.1736,0.0,0.000969,3.6,logs/vanilla_5b_4g/train_vanilla_4g_5b.log
vanilla,73800,2.4182784,0.5909,0.6873,0.1772,0.0,0.00097,3.6,logs/vanilla_5b_4g/train_vanilla_4g_5b.log
vanilla,73900,2.4215552,0.5977,0.6889,0.1831,0.0,0.000971,3.5,logs/vanilla_5b_4g/train_vanilla_4g_5b.log
vanilla,74000,2.424832,0.6026,0.6916,0.1772,0.0,0.000973,3.6,logs/vanilla_5b_4g/train_vanilla_4g_5b.log
vanilla,74100,2.4281088,0.5922,0.6813,0.1775,0.0,0.000974,3.5,logs/vanilla_5b_4g/train_vanilla_4g_5b.log
vanilla,74200,2.4313856,0.5895,0.687,0.1758,0.0,0.000975,3.6,logs/vanilla_5b_4g/train_vanilla_4g_5b.log
vanilla,74300,2.4346624,0.5889,0.6864,0.1798,0.0,0.000977,3.6,logs/vanilla_5b_4g/train_vanilla_4g_5b.log
vanilla,74400,2.4379392,0.5904,0.6864,0.1758,0.0,0.000978,3.6,logs/vanilla_5b_4g/train_vanilla_4g_5b.log
vanilla,74500,2.441216,0.5912,0.6871,0.1758,0.0,0.000979,3.6,logs/vanilla_5b_4g/train_vanilla_4g_5b.log
vanilla,74600,2.4444928,0.5938,0.6945,0.1804,0.0,0.000981,3.6,logs/vanilla_5b_4g/train_vanilla_4g_5b.log
vanilla,74700,2.4477696,0.6012,0.6929,0.1753,0.0,0.000982,3.5,logs/vanilla_5b_4g/train_vanilla_4g_5b.log
vanilla,74800,2.4510464,0.595,0.6879,0.1759,0.0,0.000983,3.6,logs/vanilla_5b_4g/train_vanilla_4g_5b.log
vanilla,74900,2.4543232,0.5987,0.6934,0.1751,0.0,0.000985,3.6,logs/vanilla_5b_4g/train_vanilla_4g_5b.log
vanilla,75000,2.4576,0.5963,0.6869,0.1797,0.0,0.000986,3.6,logs/vanilla_5b_4g/train_vanilla_4g_5b.log
vanilla,75100,2.4608768,0.5966,0.6916,0.1759,0.0,0.000987,3.5,logs/vanilla_5b_4g/train_vanilla_4g_5b.log
vanilla,75200,2.4641536,0.6001,0.6907,0.1841,0.0,0.000989,3.6,logs/vanilla_5b_4g/train_vanilla_4g_5b.log
vanilla,75300,2.4674304,0.5941,0.6892,0.1786,0.0,0.00099,3.6,logs/vanilla_5b_4g/train_vanilla_4g_5b.log
vanilla,75400,2.4707072,0.595,0.6903,0.1808,0.0,0.000991,3.6,logs/vanilla_5b_4g/train_vanilla_4g_5b.log
vanilla,75500,2.473984,0.5921,0.6891,0.174,0.0,0.000992,3.6,logs/vanilla_5b_4g/train_vanilla_4g_5b.log
vanilla,75600,2.4772608,0.5881,0.6853,0.1801,0.0,0.000994,3.5,logs/vanilla_5b_4g/train_vanilla_4g_5b.log
vanilla,75700,2.4805376,0.6009,0.692,0.1776,0.0,0.000995,3.6,logs/vanilla_5b_4g/train_vanilla_4g_5b.log
vanilla,75800,2.4838144,0.5876,0.6871,0.1796,0.0,0.000996,3.6,logs/vanilla_5b_4g/train_vanilla_4g_5b.log
vanilla,75900,2.4870912,0.5997,0.6948,0.1747,0.0,0.000998,3.5,logs/vanilla_5b_4g/train_vanilla_4g_5b.log
vanilla,76000,2.490368,0.5932,0.6873,0.1868,0.0,0.000999,3.6,logs/vanilla_5b_4g/train_vanilla_4g_5b.log
vanilla,76100,2.4936448,0.5878,0.6837,0.1858,0.0,0.001,3.6,logs/vanilla_5b_4g/train_vanilla_4g_5b.log
vanilla,76200,2.4969216,0.5874,0.6889,0.1753,0.0,0.001,3.5,logs/vanilla_5b_4g/train_vanilla_4g_5b.log
vanilla,76300,2.5001984,0.5918,0.6919,0.1804,0.0,0.001,3.6,logs/vanilla_5b_4g/train_vanilla_4g_5b.log
vanilla,76400,2.5034752,0.5917,0.6882,0.17,0.0,0.001,3.5,logs/vanilla_5b_4g/train_vanilla_4g_5b.log
vanilla,76500,2.506752,0.5991,0.6906,0.1781,0.0,0.00101,3.5,logs/vanilla_5b_4g/train_vanilla_4g_5b.log
vanilla,76600,2.5100288,0.5869,0.6827,0.1791,0.0,0.00101,3.5,logs/vanilla_5b_4g/train_vanilla_4g_5b.log
vanilla,76700,2.5133056,0.6006,0.6926,0.1795,0.0,0.00101,3.5,logs/vanilla_5b_4g/train_vanilla_4g_5b.log
vanilla,76800,2.5165824,0.5899,0.6906,0.1795,0.0,0.00101,3.6,logs/vanilla_5b_4g/train_vanilla_4g_5b.log
vanilla,76900,2.5198592,0.6075,0.6899,0.1652,0.0,0.00101,3.5,logs/vanilla_5b_4g/train_vanilla_4g_5b.log
vanilla,77000,2.523136,0.5897,0.6849,0.1849,0.0,0.00101,3.5,logs/vanilla_5b_4g/train_vanilla_4g_5b.log
vanilla,77100,2.5264128,0.592,0.6892,0.1743,0.0,0.00101,3.5,logs/vanilla_5b_4g/train_vanilla_4g_5b.log
vanilla,77200,2.5296896,0.5922,0.6862,0.181,0.0,0.00101,3.5,logs/vanilla_5b_4g/train_vanilla_4g_5b.log
vanilla,77300,2.5329664,0.5961,0.6914,0.1831,0.0,0.00102,3.6,logs/vanilla_5b_4g/train_vanilla_4g_5b.log
vanilla,77400,2.5362432,0.5938,0.6874,0.1799,0.0,0.00102,3.6,logs/vanilla_5b_4g/train_vanilla_4g_5b.log
vanilla,77500,2.53952,0.5898,0.6847,0.1742,0.0,0.00102,3.6,logs/vanilla_5b_4g/train_vanilla_4g_5b.log
vanilla,77600,2.5427968,0.601,0.6914,0.1751,0.0,0.00102,3.5,logs/vanilla_5b_4g/train_vanilla_4g_5b.log
vanilla,77700,2.5460736,0.5968,0.6945,0.1738,0.0,0.00102,3.6,logs/vanilla_5b_4g/train_vanilla_4g_5b.log
vanilla,77800,2.5493504,0.6025,0.6891,0.1726,0.0,0.00102,3.6,logs/vanilla_5b_4g/train_vanilla_4g_5b.log
vanilla,77900,2.5526272,0.5933,0.6913,0.1749,0.0,0.00102,3.6,logs/vanilla_5b_4g/train_vanilla_4g_5b.log
vanilla,78000,2.555904,0.5976,0.6883,0.1737,0.0,0.00103,3.6,logs/vanilla_5b_4g/train_vanilla_4g_5b.log
vanilla,78100,2.5591808,0.5905,0.6861,0.1838,0.0,0.00103,3.5,logs/vanilla_5b_4g/train_vanilla_4g_5b.log
vanilla,78200,2.5624576,0.5962,0.6898,0.1791,0.0,0.00103,3.5,logs/vanilla_5b_4g/train_vanilla_4g_5b.log
vanilla,78300,2.5657344,0.5826,0.6829,0.1815,0.0,0.00103,3.6,logs/vanilla_5b_4g/train_vanilla_4g_5b.log
vanilla,78400,2.5690112,0.5962,0.6933,0.1777,0.0,0.00103,3.6,logs/vanilla_5b_4g/train_vanilla_4g_5b.log
vanilla,78500,2.572288,0.5946,0.691,0.1822,0.0,0.00103,3.6,logs/vanilla_5b_4g/train_vanilla_4g_5b.log
vanilla,78600,2.5755648,0.594,0.691,0.1836,0.0,0.00103,3.5,logs/vanilla_5b_4g/train_vanilla_4g_5b.log
vanilla,78700,2.5788416,0.5956,0.6888,0.1796,0.0,0.00103,3.6,logs/vanilla_5b_4g/train_vanilla_4g_5b.log
vanilla,78800,2.5821184,0.5894,0.6838,0.1806,0.0,0.00104,3.6,logs/vanilla_5b_4g/train_vanilla_4g_5b.log
vanilla,78900,2.5853952,0.5925,0.6877,0.1869,0.0,0.00104,3.5,logs/vanilla_5b_4g/train_vanilla_4g_5b.log
vanilla,79000,2.588672,0.5967,0.6948,0.1774,0.0,0.00104,3.6,logs/vanilla_5b_4g/train_vanilla_4g_5b.log
vanilla,79100,2.5919488,0.6009,0.6909,0.1699,0.0,0.00104,3.5,logs/vanilla_5b_4g/train_vanilla_4g_5b.log
vanilla,79200,2.5952256,0.5832,0.6845,0.1893,0.0,0.00104,3.6,logs/vanilla_5b_4g/train_vanilla_4g_5b.log
vanilla,79300,2.5985024,0.5973,0.6921,0.1712,0.0,0.00104,3.6,logs/vanilla_5b_4g/train_vanilla_4g_5b.log
vanilla,79400,2.6017792,0.59,0.687,0.1773,0.0,0.00104,3.5,logs/vanilla_5b_4g/train_vanilla_4g_5b.log
vanilla,79500,2.605056,0.5891,0.6849,0.1824,0.0,0.00105,3.5,logs/vanilla_5b_4g/train_vanilla_4g_5b.log
vanilla,79600,2.6083328,0.5971,0.6903,0.1838,0.0,0.00105,3.6,logs/vanilla_5b_4g/train_vanilla_4g_5b.log
vanilla,79700,2.6116096,0.5964,0.6885,0.1804,0.0,0.00105,3.6,logs/vanilla_5b_4g/train_vanilla_4g_5b.log
vanilla,79800,2.6148864,0.5962,0.6942,0.1771,0.0,0.00105,3.6,logs/vanilla_5b_4g/train_vanilla_4g_5b.log
vanilla,79900,2.6181632,0.5992,0.6912,0.1784,0.0,0.00105,3.6,logs/vanilla_5b_4g/train_vanilla_4g_5b.log
vanilla,80000,2.62144,0.5943,0.6889,0.1865,0.0,0.00105,3.5,logs/vanilla_5b_4g/train_vanilla_4g_5b.log
vanilla,80100,2.6247168,0.5914,0.6893,0.1843,0.0,0.00105,3.5,logs/vanilla_5b_4g/train_vanilla_4g_5b.log
vanilla,80200,2.6279936,0.5968,0.6936,0.1846,0.0,0.00105,3.5,logs/vanilla_5b_4g/train_vanilla_4g_5b.log
vanilla,80300,2.6312704,0.5982,0.6898,0.1797,0.0,0.00106,3.6,logs/vanilla_5b_4g/train_vanilla_4g_5b.log
vanilla,80400,2.6345472,0.5948,0.6875,0.1782,0.0,0.00106,3.5,logs/vanilla_5b_4g/train_vanilla_4g_5b.log
vanilla,80500,2.637824,0.5958,0.6882,0.182,0.0,0.00106,3.5,logs/vanilla_5b_4g/train_vanilla_4g_5b.log
vanilla,80600,2.6411008,0.5982,0.6887,0.1794,0.0,0.00106,3.6,logs/vanilla_5b_4g/train_vanilla_4g_5b.log
vanilla,80700,2.6443776,0.5934,0.6867,0.1813,0.0,0.00106,3.6,logs/vanilla_5b_4g/train_vanilla_4g_5b.log
vanilla,80800,2.6476544,0.5882,0.686,0.1856,0.0,0.00106,3.6,logs/vanilla_5b_4g/train_vanilla_4g_5b.log
vanilla,80900,2.6509312,0.5973,0.6921,0.1781,0.0,0.00106,3.6,logs/vanilla_5b_4g/train_vanilla_4g_5b.log
vanilla,81000,2.654208,0.596,0.6929,0.1785,0.0,0.00106,3.5,logs/vanilla_5b_4g/train_vanilla_4g_5b.log
vanilla,81100,2.6574848,0.5953,0.6898,0.1716,0.0,0.00107,3.5,logs/vanilla_5b_4g/train_vanilla_4g_5b.log
vanilla,81200,2.6607616,0.5958,0.6905,0.1812,0.0,0.00107,3.6,logs/vanilla_5b_4g/train_vanilla_4g_5b.log
vanilla,81300,2.6640384,0.5991,0.6848,0.1722,0.0,0.00107,3.6,logs/vanilla_5b_4g/train_vanilla_4g_5b.log
vanilla,81400,2.6673152,0.5916,0.688,0.1857,0.0,0.00107,3.5,logs/vanilla_5b_4g/train_vanilla_4g_5b.log
vanilla,81500,2.670592,0.5933,0.6898,0.1813,0.0,0.00107,3.6,logs/vanilla_5b_4g/train_vanilla_4g_5b.log
vanilla,81600,2.6738688,0.593,0.6895,0.1788,0.0,0.00107,3.6,logs/vanilla_5b_4g/train_vanilla_4g_5b.log
vanilla,81700,2.6771456,0.5958,0.6884,0.1764,0.0,0.00107,3.6,logs/vanilla_5b_4g/train_vanilla_4g_5b.log
vanilla,81800,2.6804224,0.5869,0.6888,0.1811,0.0,0.00108,3.6,logs/vanilla_5b_4g/train_vanilla_4g_5b.log
vanilla,81900,2.6836992,0.5919,0.6841,0.1783,0.0,0.00108,3.5,logs/vanilla_5b_4g/train_vanilla_4g_5b.log
vanilla,82000,2.686976,0.5866,0.6826,0.1807,0.0,0.00108,3.5,logs/vanilla_5b_4g/train_vanilla_4g_5b.log
vanilla,82100,2.6902528,0.5954,0.692,0.1851,0.0,0.00108,3.5,logs/vanilla_5b_4g/train_vanilla_4g_5b.log
vanilla,82200,2.6935296,0.5928,0.6917,0.1805,0.0,0.00108,3.5,logs/vanilla_5b_4g/train_vanilla_4g_5b.log
vanilla,82300,2.6968064,0.5924,0.687,0.185,0.0,0.00108,3.6,logs/vanilla_5b_4g/train_vanilla_4g_5b.log
vanilla,82400,2.7000832,0.5856,0.6875,0.1845,0.0,0.00108,3.5,logs/vanilla_5b_4g/train_vanilla_4g_5b.log
vanilla,82500,2.70336,0.5935,0.6935,0.1736,0.0,0.00108,3.6,logs/vanilla_5b_4g/train_vanilla_4g_5b.log
vanilla,82600,2.7066368,0.5861,0.6852,0.1825,0.0,0.00109,3.5,logs/vanilla_5b_4g/train_vanilla_4g_5b.log
vanilla,82700,2.7099136,0.5869,0.6828,0.1889,0.0,0.00109,3.5,logs/vanilla_5b_4g/train_vanilla_4g_5b.log
vanilla,82800,2.7131904,0.5986,0.6936,0.1803,0.0,0.00109,3.6,logs/vanilla_5b_4g/train_vanilla_4g_5b.log
vanilla,82900,2.7164672,0.5929,0.6928,0.1861,0.0,0.00109,3.6,logs/vanilla_5b_4g/train_vanilla_4g_5b.log
vanilla,83000,2.719744,0.5962,0.6903,0.1774,0.0,0.00109,3.6,logs/vanilla_5b_4g/train_vanilla_4g_5b.log
vanilla,83100,2.7230208,0.5972,0.6887,0.1773,0.0,0.00109,3.6,logs/vanilla_5b_4g/train_vanilla_4g_5b.log
vanilla,83200,2.7262976,0.6024,0.6959,0.1738,0.0,0.00109,3.5,logs/vanilla_5b_4g/train_vanilla_4g_5b.log
vanilla,83300,2.7295744,0.5934,0.6897,0.1783,0.0,0.0011,3.6,logs/vanilla_5b_4g/train_vanilla_4g_5b.log
vanilla,83400,2.7328512,0.5932,0.687,0.1796,0.0,0.0011,3.5,logs/vanilla_5b_4g/train_vanilla_4g_5b.log
vanilla,83500,2.736128,0.5939,0.6879,0.1727,0.0,0.0011,3.6,logs/vanilla_5b_4g/train_vanilla_4g_5b.log
vanilla,83600,2.7394048,0.5893,0.6858,0.1818,0.0,0.0011,3.6,logs/vanilla_5b_4g/train_vanilla_4g_5b.log
vanilla,83700,2.7426816,0.5879,0.6871,0.1799,0.0,0.0011,3.5,logs/vanilla_5b_4g/train_vanilla_4g_5b.log
vanilla,83800,2.7459584,0.5947,0.685,0.1774,0.0,0.0011,3.6,logs/vanilla_5b_4g/train_vanilla_4g_5b.log
vanilla,83900,2.7492352,0.5965,0.6879,0.1785,0.0,0.0011,3.6,logs/vanilla_5b_4g/train_vanilla_4g_5b.log
vanilla,84000,2.752512,0.595,0.6875,0.1743,0.0,0.0011,3.6,logs/vanilla_5b_4g/train_vanilla_4g_5b.log
vanilla,84100,2.7557888,0.5969,0.6874,0.1768,0.0,0.00111,3.6,logs/vanilla_5b_4g/train_vanilla_4g_5b.log
vanilla,84200,2.7590656,0.5983,0.6988,0.1797,0.0,0.00111,3.6,logs/vanilla_5b_4g/train_vanilla_4g_5b.log
vanilla,84300,2.7623424,0.6005,0.6886,0.1742,0.0,0.00111,3.6,logs/vanilla_5b_4g/train_vanilla_4g_5b.log
vanilla,84400,2.7656192,0.5956,0.6852,0.1821,0.0,0.00111,3.6,logs/vanilla_5b_4g/train_vanilla_4g_5b.log
vanilla,84500,2.768896,0.5901,0.6866,0.1825,0.0,0.00111,3.6,logs/vanilla_5b_4g/train_vanilla_4g_5b.log
vanilla,84600,2.7721728,0.5919,0.6932,0.183,0.0,0.00111,3.6,logs/vanilla_5b_4g/train_vanilla_4g_5b.log
vanilla,84700,2.7754496,0.5888,0.6853,0.1806,0.0,0.00111,3.6,logs/vanilla_5b_4g/train_vanilla_4g_5b.log
vanilla,84800,2.7787264,0.5951,0.6915,0.1826,0.0,0.00111,3.6,logs/vanilla_5b_4g/train_vanilla_4g_5b.log
vanilla,84900,2.7820032,0.5951,0.697,0.1786,0.0,0.00112,3.6,logs/vanilla_5b_4g/train_vanilla_4g_5b.log
vanilla,85000,2.78528,0.6057,0.6958,0.1812,0.0,0.00112,3.6,logs/vanilla_5b_4g/train_vanilla_4g_5b.log
vanilla,85100,2.7885568,0.5991,0.6929,0.1873,0.0,0.00112,3.6,logs/vanilla_5b_4g/train_vanilla_4g_5b.log
vanilla,85200,2.7918336,0.5979,0.6932,0.1767,0.0,0.00112,3.6,logs/vanilla_5b_4g/train_vanilla_4g_5b.log
vanilla,85300,2.7951104,0.5916,0.684,0.1793,0.0,0.00112,3.6,logs/vanilla_5b_4g/train_vanilla_4g_5b.log
vanilla,85400,2.7983872,0.5977,0.691,0.1751,0.0,0.00112,3.6,logs/vanilla_5b_4g/train_vanilla_4g_5b.log
vanilla,85500,2.801664,0.5959,0.6895,0.1729,0.0,0.00112,3.6,logs/vanilla_5b_4g/train_vanilla_4g_5b.log
vanilla,85600,2.8049408,0.5961,0.6912,0.1805,0.0,0.00113,3.6,logs/vanilla_5b_4g/train_vanilla_4g_5b.log
vanilla,85700,2.8082176,0.5942,0.6878,0.1791,0.0,0.00113,3.6,logs/vanilla_5b_4g/train_vanilla_4g_5b.log
vanilla,85800,2.8114944,0.5935,0.6842,0.1761,0.0,0.00113,3.6,logs/vanilla_5b_4g/train_vanilla_4g_5b.log
vanilla,85900,2.8147712,0.5966,0.6943,0.1804,0.0,0.00113,3.6,logs/vanilla_5b_4g/train_vanilla_4g_5b.log
vanilla,86000,2.818048,0.6011,0.6923,0.179,0.0,0.00113,3.6,logs/vanilla_5b_4g/train_vanilla_4g_5b.log
vanilla,86100,2.8213248,0.5897,0.6849,0.1735,0.0,0.00113,3.5,logs/vanilla_5b_4g/train_vanilla_4g_5b.log
vanilla,86200,2.8246016,0.5922,0.685,0.1743,0.0,0.00113,3.6,logs/vanilla_5b_4g/train_vanilla_4g_5b.log
vanilla,86300,2.8278784,0.5971,0.6868,0.1758,0.0,0.00113,3.6,logs/vanilla_5b_4g/train_vanilla_4g_5b.log
vanilla,86400,2.8311552,0.5949,0.6929,0.1815,0.0,0.00114,3.6,logs/vanilla_5b_4g/train_vanilla_4g_5b.log
vanilla,86500,2.834432,0.5932,0.693,0.1819,0.0,0.00114,3.6,logs/vanilla_5b_4g/train_vanilla_4g_5b.log
vanilla,86600,2.8377088,0.5917,0.6933,0.1809,0.0,0.00114,3.6,logs/vanilla_5b_4g/train_vanilla_4g_5b.log
vanilla,86700,2.8409856,0.592,0.684,0.1846,0.0,0.00114,3.6,logs/vanilla_5b_4g/train_vanilla_4g_5b.log
vanilla,86800,2.8442624,0.6002,0.6941,0.1851,0.0,0.00114,3.6,logs/vanilla_5b_4g/train_vanilla_4g_5b.log
vanilla,86900,2.8475392,0.6023,0.691,0.1676,0.0,0.00114,3.6,logs/vanilla_5b_4g/train_vanilla_4g_5b.log
vanilla,87000,2.850816,0.5945,0.6909,0.1815,0.0,0.00114,3.5,logs/vanilla_5b_4g/train_vanilla_4g_5b.log
vanilla,87100,2.8540928,0.6015,0.6954,0.1834,0.0,0.00114,3.5,logs/vanilla_5b_4g/train_vanilla_4g_5b.log
vanilla,87200,2.8573696,0.5939,0.6853,0.1725,0.0,0.00115,3.5,logs/vanilla_5b_4g/train_vanilla_4g_5b.log
vanilla,87300,2.8606464,0.591,0.6882,0.1828,0.0,0.00115,3.6,logs/vanilla_5b_4g/train_vanilla_4g_5b.log
vanilla,87400,2.8639232,0.5858,0.6878,0.1866,0.0,0.00115,3.6,logs/vanilla_5b_4g/train_vanilla_4g_5b.log
vanilla,87500,2.8672,0.5955,0.6846,0.172,0.0,0.00115,3.6,logs/vanilla_5b_4g/train_vanilla_4g_5b.log
vanilla,87600,2.8704768,0.5952,0.6895,0.1799,0.0,0.00115,3.5,logs/vanilla_5b_4g/train_vanilla_4g_5b.log
vanilla,87700,2.8737536,0.5916,0.6855,0.1715,0.0,0.00115,3.6,logs/vanilla_5b_4g/train_vanilla_4g_5b.log
vanilla,87800,2.8770304,0.5934,0.6896,0.1783,0.0,0.00115,3.6,logs/vanilla_5b_4g/train_vanilla_4g_5b.log
vanilla,87900,2.8803072,0.5987,0.6912,0.1821,0.0,0.00116,3.6,logs/vanilla_5b_4g/train_vanilla_4g_5b.log
vanilla,88000,2.883584,0.5946,0.6873,0.1791,0.0,0.00116,3.6,logs/vanilla_5b_4g/train_vanilla_4g_5b.log
vanilla,88100,2.8868608,0.5827,0.6888,0.1832,0.0,0.00116,3.6,logs/vanilla_5b_4g/train_vanilla_4g_5b.log
vanilla,88200,2.8901376,0.5924,0.6915,0.1813,0.0,0.00116,3.6,logs/vanilla_5b_4g/train_vanilla_4g_5b.log
vanilla,88300,2.8934144,0.5999,0.6901,0.1837,0.0,0.00116,3.6,logs/vanilla_5b_4g/train_vanilla_4g_5b.log
vanilla,88400,2.8966912,0.6019,0.6889,0.1747,0.0,0.00116,3.6,logs/vanilla_5b_4g/train_vanilla_4g_5b.log
vanilla,88500,2.899968,0.5917,0.6858,0.1793,0.0,0.00116,3.6,logs/vanilla_5b_4g/train_vanilla_4g_5b.log
vanilla,88600,2.9032448,0.5915,0.6915,0.1881,0.0,0.00116,3.6,logs/vanilla_5b_4g/train_vanilla_4g_5b.log
vanilla,88700,2.9065216,0.5922,0.692,0.1813,0.0,0.00117,3.6,logs/vanilla_5b_4g/train_vanilla_4g_5b.log
vanilla,88800,2.9097984,0.5954,0.6914,0.1834,0.0,0.00117,3.6,logs/vanilla_5b_4g/train_vanilla_4g_5b.log
vanilla,88900,2.9130752,0.5973,0.6903,0.1733,0.0,0.00117,3.6,logs/vanilla_5b_4g/train_vanilla_4g_5b.log
vanilla,89000,2.916352,0.5943,0.6821,0.1773,0.0,0.00117,3.6,logs/vanilla_5b_4g/train_vanilla_4g_5b.log
vanilla,89100,2.9196288,0.5938,0.6864,0.1815,0.0,0.00117,3.6,logs/vanilla_5b_4g/train_vanilla_4g_5b.log
vanilla,89200,2.9229056,0.5925,0.6891,0.1791,0.0,0.00117,3.6,logs/vanilla_5b_4g/train_vanilla_4g_5b.log
vanilla,89300,2.9261824,0.5942,0.6884,0.1829,0.0,0.00117,3.6,logs/vanilla_5b_4g/train_vanilla_4g_5b.log
vanilla,89400,2.9294592,0.5919,0.6912,0.1837,0.0,0.00118,3.6,logs/vanilla_5b_4g/train_vanilla_4g_5b.log
vanilla,89500,2.932736,0.5943,0.6895,0.1819,0.0,0.00118,3.6,logs/vanilla_5b_4g/train_vanilla_4g_5b.log
vanilla,89600,2.9360128,0.5948,0.6893,0.1844,0.0,0.00118,3.6,logs/vanilla_5b_4g/train_vanilla_4g_5b.log
vanilla,89700,2.9392896,0.5901,0.6862,0.1864,0.0,0.00118,3.6,logs/vanilla_5b_4g/train_vanilla_4g_5b.log
vanilla,89800,2.9425664,0.5962,0.6911,0.1854,0.0,0.00118,3.6,logs/vanilla_5b_4g/train_vanilla_4g_5b.log
vanilla,89900,2.9458432,0.6032,0.6897,0.1707,0.0,0.00118,3.6,logs/vanilla_5b_4g/train_vanilla_4g_5b.log
vanilla,90000,2.94912,0.5941,0.6862,0.1791,0.0,0.00118,3.6,logs/vanilla_5b_4g/train_vanilla_4g_5b.log
vanilla,90100,2.9523968,0.5909,0.6857,0.1844,0.0,0.00118,3.6,logs/vanilla_5b_4g/train_vanilla_4g_5b.log
vanilla,90200,2.9556736,0.5977,0.6885,0.1796,0.0,0.00119,3.6,logs/vanilla_5b_4g/train_vanilla_4g_5b.log
vanilla,90300,2.9589504,0.6008,0.6881,0.1732,0.0,0.00119,3.6,logs/vanilla_5b_4g/train_vanilla_4g_5b.log
vanilla,90400,2.9622272,0.6002,0.6913,0.1825,0.0,0.00119,3.6,logs/vanilla_5b_4g/train_vanilla_4g_5b.log
vanilla,90500,2.965504,0.6038,0.6917,0.1738,0.0,0.00119,3.5,logs/vanilla_5b_4g/train_vanilla_4g_5b.log
vanilla,90600,2.9687808,0.5959,0.6884,0.1862,0.0,0.00119,3.6,logs/vanilla_5b_4g/train_vanilla_4g_5b.log
vanilla,90700,2.9720576,0.592,0.6835,0.1874,0.0,0.00119,3.6,logs/vanilla_5b_4g/train_vanilla_4g_5b.log
vanilla,90800,2.9753344,0.5932,0.6951,0.184,0.0,0.00119,3.6,logs/vanilla_5b_4g/train_vanilla_4g_5b.log
vanilla,90900,2.9786112,0.593,0.6876,0.1881,0.0,0.00119,3.5,logs/vanilla_5b_4g/train_vanilla_4g_5b.log
vanilla,91000,2.981888,0.5895,0.686,0.1855,0.0,0.0012,3.6,logs/vanilla_5b_4g/train_vanilla_4g_5b.log
vanilla,91100,2.9851648,0.5988,0.6913,0.1845,0.0,0.0012,3.6,logs/vanilla_5b_4g/train_vanilla_4g_5b.log
vanilla,91200,2.9884416,0.5912,0.6891,0.1836,0.0,0.0012,3.5,logs/vanilla_5b_4g/train_vanilla_4g_5b.log
vanilla,91300,2.9917184,0.5968,0.6921,0.1787,0.0,0.0012,3.6,logs/vanilla_5b_4g/train_vanilla_4g_5b.log
vanilla,91400,2.9949952,0.5895,0.6864,0.1834,0.0,0.0012,3.6,logs/vanilla_5b_4g/train_vanilla_4g_5b.log
vanilla,91500,2.998272,0.5953,0.6921,0.175,0.0,0.0012,3.6,logs/vanilla_5b_4g/train_vanilla_4g_5b.log
vanilla,91600,3.0015488,0.5909,0.6829,0.1771,0.0,0.0012,3.6,logs/vanilla_5b_4g/train_vanilla_4g_5b.log
vanilla,91700,3.0048256,0.596,0.6889,0.1763,0.0,0.00121,3.6,logs/vanilla_5b_4g/train_vanilla_4g_5b.log
vanilla,91800,3.0081024,0.5996,0.6965,0.1821,0.0,0.00121,3.6,logs/vanilla_5b_4g/train_vanilla_4g_5b.log
vanilla,91900,3.0113792,0.5912,0.6911,0.1844,0.0,0.00121,3.6,logs/vanilla_5b_4g/train_vanilla_4g_5b.log
vanilla,92000,3.014656,0.5951,0.6887,0.1775,0.0,0.00121,3.6,logs/vanilla_5b_4g/train_vanilla_4g_5b.log
vanilla,92100,3.0179328,0.5941,0.6896,0.1869,0.0,0.00121,3.6,logs/vanilla_5b_4g/train_vanilla_4g_5b.log
vanilla,92200,3.0212096,0.6015,0.6871,0.1698,0.0,0.00121,3.6,logs/vanilla_5b_4g/train_vanilla_4g_5b.log
vanilla,92300,3.0244864,0.5915,0.6868,0.1813,0.0,0.00121,3.6,logs/vanilla_5b_4g/train_vanilla_4g_5b.log
vanilla,92400,3.0277632,0.6001,0.6936,0.1864,0.0,0.00121,3.6,logs/vanilla_5b_4g/train_vanilla_4g_5b.log
vanilla,92500,3.03104,0.5917,0.6855,0.1798,0.0,0.00122,3.6,logs/vanilla_5b_4g/train_vanilla_4g_5b.log
vanilla,92600,3.0343168,0.5995,0.69,0.172,0.0,0.00122,3.6,logs/vanilla_5b_4g/train_vanilla_4g_5b.log
vanilla,92700,3.0375936,0.6027,0.6928,0.1772,0.0,0.00122,3.6,logs/vanilla_5b_4g/train_vanilla_4g_5b.log
vanilla,92800,3.0408704,0.5948,0.6911,0.1793,0.0,0.00122,3.7,logs/vanilla_5b_4g/train_vanilla_4g_5b.log
vanilla,92900,3.0441472,0.5913,0.6907,0.183,0.0,0.00122,3.6,logs/vanilla_5b_4g/train_vanilla_4g_5b.log
vanilla,93000,3.047424,0.5964,0.6895,0.1816,0.0,0.00122,3.6,logs/vanilla_5b_4g/train_vanilla_4g_5b.log
vanilla,93100,3.0507008,0.5924,0.6919,0.1807,0.0,0.00122,3.6,logs/vanilla_5b_4g/train_vanilla_4g_5b.log
vanilla,93200,3.0539776,0.59,0.6832,0.1766,0.0,0.00123,3.6,logs/vanilla_5b_4g/train_vanilla_4g_5b.log
vanilla,93300,3.0572544,0.6007,0.6927,0.1766,0.0,0.00123,3.6,logs/vanilla_5b_4g/train_vanilla_4g_5b.log
vanilla,93400,3.0605312,0.6039,0.6941,0.1741,0.0,0.00123,3.6,logs/vanilla_5b_4g/train_vanilla_4g_5b.log
vanilla,93500,3.063808,0.5954,0.6875,0.179,0.0,0.00123,3.5,logs/vanilla_5b_4g/train_vanilla_4g_5b.log
vanilla,93600,3.0670848,0.5959,0.6873,0.1796,0.0,0.00123,3.6,logs/vanilla_5b_4g/train_vanilla_4g_5b.log
vanilla,93700,3.0703616,0.5972,0.6898,0.1757,0.0,0.00123,3.6,logs/vanilla_5b_4g/train_vanilla_4g_5b.log
vanilla,93800,3.0736384,0.5917,0.686,0.1789,0.0,0.00123,3.6,logs/vanilla_5b_4g/train_vanilla_4g_5b.log
vanilla,93900,3.0769152,0.5923,0.6923,0.1793,0.0,0.00123,3.6,logs/vanilla_5b_4g/train_vanilla_4g_5b.log
vanilla,94000,3.080192,0.5976,0.6889,0.1804,0.0,0.00124,3.6,logs/vanilla_5b_4g/train_vanilla_4g_5b.log
vanilla,94100,3.0834688,0.5984,0.6903,0.1755,0.0,0.00124,3.6,logs/vanilla_5b_4g/train_vanilla_4g_5b.log
vanilla,94200,3.0867456,0.598,0.6974,0.1832,0.0,0.00124,3.6,logs/vanilla_5b_4g/train_vanilla_4g_5b.log
vanilla,94300,3.0900224,0.5955,0.692,0.1796,0.0,0.00124,3.6,logs/vanilla_5b_4g/train_vanilla_4g_5b.log
vanilla,94400,3.0932992,0.5975,0.6887,0.1796,0.0,0.00124,3.6,logs/vanilla_5b_4g/train_vanilla_4g_5b.log
vanilla,94500,3.096576,0.5907,0.6864,0.1789,0.0,0.00124,3.6,logs/vanilla_5b_4g/train_vanilla_4g_5b.log
vanilla,94600,3.0998528,0.5977,0.6918,0.1804,0.0,0.00124,3.6,logs/vanilla_5b_4g/train_vanilla_4g_5b.log
vanilla,94700,3.1031296,0.5882,0.6862,0.1781,0.0,0.00124,3.5,logs/vanilla_5b_4g/train_vanilla_4g_5b.log
vanilla,94800,3.1064064,0.5971,0.6915,0.182,0.0,0.00125,3.6,logs/vanilla_5b_4g/train_vanilla_4g_5b.log
vanilla,94900,3.1096832,0.5935,0.6893,0.1814,0.0,0.00125,3.5,logs/vanilla_5b_4g/train_vanilla_4g_5b.log
vanilla,95000,3.11296,0.594,0.6946,0.1849,0.0,0.00125,3.5,logs/vanilla_5b_4g/train_vanilla_4g_5b.log
vanilla,95100,3.1162368,0.5886,0.6889,0.188,0.0,0.00125,3.6,logs/vanilla_5b_4g/train_vanilla_4g_5b.log
vanilla,95200,3.1195136,0.5928,0.691,0.1834,0.0,0.00125,3.6,logs/vanilla_5b_4g/train_vanilla_4g_5b.log
vanilla,95300,3.1227904,0.597,0.6908,0.1828,0.0,0.00125,3.6,logs/vanilla_5b_4g/train_vanilla_4g_5b.log
vanilla,95400,3.1260672,0.5958,0.6923,0.187,0.0,0.00125,3.6,logs/vanilla_5b_4g/train_vanilla_4g_5b.log
vanilla,95500,3.129344,0.5978,0.6917,0.1739,0.0,0.00126,3.6,logs/vanilla_5b_4g/train_vanilla_4g_5b.log
vanilla,95600,3.1326208,0.5949,0.6904,0.1818,0.0,0.00126,3.6,logs/vanilla_5b_4g/train_vanilla_4g_5b.log
vanilla,95700,3.1358976,0.5902,0.6836,0.1855,0.0,0.00126,3.6,logs/vanilla_5b_4g/train_vanilla_4g_5b.log
vanilla,95800,3.1391744,0.5951,0.6922,0.1762,0.0,0.00126,3.6,logs/vanilla_5b_4g/train_vanilla_4g_5b.log
vanilla,95900,3.1424512,0.5941,0.688,0.1809,0.0,0.00126,3.6,logs/vanilla_5b_4g/train_vanilla_4g_5b.log
vanilla,96000,3.145728,0.5952,0.6875,0.179,0.0,0.00126,3.5,logs/vanilla_5b_4g/train_vanilla_4g_5b.log
vanilla,96100,3.1490048,0.5944,0.6887,0.1855,0.0,0.00126,3.6,logs/vanilla_5b_4g/train_vanilla_4g_5b.log
vanilla,96200,3.1522816,0.5944,0.688,0.1832,0.0,0.00126,3.6,logs/vanilla_5b_4g/train_vanilla_4g_5b.log
vanilla,96300,3.1555584,0.5963,0.6895,0.1901,0.0,0.00127,3.6,logs/vanilla_5b_4g/train_vanilla_4g_5b.log
vanilla,96400,3.1588352,0.5934,0.6891,0.1837,0.0,0.00127,3.6,logs/vanilla_5b_4g/train_vanilla_4g_5b.log
vanilla,96500,3.162112,0.5937,0.6862,0.1777,0.0,0.00127,3.6,logs/vanilla_5b_4g/train_vanilla_4g_5b.log
vanilla,96600,3.1653888,0.5938,0.6858,0.1788,0.0,0.00127,3.6,logs/vanilla_5b_4g/train_vanilla_4g_5b.log
vanilla,96700,3.1686656,0.5996,0.6887,0.1787,0.0,0.00127,3.6,logs/vanilla_5b_4g/train_vanilla_4g_5b.log
vanilla,96800,3.1719424,0.5962,0.692,0.1717,0.0,0.00127,3.7,logs/vanilla_5b_4g/train_vanilla_4g_5b.log
vanilla,96900,3.1752192,0.596,0.6928,0.1877,0.0,0.00127,3.6,logs/vanilla_5b_4g/train_vanilla_4g_5b.log
vanilla,97000,3.178496,0.5959,0.694,0.1859,0.0,0.00128,3.6,logs/vanilla_5b_4g/train_vanilla_4g_5b.log
vanilla,97100,3.1817728,0.5936,0.6887,0.1806,0.0,0.00128,3.6,logs/vanilla_5b_4g/train_vanilla_4g_5b.log
vanilla,97200,3.1850496,0.5907,0.6872,0.1805,0.0,0.00128,3.6,logs/vanilla_5b_4g/train_vanilla_4g_5b.log
vanilla,97300,3.1883264,0.5989,0.6945,0.177,0.0,0.00128,3.6,logs/vanilla_5b_4g/train_vanilla_4g_5b.log
vanilla,97400,3.1916032,0.5931,0.687,0.1846,0.0,0.00128,3.6,logs/vanilla_5b_4g/train_vanilla_4g_5b.log
vanilla,97500,3.19488,0.6021,0.6914,0.1684,0.0,0.00128,3.6,logs/vanilla_5b_4g/train_vanilla_4g_5b.log
vanilla,97600,3.1981568,0.5916,0.6897,0.1898,0.0,0.00128,3.6,logs/vanilla_5b_4g/train_vanilla_4g_5b.log
vanilla,97700,3.2014336,0.5964,0.6835,0.1825,0.0,0.00128,3.6,logs/vanilla_5b_4g/train_vanilla_4g_5b.log
vanilla,97800,3.2047104,0.5985,0.6898,0.1812,0.0,0.00129,3.6,logs/vanilla_5b_4g/train_vanilla_4g_5b.log
vanilla,97900,3.2079872,0.5987,0.6921,0.1704,0.0,0.00129,3.6,logs/vanilla_5b_4g/train_vanilla_4g_5b.log
vanilla,98000,3.211264,0.5952,0.6865,0.1767,0.0,0.00129,3.6,logs/vanilla_5b_4g/train_vanilla_4g_5b.log
vanilla,98100,3.2145408,0.597,0.6891,0.1797,0.0,0.00129,3.5,logs/vanilla_5b_4g/train_vanilla_4g_5b.log
vanilla,98200,3.2178176,0.5923,0.6926,0.1903,0.0,0.00129,3.6,logs/vanilla_5b_4g/train_vanilla_4g_5b.log
vanilla,98300,3.2210944,0.6006,0.693,0.1786,0.0,0.00129,3.6,logs/vanilla_5b_4g/train_vanilla_4g_5b.log
vanilla,98400,3.2243712,0.5928,0.6888,0.1849,0.0,0.00129,3.5,logs/vanilla_5b_4g/train_vanilla_4g_5b.log
vanilla,98500,3.227648,0.5936,0.6869,0.1803,0.0,0.00129,3.6,logs/vanilla_5b_4g/train_vanilla_4g_5b.log
vanilla,98600,3.2309248,0.5907,0.6838,0.1766,0.0,0.0013,3.6,logs/vanilla_5b_4g/train_vanilla_4g_5b.log
vanilla,98700,3.2342016,0.5941,0.6874,0.184,0.0,0.0013,3.6,logs/vanilla_5b_4g/train_vanilla_4g_5b.log
vanilla,98800,3.2374784,0.5839,0.6843,0.1839,0.0,0.0013,3.6,logs/vanilla_5b_4g/train_vanilla_4g_5b.log
vanilla,98900,3.2407552,0.5949,0.6955,0.1788,0.0,0.0013,3.6,logs/vanilla_5b_4g/train_vanilla_4g_5b.log
vanilla,99000,3.244032,0.5953,0.6894,0.1817,0.0,0.0013,3.6,logs/vanilla_5b_4g/train_vanilla_4g_5b.log
vanilla,99100,3.2473088,0.5956,0.6906,0.1808,0.0,0.0013,3.6,logs/vanilla_5b_4g/train_vanilla_4g_5b.log
vanilla,99200,3.2505856,0.5993,0.6938,0.1804,0.0,0.0013,3.6,logs/vanilla_5b_4g/train_vanilla_4g_5b.log
vanilla,99300,3.2538624,0.5899,0.6919,0.1887,0.0,0.00131,3.7,logs/vanilla_5b_4g/train_vanilla_4g_5b.log
vanilla,99400,3.2571392,0.5907,0.6882,0.1827,0.0,0.00131,3.6,logs/vanilla_5b_4g/train_vanilla_4g_5b.log
vanilla,99500,3.260416,0.6002,0.6928,0.1861,0.0,0.00131,3.6,logs/vanilla_5b_4g/train_vanilla_4g_5b.log
vanilla,99600,3.2636928,0.6014,0.6943,0.1767,0.0,0.00131,3.6,logs/vanilla_5b_4g/train_vanilla_4g_5b.log
vanilla,99700,3.2669696,0.5946,0.6885,0.1773,0.0,0.00131,3.5,logs/vanilla_5b_4g/train_vanilla_4g_5b.log
vanilla,99800,3.2702464,0.5985,0.6936,0.1821,0.0,0.00131,3.6,logs/vanilla_5b_4g/train_vanilla_4g_5b.log
vanilla,99900,3.2735232,0.5967,0.6938,0.1801,0.0,0.00131,3.6,logs/vanilla_5b_4g/train_vanilla_4g_5b.log
vanilla,100000,3.2768,0.5957,0.6886,0.1747,0.0,0.00131,3.6,logs/vanilla_5b_4g/train_vanilla_4g_5b.log
vanilla,100100,3.2800768,0.5928,0.6892,0.1829,0.0,0.00132,3.6,logs/vanilla_5b_4g/train_vanilla_4g_5b.log
vanilla,100200,3.2833536,0.5938,0.6913,0.1821,0.0,0.00132,3.6,logs/vanilla_5b_4g/train_vanilla_4g_5b.log
vanilla,100300,3.2866304,0.5878,0.6881,0.1857,0.0,0.00132,3.6,logs/vanilla_5b_4g/train_vanilla_4g_5b.log
vanilla,100400,3.2899072,0.5969,0.6914,0.1807,0.0,0.00132,3.6,logs/vanilla_5b_4g/train_vanilla_4g_5b.log
vanilla,100500,3.293184,0.5876,0.6866,0.1916,0.0,0.00132,3.6,logs/vanilla_5b_4g/train_vanilla_4g_5b.log
vanilla,100600,3.2964608,0.5866,0.6862,0.1865,0.0,0.00132,3.6,logs/vanilla_5b_4g/train_vanilla_4g_5b.log
vanilla,100700,3.2997376,0.5885,0.6863,0.1816,0.0,0.00132,3.6,logs/vanilla_5b_4g/train_vanilla_4g_5b.log
vanilla,100800,3.3030144,0.5882,0.6843,0.1844,0.0,0.00133,3.6,logs/vanilla_5b_4g/train_vanilla_4g_5b.log
vanilla,100900,3.3062912,0.5949,0.6929,0.1855,0.0,0.00133,3.6,logs/vanilla_5b_4g/train_vanilla_4g_5b.log
vanilla,101000,3.309568,0.5956,0.6875,0.1815,0.0,0.00133,3.6,logs/vanilla_5b_4g/train_vanilla_4g_5b.log
vanilla,101100,3.3128448,0.5947,0.6871,0.1757,0.0,0.00133,3.5,logs/vanilla_5b_4g/train_vanilla_4g_5b.log
vanilla,101200,3.3161216,0.5912,0.691,0.187,0.0,0.00133,3.6,logs/vanilla_5b_4g/train_vanilla_4g_5b.log
vanilla,101300,3.3193984,0.5951,0.69,0.1835,0.0,0.00133,3.6,logs/vanilla_5b_4g/train_vanilla_4g_5b.log
vanilla,101400,3.3226752,0.5984,0.6889,0.1685,0.0,0.00133,3.5,logs/vanilla_5b_4g/train_vanilla_4g_5b.log
vanilla,101500,3.325952,0.5874,0.6884,0.1796,0.0,0.00133,3.5,logs/vanilla_5b_4g/train_vanilla_4g_5b.log
vanilla,101600,3.3292288,0.6004,0.6906,0.173,0.0,0.00134,3.6,logs/vanilla_5b_4g/train_vanilla_4g_5b.log
vanilla,101700,3.3325056,0.5883,0.687,0.178,0.0,0.00134,3.6,logs/vanilla_5b_4g/train_vanilla_4g_5b.log
vanilla,101800,3.3357824,0.5854,0.6847,0.1899,0.0,0.00134,3.6,logs/vanilla_5b_4g/train_vanilla_4g_5b.log
vanilla,101900,3.3390592,0.6,0.6934,0.1815,0.0,0.00134,3.6,logs/vanilla_5b_4g/train_vanilla_4g_5b.log
vanilla,102000,3.342336,0.5946,0.6868,0.1907,0.0,0.00134,3.5,logs/vanilla_5b_4g/train_vanilla_4g_5b.log
vanilla,102100,3.3456128,0.5906,0.6838,0.1762,0.0,0.00134,3.6,logs/vanilla_5b_4g/train_vanilla_4g_5b.log
vanilla,102200,3.3488896,0.5939,0.6934,0.1827,0.0,0.00134,3.6,logs/vanilla_5b_4g/train_vanilla_4g_5b.log
vanilla,102300,3.3521664,0.5954,0.6897,0.1769,0.0,0.00134,3.6,logs/vanilla_5b_4g/train_vanilla_4g_5b.log
vanilla,102400,3.3554432,0.5922,0.6911,0.1868,0.0,0.00135,3.5,logs/vanilla_5b_4g/train_vanilla_4g_5b.log
vanilla,102500,3.35872,0.596,0.6887,0.1873,0.0,0.00135,3.5,logs/vanilla_5b_4g/train_vanilla_4g_5b.log
vanilla,102600,3.3619968,0.5893,0.6861,0.1843,0.0,0.00135,3.6,logs/vanilla_5b_4g/train_vanilla_4g_5b.log
vanilla,102700,3.3652736,0.5926,0.6925,0.1816,0.0,0.00135,3.6,logs/vanilla_5b_4g/train_vanilla_4g_5b.log
vanilla,102800,3.3685504,0.5913,0.6847,0.1881,0.0,0.00135,3.6,logs/vanilla_5b_4g/train_vanilla_4g_5b.log
vanilla,102900,3.3718272,0.5944,0.6917,0.1871,0.0,0.00135,3.6,logs/vanilla_5b_4g/train_vanilla_4g_5b.log
vanilla,103000,3.375104,0.5931,0.6907,0.1826,0.0,0.00135,3.6,logs/vanilla_5b_4g/train_vanilla_4g_5b.log
vanilla,103100,3.3783808,0.5948,0.687,0.1761,0.0,0.00136,3.6,logs/vanilla_5b_4g/train_vanilla_4g_5b.log
vanilla,103200,3.3816576,0.5931,0.691,0.1812,0.0,0.00136,3.6,logs/vanilla_5b_4g/train_vanilla_4g_5b.log
vanilla,103300,3.3849344,0.5924,0.6855,0.1794,0.0,0.00136,3.6,logs/vanilla_5b_4g/train_vanilla_4g_5b.log
vanilla,103400,3.3882112,0.5906,0.6902,0.1859,0.0,0.00136,3.6,logs/vanilla_5b_4g/train_vanilla_4g_5b.log
vanilla,103500,3.391488,0.6078,0.6949,0.177,0.0,0.00136,3.6,logs/vanilla_5b_4g/train_vanilla_4g_5b.log
vanilla,103600,3.3947648,0.5862,0.6877,0.1913,0.0,0.00136,3.5,logs/vanilla_5b_4g/train_vanilla_4g_5b.log
vanilla,103700,3.3980416,0.597,0.6872,0.1852,0.0,0.00136,3.6,logs/vanilla_5b_4g/train_vanilla_4g_5b.log
vanilla,103800,3.4013184,0.5965,0.6886,0.1789,0.0,0.00136,3.6,logs/vanilla_5b_4g/train_vanilla_4g_5b.log
vanilla,103900,3.4045952,0.6042,0.6901,0.1814,0.0,0.00137,3.6,logs/vanilla_5b_4g/train_vanilla_4g_5b.log
vanilla,104000,3.407872,0.5923,0.687,0.1804,0.0,0.00137,3.6,logs/vanilla_5b_4g/train_vanilla_4g_5b.log
vanilla,104100,3.4111488,0.5942,0.6919,0.1815,0.0,0.00137,3.5,logs/vanilla_5b_4g/train_vanilla_4g_5b.log
vanilla,104200,3.4144256,0.5997,0.6933,0.1794,0.0,0.00137,3.6,logs/vanilla_5b_4g/train_vanilla_4g_5b.log
vanilla,104300,3.4177024,0.5959,0.6895,0.1796,0.0,0.00137,3.6,logs/vanilla_5b_4g/train_vanilla_4g_5b.log
vanilla,104400,3.4209792,0.5932,0.6885,0.1959,0.0,0.00137,3.5,logs/vanilla_5b_4g/train_vanilla_4g_5b.log
vanilla,104500,3.424256,0.5887,0.6831,0.1855,0.0,0.00137,3.6,logs/vanilla_5b_4g/train_vanilla_4g_5b.log
vanilla,104600,3.4275328,0.5971,0.6874,0.1852,0.0,0.00138,3.5,logs/vanilla_5b_4g/train_vanilla_4g_5b.log
vanilla,104700,3.4308096,0.599,0.6884,0.1771,0.0,0.00138,3.6,logs/vanilla_5b_4g/train_vanilla_4g_5b.log
vanilla,104800,3.4340864,0.598,0.6906,0.1726,0.0,0.00138,3.6,logs/vanilla_5b_4g/train_vanilla_4g_5b.log
vanilla,104900,3.4373632,0.5915,0.6905,0.1822,0.0,0.00138,3.6,logs/vanilla_5b_4g/train_vanilla_4g_5b.log
vanilla,105000,3.44064,0.5984,0.6863,0.1844,0.0,0.00138,3.6,logs/vanilla_5b_4g/train_vanilla_4g_5b.log
vanilla,105100,3.4439168,0.5968,0.6897,0.1764,0.0,0.00138,3.5,logs/vanilla_5b_4g/train_vanilla_4g_5b.log
vanilla,105200,3.4471936,0.595,0.6867,0.1789,0.0,0.00138,3.5,logs/vanilla_5b_4g/train_vanilla_4g_5b.log
vanilla,105300,3.4504704,0.5959,0.6901,0.1779,0.0,0.00138,3.6,logs/vanilla_5b_4g/train_vanilla_4g_5b.log
vanilla,105400,3.4537472,0.5966,0.6942,0.1891,0.0,0.00139,3.6,logs/vanilla_5b_4g/train_vanilla_4g_5b.log
vanilla,105500,3.457024,0.5964,0.6934,0.1818,0.0,0.00139,3.5,logs/vanilla_5b_4g/train_vanilla_4g_5b.log
vanilla,105600,3.4603008,0.6037,0.695,0.1958,0.0,0.00139,3.6,logs/vanilla_5b_4g/train_vanilla_4g_5b.log
vanilla,105700,3.4635776,0.6032,0.6916,0.1791,0.0,0.00139,3.6,logs/vanilla_5b_4g/train_vanilla_4g_5b.log
vanilla,105800,3.4668544,0.5899,0.6859,0.1843,0.0,0.00139,3.6,logs/vanilla_5b_4g/train_vanilla_4g_5b.log
vanilla,105900,3.4701312,0.5931,0.6925,0.1883,0.0,0.00139,3.6,logs/vanilla_5b_4g/train_vanilla_4g_5b.log
vanilla,106000,3.473408,0.5965,0.6923,0.1867,0.0,0.00139,3.6,logs/vanilla_5b_4g/train_vanilla_4g_5b.log
vanilla,106100,3.4766848,0.6001,0.693,0.1853,0.0,0.00139,3.6,logs/vanilla_5b_4g/train_vanilla_4g_5b.log
vanilla,106200,3.4799616,0.5968,0.6908,0.1875,0.0,0.0014,3.6,logs/vanilla_5b_4g/train_vanilla_4g_5b.log
vanilla,106300,3.4832384,0.5941,0.6877,0.1866,0.0,0.0014,3.6,logs/vanilla_5b_4g/train_vanilla_4g_5b.log
vanilla,106400,3.4865152,0.5902,0.6851,0.1794,0.0,0.0014,3.6,logs/vanilla_5b_4g/train_vanilla_4g_5b.log
vanilla,106500,3.489792,0.594,0.6903,0.1889,0.0,0.0014,3.6,logs/vanilla_5b_4g/train_vanilla_4g_5b.log
vanilla,106600,3.4930688,0.5937,0.688,0.1832,0.0,0.0014,3.6,logs/vanilla_5b_4g/train_vanilla_4g_5b.log
vanilla,106700,3.4963456,0.5938,0.6924,0.1741,0.0,0.0014,3.6,logs/vanilla_5b_4g/train_vanilla_4g_5b.log
vanilla,106800,3.4996224,0.5992,0.6889,0.1824,0.0,0.0014,3.6,logs/vanilla_5b_4g/train_vanilla_4g_5b.log
vanilla,106900,3.5028992,0.5924,0.6883,0.1869,0.0,0.00141,3.6,logs/vanilla_5b_4g/train_vanilla_4g_5b.log
vanilla,107000,3.506176,0.589,0.6848,0.18,0.0,0.00141,3.6,logs/vanilla_5b_4g/train_vanilla_4g_5b.log
vanilla,107100,3.5094528,0.5992,0.6969,0.1888,0.0,0.00141,3.6,logs/vanilla_5b_4g/train_vanilla_4g_5b.log
vanilla,107200,3.5127296,0.5946,0.6885,0.184,0.0,0.00141,3.6,logs/vanilla_5b_4g/train_vanilla_4g_5b.log
vanilla,107300,3.5160064,0.585,0.6861,0.1915,0.0,0.00141,3.6,logs/vanilla_5b_4g/train_vanilla_4g_5b.log
vanilla,107400,3.5192832,0.6026,0.6932,0.1806,0.0,0.00141,3.6,logs/vanilla_5b_4g/train_vanilla_4g_5b.log
vanilla,107500,3.52256,0.5932,0.6885,0.1843,0.0,0.00141,3.6,logs/vanilla_5b_4g/train_vanilla_4g_5b.log
vanilla,107600,3.5258368,0.5916,0.6909,0.1881,0.0,0.00141,3.5,logs/vanilla_5b_4g/train_vanilla_4g_5b.log
vanilla,107700,3.5291136,0.59,0.6906,0.1859,0.0,0.00142,3.6,logs/vanilla_5b_4g/train_vanilla_4g_5b.log
vanilla,107800,3.5323904,0.5968,0.6904,0.182,0.0,0.00142,3.6,logs/vanilla_5b_4g/train_vanilla_4g_5b.log
vanilla,107900,3.5356672,0.5936,0.6923,0.1738,0.0,0.00142,3.6,logs/vanilla_5b_4g/train_vanilla_4g_5b.log
vanilla,108000,3.538944,0.5885,0.6825,0.182,0.0,0.00142,3.6,logs/vanilla_5b_4g/train_vanilla_4g_5b.log
vanilla,108100,3.5422208,0.591,0.6867,0.1888,0.0,0.00142,3.6,logs/vanilla_5b_4g/train_vanilla_4g_5b.log
vanilla,108200,3.5454976,0.5999,0.6918,0.1775,0.0,0.00142,3.6,logs/vanilla_5b_4g/train_vanilla_4g_5b.log
vanilla,108300,3.5487744,0.5945,0.6846,0.1863,0.0,0.00142,3.6,logs/vanilla_5b_4g/train_vanilla_4g_5b.log
vanilla,108400,3.5520512,0.5981,0.6911,0.1857,0.0,0.00143,3.5,logs/vanilla_5b_4g/train_vanilla_4g_5b.log
vanilla,108500,3.555328,0.5996,0.6953,0.1878,0.0,0.00143,3.6,logs/vanilla_5b_4g/train_vanilla_4g_5b.log
vanilla,108600,3.5586048,0.5947,0.6881,0.1877,0.0,0.00143,3.6,logs/vanilla_5b_4g/train_vanilla_4g_5b.log
vanilla,108700,3.5618816,0.5948,0.6857,0.1857,0.0,0.00143,3.6,logs/vanilla_5b_4g/train_vanilla_4g_5b.log
vanilla,108800,3.5651584,0.6019,0.6911,0.1829,0.0,0.00143,3.6,logs/vanilla_5b_4g/train_vanilla_4g_5b.log
vanilla,108900,3.5684352,0.595,0.6899,0.175,0.0,0.00143,3.6,logs/vanilla_5b_4g/train_vanilla_4g_5b.log
vanilla,109000,3.571712,0.5925,0.6865,0.1849,0.0,0.00143,3.6,logs/vanilla_5b_4g/train_vanilla_4g_5b.log
vanilla,109100,3.5749888,0.5971,0.688,0.1851,0.0,0.00143,3.6,logs/vanilla_5b_4g/train_vanilla_4g_5b.log
vanilla,109200,3.5782656,0.5918,0.6908,0.178,0.0,0.00144,3.6,logs/vanilla_5b_4g/train_vanilla_4g_5b.log
vanilla,109300,3.5815424,0.5961,0.6963,0.1805,0.0,0.00144,3.6,logs/vanilla_5b_4g/train_vanilla_4g_5b.log
vanilla,109400,3.5848192,0.597,0.6885,0.1816,0.0,0.00144,3.6,logs/vanilla_5b_4g/train_vanilla_4g_5b.log
vanilla,109500,3.588096,0.5999,0.6945,0.1863,0.0,0.00144,3.6,logs/vanilla_5b_4g/train_vanilla_4g_5b.log
vanilla,109600,3.5913728,0.591,0.6849,0.1866,0.0,0.00144,3.6,logs/vanilla_5b_4g/train_vanilla_4g_5b.log
vanilla,109700,3.5946496,0.5932,0.6937,0.1867,0.0,0.00144,3.6,logs/vanilla_5b_4g/train_vanilla_4g_5b.log
vanilla,109800,3.5979264,0.599,0.6903,0.1813,0.0,0.00144,3.6,logs/vanilla_5b_4g/train_vanilla_4g_5b.log
vanilla,109900,3.6012032,0.5972,0.6885,0.1891,0.0,0.00144,3.6,logs/vanilla_5b_4g/train_vanilla_4g_5b.log
vanilla,110000,3.60448,0.6011,0.6919,0.1839,0.0,0.00145,3.6,logs/vanilla_5b_4g/train_vanilla_4g_5b.log
vanilla,110100,3.6077568,0.5996,0.6918,0.1835,0.0,0.00145,3.6,logs/vanilla_5b_4g/train_vanilla_4g_5b.log
vanilla,110200,3.6110336,0.5917,0.6914,0.1782,0.0,0.00145,3.5,logs/vanilla_5b_4g/train_vanilla_4g_5b.log
vanilla,110300,3.6143104,0.5953,0.6893,0.1846,0.0,0.00145,3.6,logs/vanilla_5b_4g/train_vanilla_4g_5b.log
vanilla,110400,3.6175872,0.5967,0.6866,0.1825,0.0,0.00145,3.6,logs/vanilla_5b_4g/train_vanilla_4g_5b.log
vanilla,110500,3.620864,0.5956,0.6904,0.181,0.0,0.00145,3.5,logs/vanilla_5b_4g/train_vanilla_4g_5b.log
vanilla,110600,3.6241408,0.5964,0.6942,0.1834,0.0,0.00145,3.5,logs/vanilla_5b_4g/train_vanilla_4g_5b.log
vanilla,110700,3.6274176,0.5976,0.688,0.1766,0.0,0.00146,3.5,logs/vanilla_5b_4g/train_vanilla_4g_5b.log
vanilla,110800,3.6306944,0.5987,0.6922,0.1841,0.0,0.00146,3.6,logs/vanilla_5b_4g/train_vanilla_4g_5b.log
vanilla,110900,3.6339712,0.5966,0.6908,0.1833,0.0,0.00146,3.5,logs/vanilla_5b_4g/train_vanilla_4g_5b.log
vanilla,111000,3.637248,0.5988,0.6947,0.179,0.0,0.00146,3.6,logs/vanilla_5b_4g/train_vanilla_4g_5b.log
vanilla,111100,3.6405248,0.5995,0.6902,0.1854,0.0,0.00146,3.6,logs/vanilla_5b_4g/train_vanilla_4g_5b.log
vanilla,111200,3.6438016,0.5972,0.6887,0.1886,0.0,0.00146,3.6,logs/vanilla_5b_4g/train_vanilla_4g_5b.log
vanilla,111300,3.6470784,0.5975,0.6874,0.1802,0.0,0.00146,3.6,logs/vanilla_5b_4g/train_vanilla_4g_5b.log
vanilla,111400,3.6503552,0.5886,0.6886,0.1841,0.0,0.00146,3.6,logs/vanilla_5b_4g/train_vanilla_4g_5b.log
vanilla,111500,3.653632,0.6081,0.6977,0.1804,0.0,0.00147,3.6,logs/vanilla_5b_4g/train_vanilla_4g_5b.log
vanilla,111600,3.6569088,0.6037,0.6904,0.1765,0.0,0.00147,3.6,logs/vanilla_5b_4g/train_vanilla_4g_5b.log
vanilla,111700,3.6601856,0.5892,0.6861,0.1859,0.0,0.00147,3.6,logs/vanilla_5b_4g/train_vanilla_4g_5b.log
vanilla,111800,3.6634624,0.5955,0.686,0.1793,0.0,0.00147,3.6,logs/vanilla_5b_4g/train_vanilla_4g_5b.log
vanilla,111900,3.6667392,0.5919,0.6919,0.1988,0.0,0.00147,3.6,logs/vanilla_5b_4g/train_vanilla_4g_5b.log
vanilla,112000,3.670016,0.6061,0.7001,0.1776,0.0,0.00147,3.6,logs/vanilla_5b_4g/train_vanilla_4g_5b.log
vanilla,112100,3.6732928,0.6013,0.6921,0.1935,0.0,0.00147,3.6,logs/vanilla_5b_4g/train_vanilla_4g_5b.log
vanilla,112200,3.6765696,0.591,0.6864,0.1816,0.0,0.00147,3.6,logs/vanilla_5b_4g/train_vanilla_4g_5b.log
vanilla,112300,3.6798464,0.6047,0.6937,0.1774,0.0,0.00148,3.6,logs/vanilla_5b_4g/train_vanilla_4g_5b.log
vanilla,112400,3.6831232,0.5991,0.6894,0.1825,0.0,0.00148,3.6,logs/vanilla_5b_4g/train_vanilla_4g_5b.log
vanilla,112500,3.6864,0.5955,0.6902,0.1848,0.0,0.00148,3.6,logs/vanilla_5b_4g/train_vanilla_4g_5b.log
vanilla,112600,3.6896768,0.5968,0.6929,0.1805,0.0,0.00148,3.6,logs/vanilla_5b_4g/train_vanilla_4g_5b.log
vanilla,112700,3.6929536,0.5963,0.6866,0.185,0.0,0.00148,3.6,logs/vanilla_5b_4g/train_vanilla_4g_5b.log
vanilla,112800,3.6962304,0.5981,0.6931,0.183,0.0,0.00148,3.6,logs/vanilla_5b_4g/train_vanilla_4g_5b.log
vanilla,112900,3.6995072,0.5937,0.6882,0.1833,0.0,0.00148,3.6,logs/vanilla_5b_4g/train_vanilla_4g_5b.log
vanilla,113000,3.702784,0.5969,0.6902,0.1841,0.0,0.00149,3.6,logs/vanilla_5b_4g/train_vanilla_4g_5b.log
vanilla,113100,3.7060608,0.5909,0.6842,0.1958,0.0,0.00149,3.6,logs/vanilla_5b_4g/train_vanilla_4g_5b.log
vanilla,113200,3.7093376,0.5937,0.6919,0.1873,0.0,0.00149,3.6,logs/vanilla_5b_4g/train_vanilla_4g_5b.log
vanilla,113300,3.7126144,0.5935,0.6919,0.1864,0.0,0.00149,3.6,logs/vanilla_5b_4g/train_vanilla_4g_5b.log
vanilla,113400,3.7158912,0.5845,0.6866,0.1939,0.0,0.00149,3.6,logs/vanilla_5b_4g/train_vanilla_4g_5b.log
vanilla,113500,3.719168,0.5928,0.6914,0.1918,0.0,0.00149,3.6,logs/vanilla_5b_4g/train_vanilla_4g_5b.log
vanilla,113600,3.7224448,0.5983,0.6933,0.1816,0.0,0.00149,3.6,logs/vanilla_5b_4g/train_vanilla_4g_5b.log
vanilla,113700,3.7257216,0.6031,0.6944,0.1877,0.0,0.00149,3.6,logs/vanilla_5b_4g/train_vanilla_4g_5b.log
vanilla,113800,3.7289984,0.5932,0.6855,0.1888,0.0,0.0015,3.6,logs/vanilla_5b_4g/train_vanilla_4g_5b.log
vanilla,113900,3.7322752,0.5937,0.69,0.1896,0.0,0.0015,3.5,logs/vanilla_5b_4g/train_vanilla_4g_5b.log
vanilla,114000,3.735552,0.5962,0.6896,0.1813,0.0,0.0015,3.5,logs/vanilla_5b_4g/train_vanilla_4g_5b.log
vanilla,114100,3.7388288,0.5991,0.6928,0.1816,0.0,0.0015,3.5,logs/vanilla_5b_4g/train_vanilla_4g_5b.log
vanilla,114200,3.7421056,0.59,0.6873,0.1932,0.0,0.0015,3.5,logs/vanilla_5b_4g/train_vanilla_4g_5b.log
vanilla,114300,3.7453824,0.5929,0.6887,0.1885,0.0,0.0015,3.6,logs/vanilla_5b_4g/train_vanilla_4g_5b.log
vanilla,114400,3.7486592,0.5999,0.6899,0.1792,0.0,0.0015,3.6,logs/vanilla_5b_4g/train_vanilla_4g_5b.log
vanilla,114500,3.751936,0.5998,0.6979,0.1896,0.0,0.00151,3.6,logs/vanilla_5b_4g/train_vanilla_4g_5b.log
vanilla,114600,3.7552128,0.5969,0.6859,0.183,0.0,0.00151,3.6,logs/vanilla_5b_4g/train_vanilla_4g_5b.log
vanilla,114700,3.7584896,0.5922,0.6885,0.1887,0.0,0.00151,3.6,logs/vanilla_5b_4g/train_vanilla_4g_5b.log
vanilla,114800,3.7617664,0.5989,0.6883,0.1798,0.0,0.00151,3.5,logs/vanilla_5b_4g/train_vanilla_4g_5b.log
vanilla,114900,3.7650432,0.5941,0.6887,0.1879,0.0,0.00151,3.6,logs/vanilla_5b_4g/train_vanilla_4g_5b.log
vanilla,115000,3.76832,0.5941,0.6893,0.1857,0.0,0.00151,3.6,logs/vanilla_5b_4g/train_vanilla_4g_5b.log
vanilla,115100,3.7715968,0.5944,0.6874,0.1821,0.0,0.00151,3.6,logs/vanilla_5b_4g/train_vanilla_4g_5b.log
vanilla,115200,3.7748736,0.5938,0.6879,0.1827,0.0,0.00151,3.6,logs/vanilla_5b_4g/train_vanilla_4g_5b.log
vanilla,115300,3.7781504,0.5927,0.6892,0.1912,0.0,0.00152,3.6,logs/vanilla_5b_4g/train_vanilla_4g_5b.log
vanilla,115400,3.7814272,0.5931,0.6882,0.1923,0.0,0.00152,3.6,logs/vanilla_5b_4g/train_vanilla_4g_5b.log
vanilla,115500,3.784704,0.6007,0.6928,0.184,0.0,0.00152,3.6,logs/vanilla_5b_4g/train_vanilla_4g_5b.log
vanilla,115600,3.7879808,0.5943,0.6877,0.1846,0.0,0.00152,3.6,logs/vanilla_5b_4g/train_vanilla_4g_5b.log
vanilla,115700,3.7912576,0.5972,0.6889,0.1863,0.0,0.00152,3.6,logs/vanilla_5b_4g/train_vanilla_4g_5b.log
vanilla,115800,3.7945344,0.5949,0.6881,0.1894,0.0,0.00152,3.6,logs/vanilla_5b_4g/train_vanilla_4g_5b.log
vanilla,115900,3.7978112,0.5933,0.694,0.1916,0.0,0.00152,3.6,logs/vanilla_5b_4g/train_vanilla_4g_5b.log
vanilla,116000,3.801088,0.602,0.6897,0.1809,0.0,0.00153,3.6,logs/vanilla_5b_4g/train_vanilla_4g_5b.log
vanilla,116100,3.8043648,0.5947,0.6902,0.1938,0.0,0.00153,3.6,logs/vanilla_5b_4g/train_vanilla_4g_5b.log
vanilla,116200,3.8076416,0.5953,0.6919,0.1886,0.0,0.00153,3.6,logs/vanilla_5b_4g/train_vanilla_4g_5b.log
vanilla,116300,3.8109184,0.5917,0.6879,0.186,0.0,0.00153,3.6,logs/vanilla_5b_4g/train_vanilla_4g_5b.log
vanilla,116400,3.8141952,0.5915,0.6865,0.1806,0.0,0.00153,3.6,logs/vanilla_5b_4g/train_vanilla_4g_5b.log
vanilla,116500,3.817472,0.5919,0.6936,0.1943,0.0,0.00153,3.6,logs/vanilla_5b_4g/train_vanilla_4g_5b.log
vanilla,116600,3.8207488,0.5904,0.6934,0.1877,0.0,0.00153,3.6,logs/vanilla_5b_4g/train_vanilla_4g_5b.log
vanilla,116700,3.8240256,0.5945,0.6885,0.1878,0.0,0.00153,3.6,logs/vanilla_5b_4g/train_vanilla_4g_5b.log
vanilla,116800,3.8273024,0.5951,0.6967,0.1814,0.0,0.00154,3.6,logs/vanilla_5b_4g/train_vanilla_4g_5b.log
vanilla,116900,3.8305792,0.5977,0.689,0.1782,0.0,0.00154,3.6,logs/vanilla_5b_4g/train_vanilla_4g_5b.log
vanilla,117000,3.833856,0.6022,0.6901,0.1787,0.0,0.00154,3.6,logs/vanilla_5b_4g/train_vanilla_4g_5b.log
vanilla,117100,3.8371328,0.5935,0.6939,0.1901,0.0,0.00154,3.6,logs/vanilla_5b_4g/train_vanilla_4g_5b.log
vanilla,117200,3.8404096,0.5979,0.6946,0.1883,0.0,0.00154,3.6,logs/vanilla_5b_4g/train_vanilla_4g_5b.log
vanilla,117300,3.8436864,0.5975,0.6929,0.1828,0.0,0.00154,3.6,logs/vanilla_5b_4g/train_vanilla_4g_5b.log
vanilla,117400,3.8469632,0.5931,0.6888,0.1856,0.0,0.00154,3.6,logs/vanilla_5b_4g/train_vanilla_4g_5b.log
vanilla,117500,3.85024,0.6007,0.6906,0.1832,0.0,0.00154,3.6,logs/vanilla_5b_4g/train_vanilla_4g_5b.log
vanilla,117600,3.8535168,0.5974,0.6925,0.1846,0.0,0.00155,3.6,logs/vanilla_5b_4g/train_vanilla_4g_5b.log
vanilla,117700,3.8567936,0.5951,0.6889,0.1815,0.0,0.00155,3.6,logs/vanilla_5b_4g/train_vanilla_4g_5b.log
vanilla,117800,3.8600704,0.5959,0.6884,0.1856,0.0,0.00155,3.6,logs/vanilla_5b_4g/train_vanilla_4g_5b.log
vanilla,117900,3.8633472,0.6023,0.6913,0.1828,0.0,0.00155,3.6,logs/vanilla_5b_4g/train_vanilla_4g_5b.log
vanilla,118000,3.866624,0.5975,0.6913,0.1874,0.0,0.00155,3.6,logs/vanilla_5b_4g/train_vanilla_4g_5b.log
vanilla,118100,3.8699008,0.5901,0.6904,0.1903,0.0,0.00155,3.6,logs/vanilla_5b_4g/train_vanilla_4g_5b.log
vanilla,118200,3.8731776,0.5933,0.6866,0.1889,0.0,0.00155,3.6,logs/vanilla_5b_4g/train_vanilla_4g_5b.log
vanilla,118300,3.8764544,0.5987,0.6895,0.1813,0.0,0.00156,3.6,logs/vanilla_5b_4g/train_vanilla_4g_5b.log
vanilla,118400,3.8797312,0.5945,0.6891,0.1783,0.0,0.00156,3.6,logs/vanilla_5b_4g/train_vanilla_4g_5b.log
vanilla,118500,3.883008,0.5974,0.6856,0.186,0.0,0.00156,3.6,logs/vanilla_5b_4g/train_vanilla_4g_5b.log
vanilla,118600,3.8862848,0.5973,0.6943,0.1888,0.0,0.00156,3.6,logs/vanilla_5b_4g/train_vanilla_4g_5b.log
vanilla,118700,3.8895616,0.5998,0.6958,0.1862,0.0,0.00156,3.6,logs/vanilla_5b_4g/train_vanilla_4g_5b.log
vanilla,118800,3.8928384,0.5988,0.6883,0.1848,0.0,0.00156,3.6,logs/vanilla_5b_4g/train_vanilla_4g_5b.log
vanilla,118900,3.8961152,0.5994,0.6906,0.1863,0.0,0.00156,3.7,logs/vanilla_5b_4g/train_vanilla_4g_5b.log
vanilla,119000,3.899392,0.5916,0.688,0.1867,0.0,0.00156,3.6,logs/vanilla_5b_4g/train_vanilla_4g_5b.log
vanilla,119100,3.9026688,0.6004,0.6909,0.18,0.0,0.00157,3.6,logs/vanilla_5b_4g/train_vanilla_4g_5b.log
vanilla,119200,3.9059456,0.5983,0.6923,0.1861,0.0,0.00157,3.6,logs/vanilla_5b_4g/train_vanilla_4g_5b.log
vanilla,119300,3.9092224,0.5987,0.6935,0.1826,0.0,0.00157,3.6,logs/vanilla_5b_4g/train_vanilla_4g_5b.log
vanilla,119400,3.9124992,0.5965,0.694,0.1876,0.0,0.00157,3.6,logs/vanilla_5b_4g/train_vanilla_4g_5b.log
vanilla,119500,3.915776,0.6012,0.6896,0.1785,0.0,0.00157,3.6,logs/vanilla_5b_4g/train_vanilla_4g_5b.log
vanilla,119600,3.9190528,0.5942,0.6911,0.1804,0.0,0.00157,3.5,logs/vanilla_5b_4g/train_vanilla_4g_5b.log
vanilla,119700,3.9223296,0.5925,0.6884,0.1815,0.0,0.00157,3.5,logs/vanilla_5b_4g/train_vanilla_4g_5b.log
vanilla,119800,3.9256064,0.5962,0.6882,0.1808,0.0,0.00157,3.6,logs/vanilla_5b_4g/train_vanilla_4g_5b.log
vanilla,119900,3.9288832,0.5971,0.6888,0.1854,0.0,0.00158,3.6,logs/vanilla_5b_4g/train_vanilla_4g_5b.log
vanilla,120000,3.93216,0.5966,0.6956,0.1804,0.0,0.00158,3.5,logs/vanilla_5b_4g/train_vanilla_4g_5b.log
vanilla,120100,3.9354368,0.5921,0.6901,0.1873,0.0,0.00158,3.6,logs/vanilla_5b_4g/train_vanilla_4g_5b.log
vanilla,120200,3.9387136,0.594,0.6951,0.1904,0.0,0.00158,3.6,logs/vanilla_5b_4g/train_vanilla_4g_5b.log
vanilla,120300,3.9419904,0.5984,0.6912,0.1895,0.0,0.00158,3.6,logs/vanilla_5b_4g/train_vanilla_4g_5b.log
vanilla,120400,3.9452672,0.6007,0.688,0.1863,0.0,0.00158,3.6,logs/vanilla_5b_4g/train_vanilla_4g_5b.log
vanilla,120500,3.948544,0.5927,0.6864,0.1915,0.0,0.00158,3.6,logs/vanilla_5b_4g/train_vanilla_4g_5b.log
vanilla,120600,3.9518208,0.5992,0.6929,0.1904,0.0,0.00159,3.6,logs/vanilla_5b_4g/train_vanilla_4g_5b.log
vanilla,120700,3.9550976,0.6033,0.6949,0.1873,0.0,0.00159,3.6,logs/vanilla_5b_4g/train_vanilla_4g_5b.log
vanilla,120800,3.9583744,0.5962,0.688,0.1833,0.0,0.00159,3.6,logs/vanilla_5b_4g/train_vanilla_4g_5b.log
vanilla,120900,3.9616512,0.5971,0.6916,0.1819,0.0,0.00159,3.5,logs/vanilla_5b_4g/train_vanilla_4g_5b.log
vanilla,121000,3.964928,0.5932,0.6906,0.2003,0.0,0.00159,3.5,logs/vanilla_5b_4g/train_vanilla_4g_5b.log
vanilla,121100,3.9682048,0.601,0.693,0.1836,0.0,0.00159,3.6,logs/vanilla_5b_4g/train_vanilla_4g_5b.log
vanilla,121200,3.9714816,0.6,0.6951,0.1802,0.0,0.00159,3.6,logs/vanilla_5b_4g/train_vanilla_4g_5b.log
vanilla,121300,3.9747584,0.6118,0.6975,0.1756,0.0,0.00159,3.6,logs/vanilla_5b_4g/train_vanilla_4g_5b.log
vanilla,121400,3.9780352,0.5885,0.6871,0.1968,0.0,0.0016,3.6,logs/vanilla_5b_4g/train_vanilla_4g_5b.log
vanilla,121500,3.981312,0.5935,0.6914,0.1853,0.0,0.0016,3.6,logs/vanilla_5b_4g/train_vanilla_4g_5b.log
vanilla,121600,3.9845888,0.5929,0.6902,0.1872,0.0,0.0016,3.6,logs/vanilla_5b_4g/train_vanilla_4g_5b.log
vanilla,121700,3.9878656,0.603,0.6907,0.1818,0.0,0.0016,3.6,logs/vanilla_5b_4g/train_vanilla_4g_5b.log
vanilla,121800,3.9911424,0.591,0.6848,0.1854,0.0,0.0016,3.6,logs/vanilla_5b_4g/train_vanilla_4g_5b.log
vanilla,121900,3.9944192,0.5988,0.697,0.1926,0.0,0.0016,3.5,logs/vanilla_5b_4g/train_vanilla_4g_5b.log
vanilla,122000,3.997696,0.5988,0.6948,0.1853,0.0,0.0016,3.5,logs/vanilla_5b_4g/train_vanilla_4g_5b.log
vanilla,122100,4.0009728,0.5979,0.6896,0.1871,0.0,0.00161,3.6,logs/vanilla_5b_4g/train_vanilla_4g_5b.log
vanilla,122200,4.0042496,0.5942,0.6908,0.1924,0.0,0.00161,3.6,logs/vanilla_5b_4g/train_vanilla_4g_5b.log
vanilla,122300,4.0075264,0.5926,0.6902,0.1907,0.0,0.00161,3.6,logs/vanilla_5b_4g/train_vanilla_4g_5b.log
vanilla,122400,4.0108032,0.5928,0.6836,0.1739,0.0,0.00161,3.5,logs/vanilla_5b_4g/train_vanilla_4g_5b.log
vanilla,122500,4.01408,0.5982,0.691,0.1848,0.0,0.00161,3.6,logs/vanilla_5b_4g/train_vanilla_4g_5b.log
vanilla,122600,4.0173568,0.602,0.695,0.185,0.0,0.00161,3.6,logs/vanilla_5b_4g/train_vanilla_4g_5b.log
vanilla,122700,4.0206336,0.5988,0.6963,0.195,0.0,0.00161,3.6,logs/vanilla_5b_4g/train_vanilla_4g_5b.log
vanilla,122800,4.0239104,0.5961,0.6923,0.1874,0.0,0.00161,3.7,logs/vanilla_5b_4g/train_vanilla_4g_5b.log
vanilla,122900,4.0271872,0.5885,0.6904,0.1971,0.0,0.00162,3.6,logs/vanilla_5b_4g/train_vanilla_4g_5b.log
vanilla,123000,4.030464,0.6019,0.6936,0.1803,0.0,0.00162,3.6,logs/vanilla_5b_4g/train_vanilla_4g_5b.log
vanilla,123100,4.0337408,0.6007,0.6954,0.1853,0.0,0.00162,3.6,logs/vanilla_5b_4g/train_vanilla_4g_5b.log
vanilla,123200,4.0370176,0.5997,0.692,0.1842,0.0,0.00162,3.6,logs/vanilla_5b_4g/train_vanilla_4g_5b.log
vanilla,123300,4.0402944,0.599,0.6931,0.1902,0.0,0.00162,3.6,logs/vanilla_5b_4g/train_vanilla_4g_5b.log
vanilla,123400,4.0435712,0.595,0.6854,0.186,0.0,0.00162,3.6,logs/vanilla_5b_4g/train_vanilla_4g_5b.log
vanilla,123500,4.046848,0.6063,0.6926,0.1724,0.0,0.00162,3.6,logs/vanilla_5b_4g/train_vanilla_4g_5b.log
vanilla,123600,4.0501248,0.5978,0.6911,0.1781,0.0,0.00162,3.6,logs/vanilla_5b_4g/train_vanilla_4g_5b.log
vanilla,123700,4.0534016,0.594,0.6871,0.185,0.0,0.00163,3.6,logs/vanilla_5b_4g/train_vanilla_4g_5b.log
vanilla,123800,4.0566784,0.603,0.6935,0.1841,0.0,0.00163,3.6,logs/vanilla_5b_4g/train_vanilla_4g_5b.log
vanilla,123900,4.0599552,0.5907,0.6883,0.1912,0.0,0.00163,3.5,logs/vanilla_5b_4g/train_vanilla_4g_5b.log
vanilla,124000,4.063232,0.5966,0.6893,0.1844,0.0,0.00163,3.5,logs/vanilla_5b_4g/train_vanilla_4g_5b.log
vanilla,124100,4.0665088,0.598,0.6887,0.1883,0.0,0.00163,3.6,logs/vanilla_5b_4g/train_vanilla_4g_5b.log
vanilla,124200,4.0697856,0.6007,0.69,0.1833,0.0,0.00163,3.6,logs/vanilla_5b_4g/train_vanilla_4g_5b.log
vanilla,124300,4.0730624,0.5927,0.6866,0.1872,0.0,0.00163,3.6,logs/vanilla_5b_4g/train_vanilla_4g_5b.log
vanilla,124400,4.0763392,0.5972,0.6896,0.1895,0.0,0.00164,3.6,logs/vanilla_5b_4g/train_vanilla_4g_5b.log
vanilla,124500,4.079616,0.5906,0.6839,0.1929,0.0,0.00164,3.6,logs/vanilla_5b_4g/train_vanilla_4g_5b.log
vanilla,124600,4.0828928,0.5978,0.689,0.1918,0.0,0.00164,3.6,logs/vanilla_5b_4g/train_vanilla_4g_5b.log
vanilla,124700,4.0861696,0.5967,0.6934,0.1849,0.0,0.00164,3.6,logs/vanilla_5b_4g/train_vanilla_4g_5b.log
vanilla,124800,4.0894464,0.5997,0.694,0.19,0.0,0.00164,3.6,logs/vanilla_5b_4g/train_vanilla_4g_5b.log
vanilla,124900,4.0927232,0.6033,0.699,0.1817,0.0,0.00164,3.6,logs/vanilla_5b_4g/train_vanilla_4g_5b.log
vanilla,125000,4.096,0.5995,0.6921,0.1889,0.0,0.00164,3.6,logs/vanilla_5b_4g/train_vanilla_4g_5b.log
vanilla,125100,4.0992768,0.5915,0.6866,0.1852,0.0,0.00164,3.6,logs/vanilla_5b_4g/train_vanilla_4g_5b.log
vanilla,125200,4.1025536,0.5984,0.692,0.1939,0.0,0.00165,3.6,logs/vanilla_5b_4g/train_vanilla_4g_5b.log
vanilla,125300,4.1058304,0.5979,0.6888,0.1913,0.0,0.00165,3.6,logs/vanilla_5b_4g/train_vanilla_4g_5b.log
vanilla,125400,4.1091072,0.5996,0.691,0.1864,0.0,0.00165,3.6,logs/vanilla_5b_4g/train_vanilla_4g_5b.log
vanilla,125500,4.112384,0.5997,0.6877,0.1899,0.0,0.00165,3.6,logs/vanilla_5b_4g/train_vanilla_4g_5b.log
vanilla,125600,4.1156608,0.602,0.695,0.1882,0.0,0.00165,3.6,logs/vanilla_5b_4g/train_vanilla_4g_5b.log
vanilla,125700,4.1189376,0.5976,0.6895,0.1891,0.0,0.00165,3.6,logs/vanilla_5b_4g/train_vanilla_4g_5b.log
vanilla,125800,4.1222144,0.5955,0.6871,0.1807,0.0,0.00165,3.6,logs/vanilla_5b_4g/train_vanilla_4g_5b.log
vanilla,125900,4.1254912,0.6001,0.6945,0.1861,0.0,0.00166,3.6,logs/vanilla_5b_4g/train_vanilla_4g_5b.log
vanilla,126000,4.128768,0.5958,0.6871,0.1841,0.0,0.00166,3.6,logs/vanilla_5b_4g/train_vanilla_4g_5b.log
vanilla,126100,4.1320448,0.605,0.6913,0.1732,0.0,0.00166,3.6,logs/vanilla_5b_4g/train_vanilla_4g_5b.log
vanilla,126200,4.1353216,0.5989,0.6871,0.1849,0.0,0.00166,3.6,logs/vanilla_5b_4g/train_vanilla_4g_5b.log
vanilla,126300,4.1385984,0.5975,0.6922,0.1843,0.0,0.00166,3.6,logs/vanilla_5b_4g/train_vanilla_4g_5b.log
vanilla,126400,4.1418752,0.5966,0.6968,0.1912,0.0,0.00166,3.6,logs/vanilla_5b_4g/train_vanilla_4g_5b.log
vanilla,126500,4.145152,0.5947,0.6908,0.2003,0.0,0.00166,3.6,logs/vanilla_5b_4g/train_vanilla_4g_5b.log
vanilla,126600,4.1484288,0.5919,0.6875,0.1856,0.0,0.00166,3.6,logs/vanilla_5b_4g/train_vanilla_4g_5b.log
vanilla,126700,4.1517056,0.6046,0.6955,0.181,0.0,0.00167,3.6,logs/vanilla_5b_4g/train_vanilla_4g_5b.log
vanilla,126800,4.1549824,0.6007,0.6924,0.1898,0.0,0.00167,3.6,logs/vanilla_5b_4g/train_vanilla_4g_5b.log
vanilla,126900,4.1582592,0.591,0.6887,0.1813,0.0,0.00167,3.6,logs/vanilla_5b_4g/train_vanilla_4g_5b.log
vanilla,127000,4.161536,0.5986,0.6927,0.188,0.0,0.00167,3.5,logs/vanilla_5b_4g/train_vanilla_4g_5b.log
vanilla,127100,4.1648128,0.6007,0.6965,0.1881,0.0,0.00167,3.6,logs/vanilla_5b_4g/train_vanilla_4g_5b.log
vanilla,127200,4.1680896,0.6022,0.6929,0.1808,0.0,0.00167,3.6,logs/vanilla_5b_4g/train_vanilla_4g_5b.log
vanilla,127300,4.1713664,0.6037,0.6944,0.1889,0.0,0.00167,3.6,logs/vanilla_5b_4g/train_vanilla_4g_5b.log
vanilla,127400,4.1746432,0.5958,0.6895,0.189,0.0,0.00167,3.6,logs/vanilla_5b_4g/train_vanilla_4g_5b.log
vanilla,127500,4.17792,0.6027,0.6993,0.1827,0.0,0.00168,3.6,logs/vanilla_5b_4g/train_vanilla_4g_5b.log
vanilla,127600,4.1811968,0.5969,0.6901,0.189,0.0,0.00168,3.5,logs/vanilla_5b_4g/train_vanilla_4g_5b.log
vanilla,127700,4.1844736,0.6017,0.6896,0.1875,0.0,0.00168,3.6,logs/vanilla_5b_4g/train_vanilla_4g_5b.log
vanilla,127800,4.1877504,0.593,0.6874,0.186,0.0,0.00168,3.6,logs/vanilla_5b_4g/train_vanilla_4g_5b.log
vanilla,127900,4.1910272,0.6021,0.6954,0.1849,0.0,0.00168,3.7,logs/vanilla_5b_4g/train_vanilla_4g_5b.log
vanilla,128000,4.194304,0.6028,0.6876,0.1785,0.0,0.00168,3.6,logs/vanilla_5b_4g/train_vanilla_4g_5b.log
vanilla,128100,4.1975808,0.5949,0.6942,0.1944,0.0,0.00168,3.6,logs/vanilla_5b_4g/train_vanilla_4g_5b.log
vanilla,128200,4.2008576,0.5966,0.6907,0.1869,0.0,0.00169,3.6,logs/vanilla_5b_4g/train_vanilla_4g_5b.log
vanilla,128300,4.2041344,0.5947,0.6888,0.1858,0.0,0.00169,3.6,logs/vanilla_5b_4g/train_vanilla_4g_5b.log
vanilla,128400,4.2074112,0.5967,0.6889,0.1826,0.0,0.00169,3.6,logs/vanilla_5b_4g/train_vanilla_4g_5b.log
vanilla,128500,4.210688,0.5956,0.6938,0.1933,0.0,0.00169,3.6,logs/vanilla_5b_4g/train_vanilla_4g_5b.log
vanilla,128600,4.2139648,0.5998,0.6952,0.1827,0.0,0.00169,3.6,logs/vanilla_5b_4g/train_vanilla_4g_5b.log
vanilla,128700,4.2172416,0.597,0.6865,0.1886,0.0,0.00169,3.6,logs/vanilla_5b_4g/train_vanilla_4g_5b.log
vanilla,128800,4.2205184,0.5976,0.6906,0.1889,0.0,0.00169,3.6,logs/vanilla_5b_4g/train_vanilla_4g_5b.log
vanilla,128900,4.2237952,0.5967,0.6938,0.1887,0.0,0.00169,3.6,logs/vanilla_5b_4g/train_vanilla_4g_5b.log
vanilla,129000,4.227072,0.5922,0.692,0.1923,0.0,0.0017,3.6,logs/vanilla_5b_4g/train_vanilla_4g_5b.log
vanilla,129100,4.2303488,0.5933,0.6887,0.1825,0.0,0.0017,3.6,logs/vanilla_5b_4g/train_vanilla_4g_5b.log
vanilla,129200,4.2336256,0.5951,0.6894,0.1919,0.0,0.0017,3.6,logs/vanilla_5b_4g/train_vanilla_4g_5b.log
vanilla,129300,4.2369024,0.6014,0.6873,0.187,0.0,0.0017,3.6,logs/vanilla_5b_4g/train_vanilla_4g_5b.log
vanilla,129400,4.2401792,0.5979,0.6919,0.1941,0.0,0.0017,3.5,logs/vanilla_5b_4g/train_vanilla_4g_5b.log
vanilla,129500,4.243456,0.5982,0.6884,0.1842,0.0,0.0017,3.6,logs/vanilla_5b_4g/train_vanilla_4g_5b.log
vanilla,129600,4.2467328,0.6034,0.6976,0.1888,0.0,0.0017,3.6,logs/vanilla_5b_4g/train_vanilla_4g_5b.log
vanilla,129700,4.2500096,0.5924,0.6875,0.1848,0.0,0.00171,3.5,logs/vanilla_5b_4g/train_vanilla_4g_5b.log
vanilla,129800,4.2532864,0.6029,0.6926,0.1783,0.0,0.00171,3.6,logs/vanilla_5b_4g/train_vanilla_4g_5b.log
vanilla,129900,4.2565632,0.5935,0.6842,0.1865,0.0,0.00171,3.6,logs/vanilla_5b_4g/train_vanilla_4g_5b.log
vanilla,130000,4.25984,0.5973,0.6905,0.1883,0.0,0.00171,3.6,logs/vanilla_5b_4g/train_vanilla_4g_5b.log
vanilla,130100,4.2631168,0.5978,0.6918,0.1862,0.0,0.00171,3.6,logs/vanilla_5b_4g/train_vanilla_4g_5b.log
vanilla,130200,4.2663936,0.5993,0.6907,0.1874,0.0,0.00171,3.6,logs/vanilla_5b_4g/train_vanilla_4g_5b.log
vanilla,130300,4.2696704,0.5944,0.6882,0.1902,0.0,0.00171,3.6,logs/vanilla_5b_4g/train_vanilla_4g_5b.log
vanilla,130400,4.2729472,0.6012,0.6917,0.1816,0.0,0.00171,3.5,logs/vanilla_5b_4g/train_vanilla_4g_5b.log
vanilla,130500,4.276224,0.5985,0.697,0.1867,0.0,0.00172,3.6,logs/vanilla_5b_4g/train_vanilla_4g_5b.log
vanilla,130600,4.2795008,0.6034,0.6928,0.185,0.0,0.00172,3.6,logs/vanilla_5b_4g/train_vanilla_4g_5b.log
vanilla,130700,4.2827776,0.6096,0.6984,0.1842,0.0,0.00172,3.7,logs/vanilla_5b_4g/train_vanilla_4g_5b.log
vanilla,130800,4.2860544,0.601,0.6916,0.1909,0.0,0.00172,3.6,logs/vanilla_5b_4g/train_vanilla_4g_5b.log
vanilla,130900,4.2893312,0.5991,0.6874,0.1831,0.0,0.00172,3.6,logs/vanilla_5b_4g/train_vanilla_4g_5b.log
vanilla,131000,4.292608,0.6022,0.696,0.1907,0.0,0.00172,3.6,logs/vanilla_5b_4g/train_vanilla_4g_5b.log
vanilla,131100,4.2958848,0.5936,0.6907,0.1955,0.0,0.00172,3.6,logs/vanilla_5b_4g/train_vanilla_4g_5b.log
vanilla,131200,4.2991616,0.5998,0.6908,0.1883,0.0,0.00172,3.6,logs/vanilla_5b_4g/train_vanilla_4g_5b.log
vanilla,131300,4.3024384,0.6014,0.6924,0.1836,0.0,0.00173,3.6,logs/vanilla_5b_4g/train_vanilla_4g_5b.log
vanilla,131400,4.3057152,0.6008,0.6892,0.1814,0.0,0.00173,3.6,logs/vanilla_5b_4g/train_vanilla_4g_5b.log
vanilla,131500,4.308992,0.5952,0.6895,0.192,0.0,0.00173,3.6,logs/vanilla_5b_4g/train_vanilla_4g_5b.log
vanilla,131600,4.3122688,0.6003,0.6886,0.1778,0.0,0.00173,3.6,logs/vanilla_5b_4g/train_vanilla_4g_5b.log
vanilla,131700,4.3155456,0.5957,0.6893,0.184,0.0,0.00173,3.6,logs/vanilla_5b_4g/train_vanilla_4g_5b.log
vanilla,131800,4.3188224,0.6001,0.6901,0.1844,0.0,0.00173,3.6,logs/vanilla_5b_4g/train_vanilla_4g_5b.log
vanilla,131900,4.3220992,0.6027,0.6955,0.186,0.0,0.00173,3.6,logs/vanilla_5b_4g/train_vanilla_4g_5b.log
vanilla,132000,4.325376,0.601,0.6915,0.1858,0.0,0.00174,3.5,logs/vanilla_5b_4g/train_vanilla_4g_5b.log
vanilla,132100,4.3286528,0.5984,0.693,0.1858,0.0,0.00174,3.6,logs/vanilla_5b_4g/train_vanilla_4g_5b.log
vanilla,132200,4.3319296,0.5994,0.6904,0.1843,0.0,0.00174,3.5,logs/vanilla_5b_4g/train_vanilla_4g_5b.log
vanilla,132300,4.3352064,0.5992,0.689,0.1836,0.0,0.00174,3.6,logs/vanilla_5b_4g/train_vanilla_4g_5b.log
vanilla,132400,4.3384832,0.6017,0.6954,0.1819,0.0,0.00174,3.6,logs/vanilla_5b_4g/train_vanilla_4g_5b.log
vanilla,132500,4.34176,0.5906,0.6827,0.1873,0.0,0.00174,3.6,logs/vanilla_5b_4g/train_vanilla_4g_5b.log
vanilla,132600,4.3450368,0.5992,0.6901,0.1884,0.0,0.00174,3.6,logs/vanilla_5b_4g/train_vanilla_4g_5b.log
vanilla,132700,4.3483136,0.598,0.6904,0.1933,0.0,0.00174,3.6,logs/vanilla_5b_4g/train_vanilla_4g_5b.log
vanilla,132800,4.3515904,0.5997,0.6955,0.1882,0.0,0.00175,3.6,logs/vanilla_5b_4g/train_vanilla_4g_5b.log
vanilla,132900,4.3548672,0.5986,0.6942,0.1968,0.0,0.00175,3.6,logs/vanilla_5b_4g/train_vanilla_4g_5b.log
vanilla,133000,4.358144,0.5999,0.6908,0.1905,0.0,0.00175,3.6,logs/vanilla_5b_4g/train_vanilla_4g_5b.log
vanilla,133100,4.3614208,0.5961,0.6892,0.1883,0.0,0.00175,3.6,logs/vanilla_5b_4g/train_vanilla_4g_5b.log
vanilla,133200,4.3646976,0.599,0.688,0.1826,0.0,0.00175,3.6,logs/vanilla_5b_4g/train_vanilla_4g_5b.log
vanilla,133300,4.3679744,0.6016,0.694,0.1836,0.0,0.00175,3.6,logs/vanilla_5b_4g/train_vanilla_4g_5b.log
vanilla,133400,4.3712512,0.5939,0.6865,0.1887,0.0,0.00175,3.6,logs/vanilla_5b_4g/train_vanilla_4g_5b.log
vanilla,133500,4.374528,0.5941,0.6934,0.1931,0.0,0.00175,3.6,logs/vanilla_5b_4g/train_vanilla_4g_5b.log
vanilla,133600,4.3778048,0.6008,0.692,0.1841,0.0,0.00176,3.6,logs/vanilla_5b_4g/train_vanilla_4g_5b.log
vanilla,133700,4.3810816,0.5973,0.6941,0.1894,0.0,0.00176,3.6,logs/vanilla_5b_4g/train_vanilla_4g_5b.log
vanilla,133800,4.3843584,0.5988,0.6936,0.1903,0.0,0.00176,3.6,logs/vanilla_5b_4g/train_vanilla_4g_5b.log
vanilla,133900,4.3876352,0.5957,0.6877,0.1908,0.0,0.00176,3.6,logs/vanilla_5b_4g/train_vanilla_4g_5b.log
vanilla,134000,4.390912,0.5951,0.6918,0.1962,0.0,0.00176,3.6,logs/vanilla_5b_4g/train_vanilla_4g_5b.log
vanilla,134100,4.3941888,0.6036,0.6946,0.1917,0.0,0.00176,3.6,logs/vanilla_5b_4g/train_vanilla_4g_5b.log
vanilla,134200,4.3974656,0.6025,0.696,0.1887,0.0,0.00176,3.6,logs/vanilla_5b_4g/train_vanilla_4g_5b.log
vanilla,134300,4.4007424,0.6059,0.697,0.191,0.0,0.00177,3.6,logs/vanilla_5b_4g/train_vanilla_4g_5b.log
vanilla,134400,4.4040192,0.5956,0.6926,0.1957,0.0,0.00177,3.6,logs/vanilla_5b_4g/train_vanilla_4g_5b.log
vanilla,134500,4.407296,0.6012,0.6937,0.189,0.0,0.00177,3.6,logs/vanilla_5b_4g/train_vanilla_4g_5b.log
vanilla,134600,4.4105728,0.5981,0.6904,0.1901,0.0,0.00177,3.6,logs/vanilla_5b_4g/train_vanilla_4g_5b.log
vanilla,134700,4.4138496,0.5948,0.6876,0.1912,0.0,0.00177,3.6,logs/vanilla_5b_4g/train_vanilla_4g_5b.log
vanilla,134800,4.4171264,0.5916,0.688,0.1892,0.0,0.00177,3.6,logs/vanilla_5b_4g/train_vanilla_4g_5b.log
vanilla,134900,4.4204032,0.5949,0.6882,0.1891,0.0,0.00177,3.6,logs/vanilla_5b_4g/train_vanilla_4g_5b.log
vanilla,135000,4.42368,0.6034,0.6955,0.1878,0.0,0.00177,3.6,logs/vanilla_5b_4g/train_vanilla_4g_5b.log
vanilla,135100,4.4269568,0.5993,0.6957,0.1951,0.0,0.00178,3.6,logs/vanilla_5b_4g/train_vanilla_4g_5b.log
vanilla,135200,4.4302336,0.5923,0.6918,0.1967,0.0,0.00178,3.6,logs/vanilla_5b_4g/train_vanilla_4g_5b.log
vanilla,135300,4.4335104,0.6036,0.6921,0.1841,0.0,0.00178,3.6,logs/vanilla_5b_4g/train_vanilla_4g_5b.log
vanilla,135400,4.4367872,0.5952,0.6879,0.1873,0.0,0.00178,3.6,logs/vanilla_5b_4g/train_vanilla_4g_5b.log
vanilla,135500,4.440064,0.5973,0.6915,0.1964,0.0,0.00178,3.5,logs/vanilla_5b_4g/train_vanilla_4g_5b.log
vanilla,135600,4.4433408,0.6013,0.6946,0.1845,0.0,0.00178,3.5,logs/vanilla_5b_4g/train_vanilla_4g_5b.log
vanilla,135700,4.4466176,0.6078,0.6962,0.1774,0.0,0.00178,3.5,logs/vanilla_5b_4g/train_vanilla_4g_5b.log
vanilla,135800,4.4498944,0.6002,0.694,0.1898,0.0,0.00179,3.6,logs/vanilla_5b_4g/train_vanilla_4g_5b.log
vanilla,135900,4.4531712,0.5921,0.6897,0.1905,0.0,0.00179,3.6,logs/vanilla_5b_4g/train_vanilla_4g_5b.log
vanilla,136000,4.456448,0.6081,0.6973,0.1822,0.0,0.00179,3.6,logs/vanilla_5b_4g/train_vanilla_4g_5b.log
vanilla,136100,4.4597248,0.5919,0.6855,0.1877,0.0,0.00179,3.6,logs/vanilla_5b_4g/train_vanilla_4g_5b.log
vanilla,136200,4.4630016,0.6019,0.6907,0.1803,0.0,0.00179,3.6,logs/vanilla_5b_4g/train_vanilla_4g_5b.log
vanilla,136300,4.4662784,0.6029,0.6939,0.1788,0.0,0.00179,3.6,logs/vanilla_5b_4g/train_vanilla_4g_5b.log
vanilla,136400,4.4695552,0.6003,0.6893,0.1831,0.0,0.00179,3.5,logs/vanilla_5b_4g/train_vanilla_4g_5b.log
vanilla,136500,4.472832,0.5966,0.6885,0.189,0.0,0.00179,3.6,logs/vanilla_5b_4g/train_vanilla_4g_5b.log
vanilla,136600,4.4761088,0.5973,0.6882,0.1891,0.0,0.0018,3.6,logs/vanilla_5b_4g/train_vanilla_4g_5b.log
vanilla,136700,4.4793856,0.6007,0.6899,0.187,0.0,0.0018,3.6,logs/vanilla_5b_4g/train_vanilla_4g_5b.log
vanilla,136800,4.4826624,0.6073,0.6962,0.1877,0.0,0.0018,3.6,logs/vanilla_5b_4g/train_vanilla_4g_5b.log
vanilla,136900,4.4859392,0.5996,0.6865,0.1949,0.0,0.0018,3.6,logs/vanilla_5b_4g/train_vanilla_4g_5b.log
vanilla,137000,4.489216,0.599,0.6915,0.1889,0.0,0.0018,3.6,logs/vanilla_5b_4g/train_vanilla_4g_5b.log
vanilla,137100,4.4924928,0.596,0.6931,0.1857,0.0,0.0018,3.6,logs/vanilla_5b_4g/train_vanilla_4g_5b.log
vanilla,137200,4.4957696,0.5973,0.6926,0.1842,0.0,0.0018,3.6,logs/vanilla_5b_4g/train_vanilla_4g_5b.log
vanilla,137300,4.4990464,0.6023,0.6973,0.1854,0.0,0.00181,3.6,logs/vanilla_5b_4g/train_vanilla_4g_5b.log
vanilla,137400,4.5023232,0.5936,0.6879,0.1884,0.0,0.00181,3.6,logs/vanilla_5b_4g/train_vanilla_4g_5b.log
vanilla,137500,4.5056,0.5979,0.6881,0.1879,0.0,0.00181,3.6,logs/vanilla_5b_4g/train_vanilla_4g_5b.log
vanilla,137600,4.5088768,0.5984,0.6888,0.1819,0.0,0.00181,3.6,logs/vanilla_5b_4g/train_vanilla_4g_5b.log
vanilla,137700,4.5121536,0.5981,0.6905,0.1899,0.0,0.00181,3.6,logs/vanilla_5b_4g/train_vanilla_4g_5b.log
vanilla,137800,4.5154304,0.6001,0.6958,0.1898,0.0,0.00181,3.6,logs/vanilla_5b_4g/train_vanilla_4g_5b.log
vanilla,137900,4.5187072,0.6013,0.6939,0.1929,0.0,0.00181,3.6,logs/vanilla_5b_4g/train_vanilla_4g_5b.log
vanilla,138000,4.521984,0.5972,0.6918,0.1909,0.0,0.00181,3.6,logs/vanilla_5b_4g/train_vanilla_4g_5b.log
vanilla,138100,4.5252608,0.5969,0.6893,0.1841,0.0,0.00182,3.5,logs/vanilla_5b_4g/train_vanilla_4g_5b.log
vanilla,138200,4.5285376,0.6016,0.694,0.1798,0.0,0.00182,3.6,logs/vanilla_5b_4g/train_vanilla_4g_5b.log
vanilla,138300,4.5318144,0.6033,0.6947,0.1848,0.0,0.00182,3.6,logs/vanilla_5b_4g/train_vanilla_4g_5b.log
vanilla,138400,4.5350912,0.5983,0.6971,0.1895,0.0,0.00182,3.5,logs/vanilla_5b_4g/train_vanilla_4g_5b.log
vanilla,138500,4.538368,0.5884,0.6865,0.1877,0.0,0.00182,3.5,logs/vanilla_5b_4g/train_vanilla_4g_5b.log
vanilla,138600,4.5416448,0.6005,0.6927,0.1899,0.0,0.00182,3.6,logs/vanilla_5b_4g/train_vanilla_4g_5b.log
vanilla,138700,4.5449216,0.586,0.6838,0.1907,0.0,0.00182,3.6,logs/vanilla_5b_4g/train_vanilla_4g_5b.log
vanilla,138800,4.5481984,0.5997,0.6926,0.1927,0.0,0.00182,3.6,logs/vanilla_5b_4g/train_vanilla_4g_5b.log
vanilla,138900,4.5514752,0.5956,0.6914,0.1913,0.0,0.00183,3.6,logs/vanilla_5b_4g/train_vanilla_4g_5b.log
vanilla,139000,4.554752,0.6005,0.6962,0.2002,0.0,0.00183,3.6,logs/vanilla_5b_4g/train_vanilla_4g_5b.log
vanilla,139100,4.5580288,0.6005,0.6915,0.1851,0.0,0.00183,3.5,logs/vanilla_5b_4g/train_vanilla_4g_5b.log
vanilla,139200,4.5613056,0.6038,0.6957,0.1872,0.0,0.00183,3.6,logs/vanilla_5b_4g/train_vanilla_4g_5b.log
vanilla,139300,4.5645824,0.602,0.6974,0.1885,0.0,0.00183,3.6,logs/vanilla_5b_4g/train_vanilla_4g_5b.log
vanilla,139400,4.5678592,0.5978,0.6917,0.1954,0.0,0.00183,3.6,logs/vanilla_5b_4g/train_vanilla_4g_5b.log
vanilla,139500,4.571136,0.5922,0.6874,0.1803,0.0,0.00183,3.5,logs/vanilla_5b_4g/train_vanilla_4g_5b.log
vanilla,139600,4.5744128,0.6007,0.6932,0.1898,0.0,0.00184,3.6,logs/vanilla_5b_4g/train_vanilla_4g_5b.log
vanilla,139700,4.5776896,0.6032,0.6926,0.1914,0.0,0.00184,3.6,logs/vanilla_5b_4g/train_vanilla_4g_5b.log
vanilla,139800,4.5809664,0.5981,0.6926,0.1925,0.0,0.00184,3.6,logs/vanilla_5b_4g/train_vanilla_4g_5b.log
vanilla,139900,4.5842432,0.6001,0.6899,0.1972,0.0,0.00184,3.6,logs/vanilla_5b_4g/train_vanilla_4g_5b.log
vanilla,140000,4.58752,0.6047,0.6916,0.1829,0.0,0.00184,3.6,logs/vanilla_5b_4g/train_vanilla_4g_5b.log
vanilla,140100,4.5907968,0.5972,0.6921,0.1884,0.0,0.00184,3.6,logs/vanilla_5b_4g/train_vanilla_4g_5b.log
vanilla,140200,4.5940736,0.5941,0.6949,0.1926,0.0,0.00184,3.6,logs/vanilla_5b_4g/train_vanilla_4g_5b.log
vanilla,140300,4.5973504,0.6006,0.6927,0.1872,0.0,0.00184,3.6,logs/vanilla_5b_4g/train_vanilla_4g_5b.log
vanilla,140400,4.6006272,0.5956,0.6901,0.1976,0.0,0.00185,3.6,logs/vanilla_5b_4g/train_vanilla_4g_5b.log
vanilla,140500,4.603904,0.5983,0.6892,0.1904,0.0,0.00185,3.6,logs/vanilla_5b_4g/train_vanilla_4g_5b.log
vanilla,140600,4.6071808,0.5985,0.6966,0.1937,0.0,0.00185,3.6,logs/vanilla_5b_4g/train_vanilla_4g_5b.log
vanilla,140700,4.6104576,0.5993,0.6909,0.1841,0.0,0.00185,3.5,logs/vanilla_5b_4g/train_vanilla_4g_5b.log
vanilla,140800,4.6137344,0.5933,0.6857,0.1848,0.0,0.00185,3.6,logs/vanilla_5b_4g/train_vanilla_4g_5b.log
vanilla,140900,4.6170112,0.5913,0.6871,0.1883,0.0,0.00185,3.6,logs/vanilla_5b_4g/train_vanilla_4g_5b.log
vanilla,141000,4.620288,0.5964,0.689,0.1944,0.0,0.00185,3.6,logs/vanilla_5b_4g/train_vanilla_4g_5b.log
vanilla,141100,4.6235648,0.5972,0.6905,0.1834,0.0,0.00185,3.6,logs/vanilla_5b_4g/train_vanilla_4g_5b.log
vanilla,141200,4.6268416,0.5988,0.6945,0.1944,0.0,0.00186,3.5,logs/vanilla_5b_4g/train_vanilla_4g_5b.log
vanilla,141300,4.6301184,0.6025,0.6935,0.1901,0.0,0.00186,3.6,logs/vanilla_5b_4g/train_vanilla_4g_5b.log
vanilla,141400,4.6333952,0.5989,0.6904,0.1916,0.0,0.00186,3.6,logs/vanilla_5b_4g/train_vanilla_4g_5b.log
vanilla,141500,4.636672,0.6034,0.6936,0.1881,0.0,0.00186,3.6,logs/vanilla_5b_4g/train_vanilla_4g_5b.log
vanilla,141600,4.6399488,0.5955,0.6863,0.191,0.0,0.00186,3.6,logs/vanilla_5b_4g/train_vanilla_4g_5b.log
vanilla,141700,4.6432256,0.5907,0.6899,0.1918,0.0,0.00186,3.6,logs/vanilla_5b_4g/train_vanilla_4g_5b.log
vanilla,141800,4.6465024,0.597,0.6935,0.1845,0.0,0.00186,3.6,logs/vanilla_5b_4g/train_vanilla_4g_5b.log
vanilla,141900,4.6497792,0.5937,0.6957,0.1979,0.0,0.00187,3.6,logs/vanilla_5b_4g/train_vanilla_4g_5b.log
vanilla,142000,4.653056,0.5984,0.6918,0.1896,0.0,0.00187,3.6,logs/vanilla_5b_4g/train_vanilla_4g_5b.log
vanilla,142100,4.6563328,0.5952,0.6873,0.1972,0.0,0.00187,3.6,logs/vanilla_5b_4g/train_vanilla_4g_5b.log
vanilla,142200,4.6596096,0.5981,0.6864,0.1861,0.0,0.00187,3.6,logs/vanilla_5b_4g/train_vanilla_4g_5b.log
vanilla,142300,4.6628864,0.6042,0.6934,0.1907,0.0,0.00187,3.6,logs/vanilla_5b_4g/train_vanilla_4g_5b.log
vanilla,142400,4.6661632,0.6021,0.6954,0.1901,0.0,0.00187,3.6,logs/vanilla_5b_4g/train_vanilla_4g_5b.log
vanilla,142500,4.66944,0.6031,0.6982,0.1993,0.0,0.00187,3.6,logs/vanilla_5b_4g/train_vanilla_4g_5b.log
vanilla,142600,4.6727168,0.6062,0.6894,0.1822,0.0,0.00187,3.6,logs/vanilla_5b_4g/train_vanilla_4g_5b.log
vanilla,142700,4.6759936,0.6049,0.6981,0.193,0.0,0.00188,3.5,logs/vanilla_5b_4g/train_vanilla_4g_5b.log
vanilla,142800,4.6792704,0.6031,0.6917,0.1872,0.0,0.00188,3.5,logs/vanilla_5b_4g/train_vanilla_4g_5b.log
vanilla,142900,4.6825472,0.6053,0.6966,0.1888,0.0,0.00188,3.6,logs/vanilla_5b_4g/train_vanilla_4g_5b.log
vanilla,143000,4.685824,0.5982,0.6884,0.1935,0.0,0.00188,3.6,logs/vanilla_5b_4g/train_vanilla_4g_5b.log
vanilla,143100,4.6891008,0.6032,0.6968,0.1851,0.0,0.00188,3.6,logs/vanilla_5b_4g/train_vanilla_4g_5b.log
vanilla,143200,4.6923776,0.5941,0.6891,0.1951,0.0,0.00188,3.5,logs/vanilla_5b_4g/train_vanilla_4g_5b.log
vanilla,143300,4.6956544,0.6041,0.6944,0.1854,0.0,0.00188,3.6,logs/vanilla_5b_4g/train_vanilla_4g_5b.log
vanilla,143400,4.6989312,0.6007,0.6917,0.185,0.0,0.00189,3.6,logs/vanilla_5b_4g/train_vanilla_4g_5b.log
vanilla,143500,4.702208,0.5954,0.6884,0.193,0.0,0.00189,3.6,logs/vanilla_5b_4g/train_vanilla_4g_5b.log
vanilla,143600,4.7054848,0.5956,0.6907,0.1897,0.0,0.00189,3.6,logs/vanilla_5b_4g/train_vanilla_4g_5b.log
vanilla,143700,4.7087616,0.6077,0.6955,0.1877,0.0,0.00189,3.6,logs/vanilla_5b_4g/train_vanilla_4g_5b.log
vanilla,143800,4.7120384,0.6022,0.6982,0.1961,0.0,0.00189,3.6,logs/vanilla_5b_4g/train_vanilla_4g_5b.log
vanilla,143900,4.7153152,0.6051,0.6927,0.1868,0.0,0.00189,3.6,logs/vanilla_5b_4g/train_vanilla_4g_5b.log
vanilla,144000,4.718592,0.6,0.6909,0.1937,0.0,0.00189,3.6,logs/vanilla_5b_4g/train_vanilla_4g_5b.log
vanilla,144100,4.7218688,0.5943,0.6882,0.192,0.0,0.00189,3.6,logs/vanilla_5b_4g/train_vanilla_4g_5b.log
vanilla,144200,4.7251456,0.6051,0.6919,0.1923,0.0,0.0019,3.6,logs/vanilla_5b_4g/train_vanilla_4g_5b.log
vanilla,144300,4.7284224,0.5995,0.6911,0.1945,0.0,0.0019,3.7,logs/vanilla_5b_4g/train_vanilla_4g_5b.log
vanilla,144400,4.7316992,0.6022,0.6903,0.189,0.0,0.0019,3.6,logs/vanilla_5b_4g/train_vanilla_4g_5b.log
vanilla,144500,4.734976,0.5941,0.69,0.1949,0.0,0.0019,3.6,logs/vanilla_5b_4g/train_vanilla_4g_5b.log
vanilla,144600,4.7382528,0.5962,0.6893,0.1865,0.0,0.0019,3.6,logs/vanilla_5b_4g/train_vanilla_4g_5b.log
vanilla,144700,4.7415296,0.5953,0.691,0.1935,0.0,0.0019,3.6,logs/vanilla_5b_4g/train_vanilla_4g_5b.log
vanilla,144800,4.7448064,0.5971,0.6898,0.1905,0.0,0.0019,3.6,logs/vanilla_5b_4g/train_vanilla_4g_5b.log
vanilla,144900,4.7480832,0.5969,0.6873,0.1881,0.0,0.0019,3.5,logs/vanilla_5b_4g/train_vanilla_4g_5b.log
vanilla,145000,4.75136,0.5987,0.693,0.1852,0.0,0.00191,3.6,logs/vanilla_5b_4g/train_vanilla_4g_5b.log
vanilla,145100,4.7546368,0.5951,0.6875,0.196,0.0,0.00191,3.6,logs/vanilla_5b_4g/train_vanilla_4g_5b.log
vanilla,145200,4.7579136,0.5968,0.6982,0.1891,0.0,0.00191,3.6,logs/vanilla_5b_4g/train_vanilla_4g_5b.log
vanilla,145300,4.7611904,0.5977,0.6932,0.1918,0.0,0.00191,3.6,logs/vanilla_5b_4g/train_vanilla_4g_5b.log
vanilla,145400,4.7644672,0.6045,0.6929,0.1853,0.0,0.00191,3.6,logs/vanilla_5b_4g/train_vanilla_4g_5b.log
vanilla,145500,4.767744,0.6027,0.692,0.1847,0.0,0.00191,3.6,logs/vanilla_5b_4g/train_vanilla_4g_5b.log
vanilla,145600,4.7710208,0.6082,0.7009,0.1961,0.0,0.00191,3.6,logs/vanilla_5b_4g/train_vanilla_4g_5b.log
vanilla,145700,4.7742976,0.5956,0.6939,0.1952,0.0,0.00192,3.6,logs/vanilla_5b_4g/train_vanilla_4g_5b.log
vanilla,145800,4.7775744,0.5926,0.6912,0.1903,0.0,0.00192,3.6,logs/vanilla_5b_4g/train_vanilla_4g_5b.log
vanilla,145900,4.7808512,0.5999,0.6924,0.1966,0.0,0.00192,3.6,logs/vanilla_5b_4g/train_vanilla_4g_5b.log
vanilla,146000,4.784128,0.6021,0.6969,0.1895,0.0,0.00192,3.6,logs/vanilla_5b_4g/train_vanilla_4g_5b.log
vanilla,146100,4.7874048,0.6019,0.6982,0.1915,0.0,0.00192,3.6,logs/vanilla_5b_4g/train_vanilla_4g_5b.log
vanilla,146200,4.7906816,0.5972,0.6914,0.1905,0.0,0.00192,3.6,logs/vanilla_5b_4g/train_vanilla_4g_5b.log
vanilla,146300,4.7939584,0.596,0.6912,0.1913,0.0,0.00192,3.6,logs/vanilla_5b_4g/train_vanilla_4g_5b.log
vanilla,146400,4.7972352,0.5985,0.6919,0.1983,0.0,0.00192,3.6,logs/vanilla_5b_4g/train_vanilla_4g_5b.log
vanilla,146500,4.800512,0.5955,0.6909,0.195,0.0,0.00193,3.6,logs/vanilla_5b_4g/train_vanilla_4g_5b.log
vanilla,146600,4.8037888,0.5955,0.6928,0.1895,0.0,0.00193,3.6,logs/vanilla_5b_4g/train_vanilla_4g_5b.log
vanilla,146700,4.8070656,0.6017,0.6906,0.1947,0.0,0.00193,3.6,logs/vanilla_5b_4g/train_vanilla_4g_5b.log
vanilla,146800,4.8103424,0.5948,0.689,0.1888,0.0,0.00193,3.7,logs/vanilla_5b_4g/train_vanilla_4g_5b.log
vanilla,146900,4.8136192,0.6001,0.6977,0.1992,0.0,0.00193,3.6,logs/vanilla_5b_4g/train_vanilla_4g_5b.log
vanilla,147000,4.816896,0.6023,0.6902,0.1822,0.0,0.00193,3.6,logs/vanilla_5b_4g/train_vanilla_4g_5b.log
vanilla,147100,4.8201728,0.5975,0.6937,0.1878,0.0,0.00193,3.6,logs/vanilla_5b_4g/train_vanilla_4g_5b.log
vanilla,147200,4.8234496,0.6018,0.6928,0.1888,0.0,0.00194,3.6,logs/vanilla_5b_4g/train_vanilla_4g_5b.log
vanilla,147300,4.8267264,0.6055,0.6928,0.1907,0.0,0.00194,3.6,logs/vanilla_5b_4g/train_vanilla_4g_5b.log
vanilla,147400,4.8300032,0.6003,0.6967,0.1923,0.0,0.00194,3.6,logs/vanilla_5b_4g/train_vanilla_4g_5b.log
vanilla,147500,4.83328,0.6024,0.6937,0.1949,0.0,0.00194,3.6,logs/vanilla_5b_4g/train_vanilla_4g_5b.log
vanilla,147600,4.8365568,0.5946,0.6912,0.1946,0.0,0.00194,3.6,logs/vanilla_5b_4g/train_vanilla_4g_5b.log
vanilla,147700,4.8398336,0.6007,0.6902,0.1875,0.0,0.00194,3.6,logs/vanilla_5b_4g/train_vanilla_4g_5b.log
vanilla,147800,4.8431104,0.5909,0.6911,0.1979,0.0,0.00194,3.6,logs/vanilla_5b_4g/train_vanilla_4g_5b.log
vanilla,147900,4.8463872,0.6053,0.6985,0.1901,0.0,0.00194,3.6,logs/vanilla_5b_4g/train_vanilla_4g_5b.log
vanilla,148000,4.849664,0.5992,0.693,0.1856,0.0,0.00195,3.6,logs/vanilla_5b_4g/train_vanilla_4g_5b.log
vanilla,148100,4.8529408,0.5976,0.6929,0.1949,0.0,0.00195,3.6,logs/vanilla_5b_4g/train_vanilla_4g_5b.log
vanilla,148200,4.8562176,0.5977,0.6953,0.1917,0.0,0.00195,3.6,logs/vanilla_5b_4g/train_vanilla_4g_5b.log
vanilla,148300,4.8594944,0.6087,0.6964,0.191,0.0,0.00195,3.6,logs/vanilla_5b_4g/train_vanilla_4g_5b.log
vanilla,148400,4.8627712,0.5976,0.6919,0.1912,0.0,0.00195,3.6,logs/vanilla_5b_4g/train_vanilla_4g_5b.log
vanilla,148500,4.866048,0.6018,0.6946,0.1868,0.0,0.00195,3.6,logs/vanilla_5b_4g/train_vanilla_4g_5b.log
vanilla,148600,4.8693248,0.5936,0.6858,0.1885,0.0,0.00195,3.5,logs/vanilla_5b_4g/train_vanilla_4g_5b.log
vanilla,148700,4.8726016,0.6069,0.692,0.1885,0.0,0.00195,3.6,logs/vanilla_5b_4g/train_vanilla_4g_5b.log
vanilla,148800,4.8758784,0.6006,0.6901,0.1907,0.0,0.00196,3.6,logs/vanilla_5b_4g/train_vanilla_4g_5b.log
vanilla,148900,4.8791552,0.6041,0.6917,0.1859,0.0,0.00196,3.6,logs/vanilla_5b_4g/train_vanilla_4g_5b.log
vanilla,149000,4.882432,0.6039,0.6952,0.1903,0.0,0.00196,3.6,logs/vanilla_5b_4g/train_vanilla_4g_5b.log
vanilla,149100,4.8857088,0.5985,0.6904,0.1977,0.0,0.00196,3.5,logs/vanilla_5b_4g/train_vanilla_4g_5b.log
vanilla,149200,4.8889856,0.6073,0.6982,0.1946,0.0,0.00196,3.5,logs/vanilla_5b_4g/train_vanilla_4g_5b.log
vanilla,149300,4.8922624,0.5984,0.6913,0.1918,0.0,0.00196,3.6,logs/vanilla_5b_4g/train_vanilla_4g_5b.log
vanilla,149400,4.8955392,0.6013,0.6948,0.1903,0.0,0.00196,3.6,logs/vanilla_5b_4g/train_vanilla_4g_5b.log
vanilla,149500,4.898816,0.6015,0.6958,0.1924,0.0,0.00197,3.6,logs/vanilla_5b_4g/train_vanilla_4g_5b.log
vanilla,149600,4.9020928,0.599,0.6955,0.1896,0.0,0.00197,3.5,logs/vanilla_5b_4g/train_vanilla_4g_5b.log
vanilla,149700,4.9053696,0.5937,0.6926,0.1911,0.0,0.00197,3.6,logs/vanilla_5b_4g/train_vanilla_4g_5b.log
vanilla,149800,4.9086464,0.6043,0.6919,0.1819,0.0,0.00197,3.6,logs/vanilla_5b_4g/train_vanilla_4g_5b.log
vanilla,149900,4.9119232,0.5952,0.6907,0.1922,0.0,0.00197,3.6,logs/vanilla_5b_4g/train_vanilla_4g_5b.log
vanilla,150000,4.9152,0.6057,0.6935,0.1877,0.0,0.00197,3.6,logs/vanilla_5b_4g/train_vanilla_4g_5b.log
vanilla,150100,4.9184768,0.5941,0.6875,0.1929,0.0,0.00197,3.5,logs/vanilla_5b_4g/train_vanilla_4g_5b.log
vanilla,150200,4.9217536,0.5959,0.6879,0.186,0.0,0.00197,3.6,logs/vanilla_5b_4g/train_vanilla_4g_5b.log
vanilla,150300,4.9250304,0.5935,0.6882,0.1875,0.0,0.00198,3.6,logs/vanilla_5b_4g/train_vanilla_4g_5b.log
vanilla,150400,4.9283072,0.5988,0.696,0.192,0.0,0.00198,3.6,logs/vanilla_5b_4g/train_vanilla_4g_5b.log
vanilla,150500,4.931584,0.6011,0.6944,0.186,0.0,0.00198,3.6,logs/vanilla_5b_4g/train_vanilla_4g_5b.log
vanilla,150600,4.9348608,0.5994,0.6901,0.187,0.0,0.00198,3.6,logs/vanilla_5b_4g/train_vanilla_4g_5b.log
vanilla,150700,4.9381376,0.5924,0.6884,0.1973,0.0,0.00198,3.6,logs/vanilla_5b_4g/train_vanilla_4g_5b.log
vanilla,150800,4.9414144,0.6024,0.6898,0.1909,0.0,0.00198,3.6,logs/vanilla_5b_4g/train_vanilla_4g_5b.log
vanilla,150900,4.9446912,0.6013,0.6927,0.1892,0.0,0.00198,3.6,logs/vanilla_5b_4g/train_vanilla_4g_5b.log
vanilla,151000,4.947968,0.6018,0.6962,0.1926,0.0,0.00199,3.6,logs/vanilla_5b_4g/train_vanilla_4g_5b.log
vanilla,151100,4.9512448,0.6004,0.6926,0.1914,0.0,0.00199,3.6,logs/vanilla_5b_4g/train_vanilla_4g_5b.log
vanilla,151200,4.9545216,0.5986,0.6927,0.1911,0.0,0.00199,3.6,logs/vanilla_5b_4g/train_vanilla_4g_5b.log
vanilla,151300,4.9577984,0.6002,0.6951,0.1939,0.0,0.00199,3.6,logs/vanilla_5b_4g/train_vanilla_4g_5b.log
vanilla,151400,4.9610752,0.6013,0.6924,0.1871,0.0,0.00199,3.6,logs/vanilla_5b_4g/train_vanilla_4g_5b.log
vanilla,151500,4.964352,0.5984,0.6909,0.1895,0.0,0.00199,3.6,logs/vanilla_5b_4g/train_vanilla_4g_5b.log
vanilla,151600,4.9676288,0.6067,0.6954,0.1849,0.0,0.00199,3.6,logs/vanilla_5b_4g/train_vanilla_4g_5b.log
vanilla,151700,4.9709056,0.6,0.6924,0.1907,0.0,0.00199,3.6,logs/vanilla_5b_4g/train_vanilla_4g_5b.log
vanilla,151800,4.9741824,0.5991,0.6889,0.1831,0.0,0.002,3.6,logs/vanilla_5b_4g/train_vanilla_4g_5b.log
vanilla,151900,4.9774592,0.5991,0.691,0.1934,0.0,0.002,3.6,logs/vanilla_5b_4g/train_vanilla_4g_5b.log
vanilla,152000,4.980736,0.6109,0.6968,0.1889,0.0,0.002,3.6,logs/vanilla_5b_4g/train_vanilla_4g_5b.log
vanilla,152100,4.9840128,0.604,0.6907,0.1966,0.0,0.002,3.5,logs/vanilla_5b_4g/train_vanilla_4g_5b.log
vanilla,152200,4.9872896,0.6075,0.6965,0.1867,0.0,0.002,3.5,logs/vanilla_5b_4g/train_vanilla_4g_5b.log
vanilla,152300,4.9905664,0.5949,0.6867,0.1974,0.0,0.002,3.6,logs/vanilla_5b_4g/train_vanilla_4g_5b.log
vanilla,152400,4.9938432,0.5926,0.6909,0.2018,0.0,0.002,3.5,logs/vanilla_5b_4g/train_vanilla_4g_5b.log
vanilla,152500,4.99712,0.598,0.6931,0.1953,0.0,0.002,3.6,logs/vanilla_5b_4g/train_vanilla_4g_5b.log
vanilla,152592,5.000134656,0.598,0.6931,0.1953,0.0,0.002,3.6,logs/vanilla_5b_4g/train_vanilla_4g_5b.log
