step,optimizer_step_est,tokens_b,progress,loss,l2,ce,plan,lr,sps
100,6.25,0.0032768,0.06553423508440809,1.8061,0.7031,0.995,1.0026,1.26e-06,2.9
200,12.5,0.0065536,0.13106847016881618,1.8023,0.7084,0.977,0.9995,2.52e-06,3.1
300,18.75,0.0098304,0.1966027052532243,1.7994,0.7055,0.9859,1.0044,3.79e-06,3.2
400,25.0,0.0131072,0.26213694033763235,1.7929,0.7061,0.9908,0.9982,5.26e-06,3.1
500,31.25,0.016384,0.3276711754220405,1.7832,0.7047,0.8836,1.0086,6.52e-06,3.2
600,37.5,0.0196608,0.3932054105064486,1.7716,0.702,0.8471,1.0049,7.78e-06,3.2
700,43.75,0.0229376,0.45873964559085667,1.7603,0.7081,0.7818,1.0031,9.05e-06,3.1
800,50.0,0.0262144,0.5242738806752647,1.7505,0.7036,0.7868,1.0051,1.05e-05,3.2
900,56.25,0.0294912,0.5898081157596728,1.7216,0.7069,0.658,0.9994,1.18e-05,3.1
1000,62.5,0.032768,0.655342350844081,1.7047,0.7045,0.6041,1.001,1.3e-05,3.1
1100,68.75,0.0360448,0.720876585928489,1.6987,0.7017,0.5843,0.9995,1.43e-05,3.2
1200,75.0,0.0393216,0.7864108210128972,1.681,0.7116,0.4954,0.9939,1.58e-05,3.1
1300,81.25,0.0425984,0.8519450560973052,1.6821,0.7094,0.486,1.0031,1.7e-05,3.2
1400,87.5,0.0458752,0.9174792911817133,1.6624,0.701,0.4249,0.9981,1.83e-05,3.2
1500,93.75,0.049152,0.9830135262661214,1.6575,0.7074,0.4028,0.9961,1.96e-05,3.2
1600,100.0,0.0524288,1.0485477613505294,1.6448,0.7044,0.3467,0.996,2.1e-05,3.2
1700,106.25,0.0557056,1.1140819964349375,1.6398,0.7055,0.3358,0.9924,2.23e-05,3.1
1800,112.5,0.0589824,1.1796162315193457,1.6401,0.7034,0.3021,1.0013,2.36e-05,3.2
1900,118.75,0.0622592,1.2451504666037538,1.6272,0.6997,0.305,1.0004,2.48e-05,3.2
2000,125.0,0.065536,1.310684701688162,1.6258,0.6996,0.2746,0.9999,2.63e-05,3.2
2100,131.25,0.0688128,1.37621893677257,1.6209,0.6972,0.2692,1.0027,2.76e-05,3.2
2200,137.5,0.0720896,1.441753171856978,1.6233,0.6945,0.2702,1.0053,2.88e-05,3.2
2300,143.75,0.0753664,1.5072874069413862,1.6156,0.6986,0.2412,1.0034,3.01e-05,3.2
2400,150.0,0.0786432,1.5728216420257943,1.6132,0.7015,0.2301,1.001,3.16e-05,3.2
2500,156.25,0.08192,1.6383558771102023,1.6077,0.694,0.2275,0.9964,3.28e-05,3.2
2600,162.5,0.0851968,1.7038901121946104,1.6211,0.6975,0.2065,1.0097,3.41e-05,3.2
2700,168.75,0.0884736,1.7694243472790183,1.6052,0.6909,0.1972,0.9992,3.53e-05,3.2
2800,175.0,0.0917504,1.8349585823634267,1.6123,0.6963,0.2154,1.0008,3.68e-05,3.3
2900,181.25,0.0950272,1.9004928174478346,1.6023,0.6958,0.1939,0.9938,3.81e-05,3.2
3000,187.5,0.098304,1.9660270525322427,1.6094,0.6932,0.2087,1.008,3.93e-05,3.2
3100,193.75,0.1015808,2.031561287616651,1.5959,0.6907,0.2037,0.9999,4.06e-05,3.2
3200,200.0,0.1048576,2.097095522701059,1.6035,0.6956,0.1871,0.9955,4.21e-05,3.2
3300,206.25,0.1081344,2.162629757785467,1.6036,0.697,0.1932,1.0023,4.33e-05,3.2
3400,212.5,0.1114112,2.228163992869875,1.5967,0.6943,0.1917,0.9981,4.46e-05,3.2
3500,218.75,0.114688,2.293698227954283,1.5986,0.6961,0.1879,0.9979,4.59e-05,3.2
3600,225.0,0.1179648,2.3592324630386914,1.6074,0.6976,0.1984,1.0097,4.73e-05,3.2
3700,231.25,0.1212416,2.4247666981230993,1.5885,0.6947,0.1908,0.99,4.86e-05,3.2
3800,237.5,0.1245184,2.4903009332075077,1.5943,0.6902,0.1868,0.9992,4.99e-05,3.3
3900,243.75,0.1277952,2.5558351682919156,1.5989,0.6915,0.1853,1.003,5.11e-05,3.2
4000,250.0,0.131072,2.621369403376324,1.5958,0.6935,0.1747,0.9933,5.26e-05,3.2
4100,256.25,0.1343488,2.686903638460732,1.598,0.6915,0.1781,1.0023,5.38e-05,3.2
4200,262.5,0.1376256,2.75243787354514,1.6025,0.6925,0.179,1.005,5.51e-05,3.2
4300,268.75,0.1409024,2.8179721086295477,1.5905,0.6873,0.1784,1.0013,5.64e-05,3.2
4400,275.0,0.1441792,2.883506343713956,1.6004,0.6852,0.18,1.0062,5.78e-05,3.2
4500,281.25,0.147456,2.949040578798364,1.5973,0.6936,0.1759,1.0015,5.91e-05,3.2
4600,287.5,0.1507328,3.0145748138827724,1.6033,0.6909,0.1757,1.0001,6.04e-05,3.3
4700,293.75,0.1540096,3.0801090489671803,1.5925,0.6851,0.1797,1.0033,6.16e-05,3.2
4800,300.0,0.1572864,3.1456432840515887,1.5836,0.6899,0.176,0.9919,6.31e-05,3.2
4900,306.25,0.1605632,3.2111775191359966,1.5874,0.6837,0.1772,1.0001,6.44e-05,3.2
5000,312.5,0.16384,3.2767117542204045,1.5908,0.685,0.1716,1.0022,6.56e-05,3.2
5100,318.75,0.1671168,3.342245989304813,1.5963,0.6964,0.1785,1.0011,6.69e-05,3.2
5200,325.0,0.1703936,3.407780224389221,1.5892,0.6891,0.1748,0.9953,6.84e-05,3.2
5300,331.25,0.1736704,3.4733144594736287,1.5956,0.6858,0.1756,1.0051,6.96e-05,3.2
5400,337.5,0.1769472,3.5388486945580366,1.59,0.6867,0.1721,0.9992,7.09e-05,3.2
5500,343.75,0.180224,3.6043829296424454,1.5905,0.6944,0.1755,0.9946,7.21e-05,3.2
5600,350.0,0.1835008,3.6699171647268534,1.5973,0.6911,0.1654,0.9953,7.36e-05,3.2
5700,356.25,0.1867776,3.7354513998112613,1.5956,0.6884,0.1654,1.0012,7.49e-05,3.2
5800,362.5,0.1900544,3.800985634895669,1.5825,0.6853,0.1827,0.9953,7.61e-05,3.2
5900,368.75,0.1933312,3.8665198699800776,1.5882,0.6882,0.1754,0.9965,7.74e-05,3.2
6000,375.0,0.196608,3.9320541050644855,1.5944,0.6946,0.1706,0.9972,7.89e-05,3.2
6100,381.25,0.1998848,3.9975883401488934,1.6039,0.6995,0.1698,1.0037,8.01e-05,3.2
6200,387.5,0.2031616,4.063122575233302,1.5982,0.6945,0.1743,1.0,8.14e-05,3.2
6300,393.75,0.2064384,4.12865681031771,1.5902,0.688,0.1701,0.9989,8.27e-05,3.2
6400,400.0,0.2097152,4.194191045402118,1.5895,0.6921,0.1775,0.9986,8.41e-05,3.2
6500,406.25,0.212992,4.259725280486526,1.5936,0.6922,0.1703,0.9968,8.54e-05,3.2
6600,412.5,0.2162688,4.325259515570934,1.5896,0.701,0.1733,0.9943,8.67e-05,3.2
6700,418.75,0.2195456,4.390793750655343,1.5884,0.6851,0.1711,0.9964,8.79e-05,3.2
6800,425.0,0.2228224,4.45632798573975,1.5943,0.6888,0.1742,1.0014,8.94e-05,3.2
6900,431.25,0.2260992,4.521862220824159,1.5872,0.6918,0.1764,1.0004,9.07e-05,3.2
7000,437.5,0.229376,4.587396455908566,1.5894,0.6866,0.1821,0.9969,9.19e-05,3.2
7100,443.75,0.2326528,4.652930690992975,1.5868,0.691,0.1771,0.9947,9.32e-05,3.2
7200,450.0,0.2359296,4.718464926077383,1.5922,0.6871,0.1737,0.9983,9.47e-05,3.2
7300,456.25,0.2392064,4.783999161161791,1.5953,0.6887,0.1667,1.0048,9.59e-05,3.2
7400,462.5,0.2424832,4.849533396246199,1.592,0.6879,0.1672,0.9982,9.72e-05,3.2
7500,468.75,0.24576,4.915067631330607,1.5869,0.6892,0.1651,0.9964,9.84e-05,3.2
7600,475.0,0.2490368,4.980601866415015,1.5779,0.6914,0.1717,0.9865,9.99e-05,3.2
7700,481.25,0.2523136,5.046136101499423,1.5897,0.6898,0.1643,0.9959,0.000101,3.2
7800,487.5,0.2555904,5.111670336583831,1.5951,0.6908,0.1677,0.9989,0.000102,3.2
7900,493.75,0.2588672,5.1772045716682396,1.592,0.6876,0.17,0.998,0.000104,3.2
8000,500.0,0.262144,5.242738806752648,1.5814,0.6866,0.17,0.9941,0.000105,3.2
8100,506.25,0.2654208,5.308273041837055,1.5962,0.6918,0.1674,0.9959,0.000106,3.2
8200,512.5,0.2686976,5.373807276921464,1.5844,0.6825,0.1711,0.9995,0.000108,3.2
8300,518.75,0.2719744,5.439341512005872,1.5793,0.6855,0.1727,0.9916,0.000109,3.2
8400,525.0,0.2752512,5.50487574709028,1.5911,0.6895,0.1676,0.9946,0.00011,3.2
8500,531.25,0.278528,5.570409982174688,1.5877,0.6955,0.1704,0.9887,0.000112,3.3
8600,537.5,0.2818048,5.6359442172590954,1.5853,0.6855,0.1692,0.9938,0.000113,3.2
8700,543.75,0.2850816,5.701478452343505,1.5808,0.6863,0.1705,0.9929,0.000114,3.2
8800,550.0,0.2883584,5.767012687427912,1.5802,0.6895,0.1786,0.9922,0.000116,3.2
8900,556.25,0.2916352,5.8325469225123205,1.59,0.6926,0.1674,0.9919,0.000117,3.2
9000,562.5,0.294912,5.898081157596728,1.5826,0.6847,0.1651,0.9952,0.000118,3.2
9100,568.75,0.2981888,5.963615392681136,1.5889,0.6916,0.1779,0.9962,0.000119,3.2
9200,575.0,0.3014656,6.029149627765545,1.5933,0.6919,0.1754,0.9973,0.000121,3.2
9300,581.25,0.3047424,6.094683862849952,1.5807,0.691,0.1705,0.9894,0.000122,3.2
9400,587.5,0.3080192,6.160218097934361,1.5827,0.6859,0.1668,0.9932,0.000123,3.3
9500,593.75,0.311296,6.225752333018769,1.5817,0.6857,0.1734,0.9906,0.000125,3.2
9600,600.0,0.3145728,6.291286568103177,1.6007,0.6939,0.1704,0.9991,0.000126,3.2
9700,606.25,0.3178496,6.356820803187585,1.5843,0.6872,0.1703,0.9883,0.000127,3.2
9800,612.5,0.3211264,6.422355038271993,1.5841,0.6891,0.1706,0.993,0.000129,3.2
9900,618.75,0.3244032,6.487889273356401,1.5788,0.6901,0.1733,0.9874,0.00013,3.2
10000,625.0,0.32768,6.553423508440809,1.5785,0.6863,0.1692,0.9875,0.000131,3.2
10100,631.25,0.3309568,6.618957743525218,1.5809,0.6877,0.1747,0.987,0.000133,3.2
10200,637.5,0.3342336,6.684491978609626,1.5804,0.6867,0.1654,0.9913,0.000134,3.2
10300,643.75,0.3375104,6.750026213694034,1.5899,0.6884,0.1765,0.997,0.000135,3.3
10400,650.0,0.3407872,6.815560448778442,1.5851,0.6854,0.168,0.9906,0.000137,3.2
10500,656.25,0.344064,6.88109468386285,1.5769,0.6824,0.171,0.9873,0.000138,3.2
10600,662.5,0.3473408,6.946628918947257,1.5822,0.6847,0.1751,0.9916,0.000139,3.2
10700,668.75,0.3506176,7.012163154031666,1.5753,0.6868,0.1708,0.9934,0.000141,3.2
10800,675.0,0.3538944,7.077697389116073,1.5768,0.6839,0.1748,0.987,0.000142,3.3
10900,681.25,0.3571712,7.1432316242004825,1.5849,0.6907,0.1716,0.9946,0.000143,3.2
11000,687.5,0.360448,7.208765859284891,1.5891,0.6863,0.1628,0.9929,0.000145,3.2
11100,693.75,0.3637248,7.274300094369298,1.577,0.6902,0.1749,0.9871,0.000146,3.2
11200,700.0,0.3670016,7.339834329453707,1.5652,0.6865,0.1793,0.9787,0.000147,3.2
11300,706.25,0.3702784,7.405368564538114,1.5703,0.6875,0.1719,0.9841,0.000149,3.2
11400,712.5,0.3735552,7.470902799622523,1.5806,0.6913,0.1677,0.986,0.00015,3.2
11500,718.75,0.376832,7.53643703470693,1.5722,0.685,0.1746,0.9902,0.000151,3.2
11600,725.0,0.3801088,7.601971269791338,1.5809,0.6902,0.1616,0.9861,0.000153,3.2
11700,731.25,0.3833856,7.667505504875748,1.5854,0.6886,0.1712,0.992,0.000154,3.2
11800,737.5,0.3866624,7.733039739960155,1.568,0.6853,0.165,0.9806,0.000155,3.2
11900,743.75,0.3899392,7.7985739750445635,1.5786,0.6923,0.179,0.9832,0.000156,3.2
12000,750.0,0.393216,7.864108210128971,1.5766,0.6904,0.1575,0.9841,0.000158,3.2
12100,756.25,0.3964928,7.929642445213379,1.5773,0.6869,0.1618,0.9816,0.000159,3.2
12200,762.5,0.3997696,7.995176680297787,1.5749,0.6898,0.1664,0.976,0.00016,3.2
12300,768.75,0.4030464,8.060710915382195,1.5666,0.691,0.1726,0.9801,0.000162,3.3
12400,775.0,0.4063232,8.126245150466604,1.5705,0.6904,0.1769,0.9799,0.000163,3.2
12500,781.25,0.4096,8.191779385551012,1.5743,0.6882,0.1726,0.9866,0.000164,3.2
12600,787.5,0.4128768,8.25731362063542,1.5786,0.6902,0.161,0.9783,0.000166,3.2
12700,793.75,0.4161536,8.322847855719829,1.5733,0.6809,0.1736,0.9868,0.000167,3.2
12800,800.0,0.4194304,8.388382090804235,1.5671,0.689,0.1749,0.9758,0.000168,3.2
12900,806.25,0.4227072,8.453916325888644,1.569,0.6894,0.166,0.9802,0.00017,3.2
13000,812.5,0.425984,8.519450560973052,1.5739,0.6869,0.162,0.978,0.000171,3.2
13100,818.75,0.4292608,8.58498479605746,1.5783,0.6889,0.1621,0.9818,0.000172,3.2
13200,825.0,0.4325376,8.650519031141869,1.572,0.6894,0.1584,0.9745,0.000174,3.2
13300,831.25,0.4358144,8.716053266226277,1.5785,0.6935,0.1643,0.982,0.000175,3.2
13400,837.5,0.4390912,8.781587501310685,1.5677,0.6855,0.1632,0.975,0.000176,3.1
13500,843.75,0.442368,8.847121736395094,1.5633,0.6855,0.1708,0.9753,0.000177,3.2
13600,850.0,0.4456448,8.9126559714795,1.5714,0.6931,0.1684,0.98,0.000179,3.2
13700,856.25,0.4489216,8.978190206563909,1.5726,0.6901,0.1663,0.9796,0.00018,3.1
13800,862.5,0.4521984,9.043724441648317,1.5576,0.6828,0.1738,0.9734,0.000181,3.3
13900,868.75,0.4554752,9.109258676732725,1.5681,0.6888,0.173,0.9734,0.000183,3.2
14000,875.0,0.458752,9.174792911817132,1.5728,0.6925,0.1724,0.9803,0.000184,3.2
14100,881.25,0.4620288,9.240327146901542,1.5645,0.6874,0.1748,0.9776,0.000185,3.2
14200,887.5,0.4653056,9.30586138198595,1.562,0.6866,0.1674,0.967,0.000187,3.2
14300,893.75,0.4685824,9.371395617070357,1.5676,0.6921,0.1752,0.9734,0.000188,3.2
14400,900.0,0.4718592,9.436929852154766,1.5688,0.6873,0.1659,0.9694,0.000189,3.2
14500,906.25,0.475136,9.502464087239174,1.5614,0.6907,0.1682,0.9682,0.000191,3.3
14600,912.5,0.4784128,9.567998322323582,1.5573,0.6917,0.1751,0.9669,0.000192,3.3
14700,918.75,0.4816896,9.633532557407989,1.5575,0.6881,0.1838,0.9694,0.000193,3.3
14800,925.0,0.4849664,9.699066792492397,1.5588,0.6908,0.1743,0.967,0.000195,3.2
14900,931.25,0.4882432,9.764601027576807,1.562,0.689,0.1745,0.9736,0.000196,3.3
15000,937.5,0.49152,9.830135262661214,1.5607,0.689,0.1716,0.9679,0.000197,3.2
15100,943.75,0.4947968,9.895669497745622,1.5527,0.6838,0.1728,0.9669,0.000198,3.2
15200,950.0,0.4980736,9.96120373283003,1.5598,0.6916,0.1756,0.9701,0.0002,3.2
15300,956.25,0.5013504,10.026737967914439,1.5555,0.6905,0.1669,0.9661,0.000201,3.2
15400,962.5,0.5046272,10.092272202998846,1.5573,0.6886,0.1714,0.9642,0.000202,3.2
15500,968.75,0.507904,10.157806438083254,1.5637,0.6889,0.1692,0.9693,0.000204,3.2
15600,975.0,0.5111808,10.223340673167662,1.5491,0.6879,0.1814,0.9629,0.000205,3.3
15700,981.25,0.5144576,10.28887490825207,1.552,0.6904,0.1661,0.9596,0.000206,3.2
15800,987.5,0.5177344,10.354409143336479,1.5589,0.6901,0.1734,0.965,0.000208,3.2
15900,993.75,0.5210112,10.419943378420887,1.5497,0.687,0.171,0.9607,0.000209,3.2
16000,1000.0,0.524288,10.485477613505296,1.5588,0.6945,0.1683,0.962,0.00021,3.2
16100,1006.25,0.5275648,10.551011848589702,1.5503,0.6883,0.1729,0.9547,0.000212,3.2
16200,1012.5,0.5308416,10.61654608367411,1.5498,0.6901,0.1836,0.9606,0.000213,3.2
16300,1018.75,0.5341184,10.68208031875852,1.5472,0.6845,0.1694,0.9586,0.000214,3.2
16400,1025.0,0.5373952,10.747614553842928,1.5465,0.6883,0.1691,0.954,0.000216,3.2
16500,1031.25,0.540672,10.813148788927336,1.5577,0.6918,0.1646,0.9639,0.000217,3.3
16600,1037.5,0.5439488,10.878683024011744,1.5481,0.6897,0.1726,0.9559,0.000218,3.2
16700,1043.75,0.5472256,10.944217259096153,1.5511,0.6947,0.1688,0.9539,0.000219,3.2
16800,1050.0,0.5505024,11.00975149418056,1.5448,0.6932,0.1766,0.948,0.000221,3.3
16900,1056.25,0.5537792,11.075285729264968,1.5413,0.6896,0.1654,0.9499,0.000222,3.2
17000,1062.5,0.557056,11.140819964349376,1.538,0.6904,0.1753,0.9443,0.000223,3.2
17100,1068.75,0.5603328,11.206354199433784,1.5338,0.6892,0.1705,0.9439,0.000225,3.2
17200,1075.0,0.5636096,11.271888434518191,1.541,0.6886,0.1639,0.9478,0.000226,3.2
17300,1081.25,0.5668864,11.337422669602601,1.5396,0.6892,0.17,0.9458,0.000227,3.3
17400,1087.5,0.5701632,11.40295690468701,1.5382,0.6922,0.174,0.9398,0.000229,3.2
17500,1093.75,0.57344,11.468491139771416,1.538,0.6874,0.1656,0.9464,0.00023,3.2
17600,1100.0,0.5767168,11.534025374855824,1.5314,0.6909,0.1772,0.9392,0.000231,3.2
17700,1106.25,0.5799936,11.599559609940233,1.5241,0.6898,0.1713,0.9303,0.000233,3.2
17800,1112.5,0.5832704,11.665093845024641,1.5321,0.6903,0.1609,0.9349,0.000234,3.3
17900,1118.75,0.5865472,11.730628080109048,1.5345,0.6892,0.1654,0.9407,0.000235,3.2
18000,1125.0,0.589824,11.796162315193456,1.5289,0.6947,0.17,0.9297,0.000237,3.2
18100,1131.25,0.5931008,11.861696550277866,1.5309,0.6921,0.1788,0.9393,0.000238,3.2
18200,1137.5,0.5963776,11.927230785362273,1.5155,0.687,0.1758,0.9292,0.000239,3.2
18300,1143.75,0.5996544,11.992765020446681,1.5193,0.6926,0.1673,0.9265,0.00024,3.2
18400,1150.0,0.6029312,12.05829925553109,1.5145,0.6889,0.1737,0.9232,0.000242,3.2
18500,1156.25,0.606208,12.123833490615498,1.5181,0.6932,0.1677,0.926,0.000243,3.2
18600,1162.5,0.6094848,12.189367725699904,1.511,0.6934,0.1717,0.9197,0.000244,3.3
18700,1168.75,0.6127616,12.254901960784313,1.5083,0.6833,0.1646,0.9191,0.000246,3.2
18800,1175.0,0.6160384,12.320436195868721,1.5099,0.6926,0.1706,0.9149,0.000247,3.2
18900,1181.25,0.6193152,12.38597043095313,1.5035,0.6873,0.1762,0.9112,0.000248,3.3
19000,1187.5,0.622592,12.451504666037538,1.5145,0.6901,0.1647,0.9142,0.00025,3.2
19100,1193.75,0.6258688,12.517038901121946,1.503,0.695,0.1736,0.9052,0.000251,3.2
19200,1200.0,0.6291456,12.582573136206355,1.5005,0.6921,0.1715,0.9097,0.000252,3.2
19300,1206.25,0.6324224,12.648107371290763,1.5059,0.6918,0.1844,0.9116,0.000254,3.2
19400,1212.5,0.6356992,12.71364160637517,1.5023,0.6925,0.1732,0.9077,0.000255,3.2
19500,1218.75,0.638976,12.779175841459578,1.4969,0.6886,0.1696,0.9066,0.000256,3.2
19600,1225.0,0.6422528,12.844710076543986,1.5,0.6853,0.1715,0.9041,0.000258,3.3
19700,1231.25,0.6455296,12.910244311628393,1.4915,0.6926,0.1787,0.8975,0.000259,3.2
19800,1237.5,0.6488064,12.975778546712801,1.4835,0.6934,0.1709,0.8908,0.00026,3.3
19900,1243.75,0.6520832,13.04131278179721,1.4932,0.6885,0.1688,0.8959,0.000261,3.2
20000,1250.0,0.65536,13.106847016881618,1.482,0.6886,0.1727,0.889,0.000263,3.2
20100,1256.25,0.6586368,13.172381251966028,1.4766,0.6852,0.1734,0.8859,0.000264,3.2
20200,1262.5,0.6619136,13.237915487050437,1.4794,0.6914,0.1659,0.8844,0.000265,3.2
20300,1268.75,0.6651904,13.303449722134845,1.4852,0.694,0.1632,0.8887,0.000267,3.2
20400,1275.0,0.6684672,13.368983957219251,1.4811,0.688,0.1693,0.8849,0.000268,3.2
20500,1281.25,0.671744,13.43451819230366,1.4744,0.6935,0.1728,0.8777,0.000269,3.3
20600,1287.5,0.6750208,13.500052427388068,1.4688,0.6911,0.1688,0.8754,0.000271,3.2
20700,1293.75,0.6782976,13.565586662472477,1.4684,0.6919,0.1751,0.8761,0.000272,3.2
20800,1300.0,0.6815744,13.631120897556883,1.472,0.6918,0.1737,0.8756,0.000273,3.2
20900,1306.25,0.6848512,13.696655132641292,1.4547,0.6888,0.1756,0.8646,0.000275,3.2
21000,1312.5,0.688128,13.7621893677257,1.4566,0.6893,0.1758,0.8661,0.000276,3.2
21100,1318.75,0.6914048,13.827723602810108,1.4625,0.6887,0.171,0.8699,0.000277,3.2
21200,1325.0,0.6946816,13.893257837894515,1.4583,0.6922,0.1665,0.8581,0.000279,3.2
21300,1331.25,0.6979584,13.958792072978923,1.4587,0.6917,0.168,0.8589,0.00028,3.2
21400,1337.5,0.7012352,14.024326308063332,1.4563,0.6923,0.1665,0.8592,0.000281,3.2
21500,1343.75,0.704512,14.08986054314774,1.442,0.6933,0.1789,0.8489,0.000282,3.2
21600,1350.0,0.7077888,14.155394778232147,1.4453,0.6923,0.1709,0.8494,0.000284,3.2
21700,1356.25,0.7110656,14.220929013316558,1.4435,0.6904,0.1641,0.8485,0.000285,3.2
21800,1362.5,0.7143424,14.286463248400965,1.4402,0.6898,0.1747,0.843,0.000286,3.3
21900,1368.75,0.7176192,14.351997483485373,1.4338,0.6931,0.1679,0.8379,0.000288,3.2
22000,1375.0,0.720896,14.417531718569782,1.4257,0.6864,0.1652,0.8339,0.000289,3.2
22100,1381.25,0.7241728,14.48306595365419,1.4274,0.6898,0.1712,0.8337,0.00029,3.2
22200,1387.5,0.7274496,14.548600188738597,1.423,0.6926,0.1733,0.8286,0.000292,3.2
22300,1393.75,0.7307264,14.614134423823005,1.4146,0.6859,0.1728,0.8244,0.000293,3.3
22400,1400.0,0.7340032,14.679668658907413,1.4177,0.6909,0.1724,0.824,0.000294,3.2
22500,1406.25,0.73728,14.745202893991822,1.4147,0.6912,0.1698,0.8182,0.000296,3.2
22600,1412.5,0.7405568,14.810737129076228,1.4081,0.6867,0.1732,0.8169,0.000297,3.2
22700,1418.75,0.7438336,14.876271364160637,1.4049,0.6897,0.1724,0.8126,0.000298,3.2
22800,1425.0,0.7471104,14.941805599245045,1.406,0.6912,0.1692,0.8133,0.0003,3.3
22900,1431.25,0.7503872,15.007339834329454,1.3914,0.6858,0.1726,0.8048,0.000301,3.2
23000,1437.5,0.753664,15.07287406941386,1.4089,0.6963,0.1783,0.8122,0.000302,3.2
23100,1443.75,0.7569408,15.138408304498268,1.3922,0.6919,0.1731,0.798,0.000304,3.2
23200,1450.0,0.7602176,15.203942539582677,1.3808,0.6863,0.1742,0.7933,0.000305,3.2
23300,1456.25,0.7634944,15.269476774667087,1.3923,0.694,0.1741,0.7946,0.000306,3.2
23400,1462.5,0.7667712,15.335011009751495,1.3856,0.6897,0.1636,0.7893,0.000308,3.2
23500,1468.75,0.770048,15.400545244835904,1.3803,0.6877,0.1688,0.7882,0.000309,3.2
23600,1475.0,0.7733248,15.46607947992031,1.3859,0.6927,0.1652,0.7882,0.00031,3.2
23700,1481.25,0.7766016,15.531613715004719,1.3757,0.6866,0.1696,0.7865,0.000312,3.2
23800,1487.5,0.7798784,15.597147950089127,1.3684,0.6899,0.1686,0.7724,0.000313,3.2
23900,1493.75,0.7831552,15.662682185173535,1.3668,0.6906,0.1716,0.776,0.000314,3.2
24000,1500.0,0.786432,15.728216420257942,1.3659,0.6913,0.1673,0.7669,0.000316,3.2
24100,1506.25,0.7897088,15.79375065534235,1.3615,0.6928,0.1736,0.7641,0.000317,3.2
24200,1512.5,0.7929856,15.859284890426759,1.3529,0.687,0.1764,0.7639,0.000318,3.2
24300,1518.75,0.7962624,15.924819125511167,1.349,0.6881,0.1768,0.7587,0.000319,3.2
24400,1525.0,0.7995392,15.990353360595574,1.3461,0.6924,0.1719,0.7544,0.000321,3.2
24500,1531.25,0.802816,16.055887595679984,1.3497,0.6896,0.1709,0.7499,0.000322,3.2
24600,1537.5,0.8060928,16.12142183076439,1.3443,0.6897,0.1721,0.7544,0.000323,3.2
24700,1543.75,0.8093696,16.186956065848797,1.3406,0.6921,0.1699,0.7449,0.000325,3.2
24800,1550.0,0.8126464,16.252490300933207,1.3334,0.6933,0.1729,0.7397,0.000326,3.3
24900,1556.25,0.8159232,16.318024536017617,1.3361,0.697,0.1676,0.735,0.000327,3.3
25000,1562.5,0.8192,16.383558771102024,1.3423,0.6976,0.1622,0.7358,0.000329,3.2
25100,1568.75,0.8224768,16.449093006186434,1.3275,0.6873,0.1724,0.7368,0.00033,3.2
25200,1575.0,0.8257536,16.51462724127084,1.3228,0.6906,0.1713,0.733,0.000331,3.2
25300,1581.25,0.8290304,16.580161476355247,1.3145,0.6946,0.1771,0.7261,0.000333,3.3
25400,1587.5,0.8323072,16.645695711439657,1.3175,0.6943,0.1805,0.7197,0.000334,3.2
25500,1593.75,0.835584,16.711229946524064,1.3204,0.6909,0.1635,0.7185,0.000335,3.2
25600,1600.0,0.8388608,16.77676418160847,1.3077,0.6914,0.1777,0.7129,0.000337,3.2
25700,1606.25,0.8421376,16.84229841669288,1.2939,0.6839,0.1777,0.7106,0.000338,3.2
25800,1612.5,0.8454144,16.907832651777287,1.3052,0.6945,0.1764,0.7072,0.000339,3.3
25900,1618.75,0.8486912,16.973366886861697,1.3024,0.6896,0.1756,0.7082,0.00034,3.2
26000,1625.0,0.851968,17.038901121946104,1.2958,0.6962,0.1735,0.6954,0.000342,3.2
26100,1631.25,0.8552448,17.10443535703051,1.2873,0.6854,0.171,0.6993,0.000343,3.2
26200,1637.5,0.8585216,17.16996959211492,1.2885,0.692,0.1707,0.6912,0.000344,3.2
26300,1643.75,0.8617984,17.235503827199327,1.2785,0.6886,0.1717,0.6839,0.000346,3.3
26400,1650.0,0.8650752,17.301038062283737,1.2716,0.6854,0.1728,0.6856,0.000347,3.3
26500,1656.25,0.868352,17.366572297368148,1.2727,0.6879,0.1734,0.6834,0.000348,3.2
26600,1662.5,0.8716288,17.432106532452554,1.275,0.6917,0.1715,0.678,0.00035,3.2
26700,1668.75,0.8749056,17.49764076753696,1.2694,0.6836,0.1756,0.6809,0.000351,3.2
26800,1675.0,0.8781824,17.56317500262137,1.2704,0.6902,0.1729,0.6734,0.000352,3.2
26900,1681.25,0.8814592,17.628709237705777,1.2671,0.6923,0.1725,0.6691,0.000354,3.2
27000,1687.5,0.884736,17.694243472790188,1.2682,0.6884,0.1583,0.6731,0.000355,3.2
27100,1693.75,0.8880128,17.759777707874594,1.2625,0.6885,0.1631,0.6653,0.000356,3.3
27200,1700.0,0.8912896,17.825311942959,1.2582,0.6896,0.166,0.6594,0.000358,3.2
27300,1706.25,0.8945664,17.89084617804341,1.2435,0.6898,0.1827,0.6545,0.000359,3.3
27400,1712.5,0.8978432,17.956380413127818,1.2471,0.6929,0.1764,0.6494,0.00036,3.3
27500,1718.75,0.90112,18.021914648212224,1.2387,0.6926,0.1705,0.6454,0.000361,3.2
27600,1725.0,0.9043968,18.087448883296634,1.2468,0.6936,0.1712,0.6471,0.000363,3.2
27700,1731.25,0.9076736,18.15298311838104,1.226,0.6899,0.1724,0.6415,0.000364,3.2
27800,1737.5,0.9109504,18.21851735346545,1.2366,0.6899,0.1734,0.6406,0.000365,3.3
27900,1743.75,0.9142272,18.284051588549858,1.2272,0.689,0.1727,0.6332,0.000367,3.2
28000,1750.0,0.917504,18.349585823634264,1.2394,0.6925,0.1698,0.6375,0.000368,3.2
28100,1756.25,0.9207808,18.415120058718674,1.2338,0.6937,0.1739,0.6348,0.000369,3.2
28200,1762.5,0.9240576,18.480654293803084,1.2157,0.6917,0.175,0.625,0.000371,3.3
28300,1768.75,0.9273344,18.54618852888749,1.2139,0.6927,0.1733,0.6179,0.000372,3.3
28400,1775.0,0.9306112,18.6117227639719,1.227,0.6945,0.1677,0.6262,0.000373,3.2
28500,1781.25,0.933888,18.677256999056308,1.2105,0.6866,0.1712,0.6185,0.000375,3.2
28600,1787.5,0.9371648,18.742791234140714,1.2113,0.6917,0.1719,0.6183,0.000376,3.2
28700,1793.75,0.9404416,18.808325469225124,1.2068,0.6864,0.1729,0.6183,0.000377,3.2
28800,1800.0,0.9437184,18.87385970430953,1.2103,0.6925,0.1666,0.607,0.000379,3.2
28900,1806.25,0.9469952,18.939393939393938,1.2097,0.6932,0.1752,0.6141,0.00038,3.2
29000,1812.5,0.950272,19.004928174478348,1.1945,0.6881,0.1739,0.6016,0.000381,3.2
29100,1818.75,0.9535488,19.070462409562754,1.1817,0.6899,0.1773,0.5963,0.000382,3.2
29200,1825.0,0.9568256,19.135996644647165,1.1958,0.6915,0.1711,0.6034,0.000384,3.2
29300,1831.25,0.9601024,19.20153087973157,1.1789,0.6859,0.1869,0.5927,0.000385,3.2
29400,1837.5,0.9633792,19.267065114815978,1.1864,0.6957,0.1743,0.586,0.000386,3.2
29500,1843.75,0.966656,19.332599349900388,1.1804,0.6933,0.1822,0.5893,0.000388,3.2
29600,1850.0,0.9699328,19.398133584984794,1.1912,0.695,0.1714,0.5906,0.000389,3.2
29700,1856.25,0.9732096,19.463667820069205,1.1724,0.6914,0.1715,0.5782,0.00039,3.2
29800,1862.5,0.9764864,19.529202055153615,1.1618,0.6815,0.1709,0.5782,0.000392,3.3
29900,1868.75,0.9797632,19.59473629023802,1.1672,0.6876,0.173,0.5785,0.000393,3.2
30000,1875.0,0.98304,19.660270525322428,1.1708,0.6907,0.1791,0.5813,0.000394,3.2
30100,1881.25,0.9863168,19.725804760406838,1.1533,0.6823,0.1738,0.5713,0.000396,3.2
30200,1887.5,0.9895936,19.791338995491245,1.1665,0.689,0.1731,0.574,0.000397,3.2
30300,1893.75,0.9928704,19.85687323057565,1.1575,0.6851,0.18,0.5685,0.000398,3.2
30400,1900.0,0.9961472,19.92240746566006,1.1648,0.6951,0.1793,0.5645,0.0004,3.2
30500,1906.25,0.999424,19.987941700744468,1.1615,0.6914,0.1674,0.5651,0.000401,3.3
30600,1912.5,1.0027008,20.053475935828878,1.1584,0.6989,0.1771,0.558,0.000402,3.3
30700,1918.75,1.0059776,20.119010170913285,1.1455,0.6887,0.1759,0.5509,0.000403,3.2
30800,1925.0,1.0092544,20.18454440599769,1.1374,0.6922,0.173,0.5474,0.000405,3.2
30900,1931.25,1.0125312,20.2500786410821,1.1468,0.6851,0.1713,0.5544,0.000406,3.2
31000,1937.5,1.015808,20.315612876166508,1.1444,0.6954,0.1738,0.5451,0.000407,3.2
31100,1943.75,1.0190848,20.381147111250915,1.1383,0.6951,0.1738,0.5429,0.000409,3.2
31200,1950.0,1.0223616,20.446681346335325,1.1419,0.6938,0.1768,0.5458,0.00041,3.2
31300,1956.25,1.0256384,20.512215581419735,1.141,0.6955,0.1732,0.5439,0.000411,3.3
31400,1962.5,1.0289152,20.57774981650414,1.1494,0.692,0.1724,0.5495,0.000413,3.2
31500,1968.75,1.032192,20.64328405158855,1.1289,0.689,0.1799,0.5388,0.000414,3.2
31600,1975.0,1.0354688,20.708818286672958,1.1145,0.6901,0.1755,0.5306,0.000415,3.2
31700,1981.25,1.0387456,20.774352521757365,1.1197,0.6844,0.1744,0.5344,0.000417,3.2
31800,1987.5,1.0420224,20.839886756841775,1.1254,0.6905,0.1712,0.5272,0.000418,3.3
31900,1993.75,1.0452992,20.90542099192618,1.1175,0.687,0.1706,0.527,0.000419,3.2
32000,2000.0,1.048576,20.97095522701059,1.1256,0.6951,0.171,0.5254,0.000421,3.2
32100,2006.25,1.0518528,21.036489462095,1.1137,0.6921,0.1738,0.5181,0.000422,3.2
32200,2012.5,1.0551296,21.102023697179405,1.1119,0.6864,0.1723,0.5235,0.000423,3.2
32300,2018.75,1.0584064,21.167557932263815,1.1113,0.6922,0.1743,0.515,0.000424,3.2
32400,2025.0,1.0616832,21.23309216734822,1.109,0.6948,0.1774,0.5154,0.000426,3.2
32500,2031.25,1.06496,21.29862640243263,1.1108,0.6937,0.1746,0.5142,0.000427,3.2
32600,2037.5,1.0682368,21.36416063751704,1.1074,0.6952,0.1798,0.5088,0.000428,3.2
32700,2043.75,1.0715136,21.429694872601445,1.1014,0.6912,0.1609,0.5072,0.00043,3.2
32800,2050.0,1.0747904,21.495229107685855,1.102,0.6901,0.1781,0.5066,0.000431,3.2
32900,2056.25,1.0780672,21.560763342770265,1.1016,0.6916,0.1673,0.5,0.000432,3.2
33000,2062.5,1.081344,21.62629757785467,1.0972,0.6921,0.1747,0.5014,0.000434,3.2
33100,2068.75,1.0846208,21.691831812939082,1.0985,0.6894,0.1755,0.502,0.000435,3.2
33200,2075.0,1.0878976,21.75736604802349,1.0964,0.6906,0.1804,0.5072,0.000436,3.2
33300,2081.25,1.0911744,21.822900283107895,1.0923,0.6919,0.1746,0.4967,0.000438,3.3
33400,2087.5,1.0944512,21.888434518192305,1.0962,0.6879,0.1728,0.4969,0.000439,3.2
33500,2093.75,1.097728,21.953968753276712,1.0729,0.6834,0.1778,0.4882,0.00044,3.2
33600,2100.0,1.1010048,22.01950298836112,1.0856,0.6937,0.1741,0.4918,0.000442,3.2
33700,2106.25,1.1042816,22.08503722344553,1.0774,0.6892,0.1803,0.4887,0.000443,3.2
33800,2112.5,1.1075584,22.150571458529935,1.0873,0.6924,0.168,0.4887,0.000444,3.3
33900,2118.75,1.1108352,22.216105693614345,1.0805,0.689,0.174,0.4885,0.000446,3.2
34000,2125.0,1.114112,22.281639928698752,1.0713,0.6898,0.1707,0.4807,0.000447,3.2
34100,2131.25,1.1173888,22.34717416378316,1.0821,0.696,0.1769,0.4851,0.000448,3.2
34200,2137.5,1.1206656,22.41270839886757,1.0779,0.6894,0.173,0.4797,0.00045,3.2
34300,2143.75,1.1239424,22.478242633951975,1.0734,0.691,0.1786,0.4795,0.000451,3.3
34400,2150.0,1.1272192,22.543776869036382,1.0651,0.6862,0.1656,0.4709,0.000452,3.3
34500,2156.25,1.130496,22.609311104120795,1.0647,0.6927,0.1763,0.4738,0.000454,3.2
34600,2162.5,1.1337728,22.674845339205202,1.073,0.6979,0.169,0.4686,0.000455,3.3
34700,2168.75,1.1370496,22.74037957428961,1.0563,0.6893,0.1768,0.4671,0.000456,3.2
34800,2175.0,1.1403264,22.80591380937402,1.0723,0.6946,0.1799,0.4743,0.000458,3.3
34900,2181.25,1.1436032,22.871448044458425,1.0609,0.6913,0.165,0.4642,0.000459,3.2
35000,2187.5,1.14688,22.936982279542832,1.0595,0.685,0.17,0.466,0.00046,3.2
35100,2193.75,1.1501568,23.002516514627242,1.0711,0.6923,0.174,0.4719,0.000461,3.2
35200,2200.0,1.1534336,23.06805074971165,1.0563,0.6951,0.1724,0.4621,0.000463,3.2
35300,2206.25,1.1567104,23.13358498479606,1.0603,0.6937,0.1752,0.4612,0.000464,3.3
35400,2212.5,1.1599872,23.199119219880465,1.0505,0.6892,0.1725,0.4566,0.000465,3.2
35500,2218.75,1.163264,23.264653454964872,1.0473,0.6947,0.1753,0.4527,0.000467,3.3
35600,2225.0,1.1665408,23.330187690049282,1.0487,0.6898,0.1754,0.4552,0.000468,3.3
35700,2231.25,1.1698176,23.39572192513369,1.0482,0.6942,0.1697,0.4528,0.000469,3.3
35800,2237.5,1.1730944,23.461256160218095,1.046,0.6893,0.1793,0.453,0.000471,3.2
35900,2243.75,1.1763712,23.526790395302505,1.0487,0.6848,0.1747,0.4594,0.000472,3.2
36000,2250.0,1.179648,23.592324630386912,1.0437,0.6925,0.1806,0.4508,0.000473,3.2
36100,2256.25,1.1829248,23.657858865471322,1.0423,0.6904,0.1733,0.4453,0.000475,3.2
36200,2262.5,1.1862016,23.723393100555732,1.0423,0.6922,0.1825,0.4463,0.000476,3.2
36300,2268.75,1.1894784,23.78892733564014,1.0414,0.692,0.1811,0.4477,0.000477,3.3
36400,2275.0,1.1927552,23.854461570724546,1.0303,0.682,0.1874,0.4486,0.000479,3.3
36500,2281.25,1.196032,23.919995805808956,1.0494,0.6893,0.1671,0.4468,0.00048,3.3
36600,2287.5,1.1993088,23.985530040893362,1.0443,0.6937,0.1783,0.4495,0.000481,3.3
36700,2293.75,1.2025856,24.051064275977772,1.0244,0.6902,0.171,0.4297,0.000482,3.2
36800,2300.0,1.2058624,24.11659851106218,1.0353,0.6964,0.1739,0.4373,0.000484,3.3
36900,2306.25,1.2091392,24.182132746146586,1.0317,0.6946,0.1775,0.4406,0.000485,3.2
37000,2312.5,1.212416,24.247666981230996,1.0264,0.69,0.1797,0.4383,0.000486,3.2
37100,2318.75,1.2156928,24.313201216315402,1.0323,0.6909,0.1708,0.4335,0.000488,3.2
37200,2325.0,1.2189696,24.37873545139981,1.022,0.6915,0.1707,0.4328,0.000489,3.2
37300,2331.25,1.2222464,24.44426968648422,1.0252,0.6932,0.169,0.4272,0.00049,3.2
37400,2337.5,1.2255232,24.509803921568626,1.035,0.695,0.1747,0.4305,0.000492,3.2
37500,2343.75,1.2288,24.575338156653036,1.0323,0.689,0.1795,0.4362,0.000493,3.2
37600,2350.0,1.2320768,24.640872391737442,1.0215,0.6918,0.1767,0.4276,0.000494,3.2
37700,2356.25,1.2353536,24.706406626821853,1.0164,0.6835,0.1698,0.429,0.000496,3.2
37800,2362.5,1.2386304,24.77194086190626,1.0383,0.6947,0.1741,0.4358,0.000497,3.2
37900,2368.75,1.2419072,24.83747509699067,1.0153,0.6926,0.1729,0.4164,0.000498,3.2
38000,2375.0,1.245184,24.903009332075076,1.0071,0.6899,0.1805,0.4139,0.0005,3.2
38100,2381.25,1.2484608,24.968543567159486,1.0096,0.692,0.1791,0.4178,0.000501,3.2
38200,2387.5,1.2517376,25.034077802243893,1.0041,0.6923,0.1762,0.4125,0.000502,3.2
38300,2393.75,1.2550144,25.0996120373283,1.0131,0.6939,0.1676,0.4154,0.000503,3.3
38400,2400.0,1.2582912,25.16514627241271,1.006,0.6897,0.183,0.4206,0.000505,3.2
38500,2406.25,1.261568,25.230680507497116,1.0032,0.6859,0.1707,0.4157,0.000506,3.2
38600,2412.5,1.2648448,25.296214742581526,1.0139,0.6928,0.1746,0.4231,0.000507,3.2
38700,2418.75,1.2681216,25.361748977665933,1.0119,0.6976,0.1777,0.4148,0.000509,3.2
38800,2425.0,1.2713984,25.42728321275034,1.0128,0.6931,0.1714,0.4145,0.00051,3.3
38900,2431.25,1.2746752,25.49281744783475,1.0027,0.6943,0.1819,0.4068,0.000511,3.2
39000,2437.5,1.277952,25.558351682919156,0.9961,0.696,0.1816,0.4023,0.000513,3.2
39100,2443.75,1.2812288,25.623885918003563,1.0056,0.6874,0.18,0.4117,0.000514,3.2
39200,2450.0,1.2845056,25.689420153087973,1.006,0.6904,0.1824,0.4151,0.000515,3.2
39300,2456.25,1.2877824,25.75495438817238,0.999,0.6954,0.1695,0.4001,0.000517,3.3
39400,2462.5,1.2910592,25.820488623256786,1.0015,0.6927,0.1707,0.4046,0.000518,3.2
39500,2468.75,1.294336,25.886022858341196,1.0009,0.6913,0.1744,0.4063,0.000519,3.2
39600,2475.0,1.2976128,25.951557093425603,1.0027,0.698,0.1734,0.4016,0.000521,3.2
39700,2481.25,1.3008896,26.017091328510013,1.013,0.7026,0.1751,0.4068,0.000522,3.2
39800,2487.5,1.3041664,26.08262556359442,0.9978,0.6904,0.178,0.4007,0.000523,3.2
39900,2493.75,1.3074432,26.148159798678826,0.9945,0.6887,0.1787,0.4027,0.000524,3.2
40000,2500.0,1.31072,26.213694033763236,1.0002,0.6938,0.1787,0.4012,0.000526,3.2
40100,2506.25,1.3139968,26.27922826884765,1.0015,0.6867,0.1683,0.4014,0.000527,3.2
40200,2512.5,1.3172736,26.344762503932056,0.9908,0.6904,0.1792,0.3994,0.000528,3.2
40300,2518.75,1.3205504,26.410296739016463,0.9793,0.6873,0.176,0.391,0.00053,3.3
40400,2525.0,1.3238272,26.475830974100873,0.9935,0.6961,0.1696,0.3934,0.000531,3.2
40500,2531.25,1.327104,26.54136520918528,0.9995,0.688,0.1718,0.4025,0.000532,3.2
40600,2537.5,1.3303808,26.60689944426969,0.982,0.6903,0.1759,0.3898,0.000534,3.2
40700,2543.75,1.3336576,26.672433679354096,0.9839,0.6893,0.1719,0.3937,0.000535,3.2
40800,2550.0,1.3369344,26.737967914438503,0.9879,0.6917,0.1762,0.3898,0.000536,3.3
40900,2556.25,1.3402112,26.803502149522913,0.987,0.6936,0.1738,0.391,0.000538,3.2
41000,2562.5,1.343488,26.86903638460732,0.988,0.6896,0.1765,0.3924,0.000539,3.3
41100,2568.75,1.3467648,26.934570619691726,0.9734,0.6906,0.1831,0.383,0.00054,3.2
41200,2575.0,1.3500416,27.000104854776136,0.9721,0.6877,0.1788,0.3878,0.000542,3.2
41300,2581.25,1.3533184,27.065639089860543,0.988,0.6892,0.1792,0.3873,0.000543,3.3
41400,2587.5,1.3565952,27.131173324944953,0.9868,0.6893,0.1719,0.3909,0.000544,3.2
41500,2593.75,1.359872,27.19670756002936,0.9777,0.6879,0.1724,0.3846,0.000545,3.3
41600,2600.0,1.3631488,27.262241795113766,0.9803,0.6913,0.1758,0.3883,0.000547,3.2
41700,2606.25,1.3664256,27.327776030198176,0.9767,0.6893,0.1818,0.3823,0.000548,3.2
41800,2612.5,1.3697024,27.393310265282583,0.9831,0.6917,0.1738,0.385,0.000549,3.3
41900,2618.75,1.3729792,27.45884450036699,0.9698,0.6874,0.1744,0.3768,0.000551,3.2
42000,2625.0,1.376256,27.5243787354514,0.9756,0.6964,0.1754,0.3826,0.000552,3.2
42100,2631.25,1.3795328,27.589912970535806,0.9853,0.6919,0.1704,0.3886,0.000553,3.2
42200,2637.5,1.3828096,27.655447205620217,0.9701,0.6905,0.1801,0.3787,0.000555,3.2
42300,2643.75,1.3860864,27.720981440704623,0.9628,0.6883,0.1697,0.3713,0.000556,3.3
42400,2650.0,1.3893632,27.78651567578903,0.9732,0.6936,0.1715,0.3707,0.000557,3.2
42500,2656.25,1.39264,27.85204991087344,0.9722,0.6957,0.1714,0.37,0.000559,3.3
42600,2662.5,1.3959168,27.917584145957846,0.9669,0.6908,0.172,0.3712,0.00056,3.2
42700,2668.75,1.3991936,27.983118381042253,0.9635,0.6945,0.1797,0.3677,0.000561,3.2
42800,2675.0,1.4024704,28.048652616126663,0.9739,0.6909,0.1811,0.3794,0.000563,3.2
42900,2681.25,1.4057472,28.11418685121107,0.9619,0.6955,0.1757,0.366,0.000564,3.2
43000,2687.5,1.409024,28.17972108629548,0.9678,0.6886,0.178,0.3768,0.000565,3.2
43100,2693.75,1.4123008,28.245255321379886,0.9766,0.6971,0.1695,0.3747,0.000566,3.2
43200,2700.0,1.4155776,28.310789556464293,0.9637,0.6859,0.1709,0.3678,0.000568,3.2
43300,2706.25,1.4188544,28.376323791548707,0.9579,0.6896,0.1745,0.3648,0.000569,3.3
43400,2712.5,1.4221312,28.441858026633117,0.968,0.6889,0.1771,0.3706,0.00057,3.2
43500,2718.75,1.425408,28.507392261717523,0.9631,0.689,0.1767,0.3699,0.000572,3.2
43600,2725.0,1.4286848,28.57292649680193,0.9582,0.6891,0.1796,0.3689,0.000573,3.2
43700,2731.25,1.4319616,28.63846073188634,0.9612,0.6958,0.1764,0.3663,0.000574,3.2
43800,2737.5,1.4352384,28.703994966970747,0.9479,0.6849,0.1721,0.3545,0.000576,3.3
43900,2743.75,1.4385152,28.769529202055153,0.9575,0.6852,0.1768,0.3693,0.000577,3.2
44000,2750.0,1.441792,28.835063437139564,0.9539,0.6907,0.1844,0.3601,0.000578,3.2
44100,2756.25,1.4450688,28.90059767222397,0.9592,0.6959,0.1745,0.3612,0.00058,3.2
44200,2762.5,1.4483456,28.96613190730838,0.9568,0.6851,0.1826,0.3673,0.000581,3.2
44300,2768.75,1.4516224,29.031666142392787,0.945,0.6869,0.1752,0.356,0.000582,3.3
44400,2775.0,1.4548992,29.097200377477193,0.9556,0.688,0.1766,0.3634,0.000584,3.2
44500,2781.25,1.458176,29.162734612561604,0.9697,0.691,0.1786,0.3701,0.000585,3.2
44600,2787.5,1.4614528,29.22826884764601,0.9542,0.6917,0.1742,0.3597,0.000586,3.2
44700,2793.75,1.4647296,29.29380308273042,0.9571,0.6929,0.1735,0.3599,0.000588,3.2
44800,2800.0,1.4680064,29.359337317814827,0.9566,0.6937,0.1689,0.3596,0.000589,3.2
44900,2806.25,1.4712832,29.424871552899234,0.9696,0.6926,0.1795,0.3694,0.00059,3.2
45000,2812.5,1.47456,29.490405787983644,0.9557,0.6907,0.1814,0.3608,0.000592,3.2
45100,2818.75,1.4778368,29.55594002306805,0.9576,0.6921,0.1734,0.361,0.000593,3.3
45200,2825.0,1.4811136,29.621474258152457,0.9373,0.6909,0.1787,0.3452,0.000594,3.2
45300,2831.25,1.4843904,29.687008493236867,0.9424,0.6927,0.1737,0.3473,0.000595,3.2
45400,2837.5,1.4876672,29.752542728321274,0.9545,0.6959,0.1766,0.3574,0.000597,3.2
45500,2843.75,1.490944,29.81807696340568,0.9411,0.6912,0.1764,0.3463,0.000598,3.2
45600,2850.0,1.4942208,29.88361119849009,0.9356,0.6846,0.183,0.3482,0.000599,3.2
45700,2856.25,1.4974976,29.949145433574497,0.9554,0.6921,0.1794,0.3583,0.000601,3.2
45800,2862.5,1.5007744,30.014679668658907,0.9466,0.6965,0.1752,0.3478,0.000602,3.3
45900,2868.75,1.5040512,30.080213903743314,0.951,0.6944,0.1753,0.3506,0.000603,3.2
46000,2875.0,1.507328,30.14574813882772,0.9486,0.6923,0.1819,0.3518,0.000605,3.2
46100,2881.25,1.5106048,30.21128237391213,0.9443,0.6937,0.1732,0.3511,0.000606,3.2
46200,2887.5,1.5138816,30.276816608996537,0.9399,0.6927,0.1863,0.3487,0.000607,3.2
46300,2893.75,1.5171584,30.342350844080947,0.9443,0.6912,0.176,0.3497,0.000609,3.3
46400,2900.0,1.5204352,30.407885079165354,0.9356,0.6841,0.1707,0.3444,0.00061,3.2
46500,2906.25,1.523712,30.473419314249767,0.9456,0.6913,0.178,0.3475,0.000611,3.2
46600,2912.5,1.5269888,30.538953549334174,0.9395,0.6938,0.1832,0.346,0.000613,3.2
46700,2918.75,1.5302656,30.604487784418584,0.9478,0.6924,0.1766,0.3516,0.000614,3.2
46800,2925.0,1.5335424,30.67002201950299,0.939,0.6875,0.1757,0.3448,0.000615,3.3
46900,2931.25,1.5368192,30.735556254587397,0.9518,0.6929,0.1803,0.3555,0.000617,3.3
47000,2937.5,1.540096,30.801090489671807,0.944,0.6925,0.1741,0.3451,0.000618,3.2
47100,2943.75,1.5433728,30.866624724756214,0.9455,0.688,0.1797,0.349,0.000619,3.2
47200,2950.0,1.5466496,30.93215895984062,0.9358,0.6912,0.1774,0.3411,0.000621,3.2
47300,2956.25,1.5499264,30.99769319492503,0.9321,0.6905,0.1816,0.3417,0.000622,3.3
47400,2962.5,1.5532032,31.063227430009437,0.9442,0.6938,0.1758,0.3444,0.000623,3.2
47500,2968.75,1.55648,31.128761665093847,0.952,0.6928,0.1794,0.3562,0.000624,3.2
47600,2975.0,1.5597568,31.194295900178254,0.9348,0.6906,0.1808,0.3378,0.000626,3.2
47700,2981.25,1.5630336,31.25983013526266,0.9324,0.6866,0.1724,0.3378,0.000627,3.2
47800,2987.5,1.5663104,31.32536437034707,0.937,0.6927,0.1766,0.3394,0.000628,3.3
47900,2993.75,1.5695872,31.390898605431477,0.9314,0.6928,0.1726,0.3379,0.00063,3.2
48000,3000.0,1.572864,31.456432840515884,0.925,0.6866,0.183,0.3321,0.000631,3.2
48100,3006.25,1.5761408,31.521967075600294,0.9357,0.6891,0.1731,0.3387,0.000632,3.2
48200,3012.5,1.5794176,31.5875013106847,0.9238,0.689,0.1734,0.3341,0.000634,3.2
48300,3018.75,1.5826944,31.65303554576911,0.9388,0.6933,0.1736,0.3392,0.000635,3.3
48400,3025.0,1.5859712,31.718569780853517,0.9394,0.6937,0.1791,0.3428,0.000636,3.3
48500,3031.25,1.589248,31.784104015937924,0.9307,0.6945,0.1776,0.3367,0.000638,3.2
48600,3037.5,1.5925248,31.849638251022334,0.9421,0.6944,0.1827,0.3411,0.000639,3.2
48700,3043.75,1.5958016,31.91517248610674,0.9251,0.6905,0.1827,0.3363,0.00064,3.2
48800,3050.0,1.5990784,31.980706721191147,0.9435,0.6965,0.1736,0.3341,0.000642,3.2
48900,3056.25,1.6023552,32.046240956275554,0.9341,0.6907,0.172,0.3391,0.000643,3.2
49000,3062.5,1.605632,32.11177519135997,0.9257,0.6894,0.1919,0.335,0.000644,3.3
49100,3068.75,1.6089088,32.177309426444374,0.9302,0.693,0.1844,0.3366,0.000645,3.2
49200,3075.0,1.6121856,32.24284366152878,0.9334,0.6929,0.1778,0.3351,0.000647,3.3
49300,3081.25,1.6154624,32.30837789661319,0.9243,0.6935,0.1865,0.3298,0.000648,3.3
49400,3087.5,1.6187392,32.373912131697594,0.9261,0.6883,0.1802,0.3318,0.000649,3.3
49500,3093.75,1.622016,32.43944636678201,0.92,0.6941,0.1812,0.3287,0.000651,3.3
49600,3100.0,1.6252928,32.504980601866414,0.9357,0.69,0.1662,0.3302,0.000652,3.2
49700,3106.25,1.6285696,32.57051483695083,0.9131,0.6849,0.1761,0.3202,0.000653,3.2
49800,3112.5,1.6318464,32.636049072035235,0.9275,0.6897,0.1804,0.3317,0.000655,3.3
49900,3118.75,1.6351232,32.70158330711964,0.9152,0.6848,0.1767,0.3216,0.000656,3.3
50000,3125.0,1.6384,32.76711754220405,0.9282,0.6942,0.1831,0.335,0.000657,3.3
50100,3131.25,1.6416768,32.832651777288454,0.9384,0.6947,0.1758,0.3366,0.000659,3.2
50200,3137.5,1.6449536,32.89818601237287,0.929,0.6951,0.176,0.3289,0.00066,3.2
50300,3143.75,1.6482304,32.963720247457275,0.9259,0.6915,0.179,0.328,0.000661,3.3
50400,3150.0,1.6515072,33.02925448254168,0.915,0.6938,0.1771,0.3216,0.000663,3.2
50500,3156.25,1.654784,33.09478871762609,0.9283,0.6952,0.191,0.3304,0.000664,3.3
50600,3162.5,1.6580608,33.160322952710494,0.9127,0.6855,0.1835,0.3247,0.000665,3.2
50700,3168.75,1.6613376,33.22585718779491,0.9158,0.6895,0.1746,0.3212,0.000666,3.3
50800,3175.0,1.6646144,33.291391422879315,0.9385,0.6991,0.1742,0.3391,0.000668,3.3
50900,3181.25,1.6678912,33.35692565796372,0.9164,0.6904,0.1828,0.3235,0.000669,3.2
51000,3187.5,1.671168,33.42245989304813,0.9094,0.6926,0.1776,0.3192,0.00067,3.2
51100,3193.75,1.6744448,33.487994128132534,0.9218,0.6908,0.1782,0.3265,0.000672,3.2
51200,3200.0,1.6777216,33.55352836321694,0.927,0.6891,0.1767,0.3303,0.000673,3.2
51300,3206.25,1.6809984,33.619062598301355,0.9134,0.687,0.1728,0.3189,0.000674,3.3
51400,3212.5,1.6842752,33.68459683338576,0.9179,0.6939,0.1795,0.3181,0.000676,3.3
51500,3218.75,1.687552,33.75013106847017,0.9184,0.6871,0.1779,0.3229,0.000677,3.2
51600,3225.0,1.6908288,33.815665303554574,0.9122,0.6911,0.1745,0.3186,0.000678,3.2
51700,3231.25,1.6941056,33.88119953863898,0.9261,0.6924,0.1766,0.3278,0.00068,3.2
51800,3237.5,1.6973824,33.946733773723395,0.9141,0.6902,0.1847,0.3267,0.000681,3.3
51900,3243.75,1.7006592,34.0122680088078,0.9209,0.6908,0.1735,0.3219,0.000682,3.2
52000,3250.0,1.703936,34.07780224389221,0.9224,0.6936,0.1793,0.3271,0.000684,3.2
52100,3256.25,1.7072128,34.143336478976615,0.9088,0.6905,0.1776,0.3159,0.000685,3.2
52200,3262.5,1.7104896,34.20887071406102,0.916,0.6884,0.1786,0.3236,0.000686,3.2
52300,3268.75,1.7137664,34.274404949145435,0.9241,0.6962,0.1791,0.3244,0.000687,3.2
52400,3275.0,1.7170432,34.33993918422984,0.9201,0.6955,0.1792,0.3189,0.000689,3.3
52500,3281.25,1.72032,34.40547341931425,0.9202,0.6923,0.1727,0.3252,0.00069,3.3
52600,3287.5,1.7235968,34.471007654398655,0.9102,0.6911,0.1796,0.3151,0.000691,3.2
52700,3293.75,1.7268736,34.53654188948306,0.9051,0.6864,0.1785,0.3162,0.000693,3.3
52800,3300.0,1.7301504,34.602076124567475,0.9074,0.6949,0.1751,0.317,0.000694,3.3
52900,3306.25,1.7334272,34.66761035965188,0.9088,0.6905,0.1772,0.3202,0.000695,3.3
53000,3312.5,1.736704,34.733144594736295,0.9086,0.6896,0.1846,0.3202,0.000697,3.2
53100,3318.75,1.7399808,34.7986788298207,0.9141,0.69,0.1729,0.3182,0.000698,3.3
53200,3325.0,1.7432576,34.86421306490511,0.914,0.6845,0.1696,0.3194,0.000699,3.2
53300,3331.25,1.7465344,34.929747299989515,0.9136,0.6882,0.1806,0.3179,0.000701,3.3
53400,3337.5,1.7498112,34.99528153507392,0.9038,0.6893,0.1827,0.3119,0.000702,3.2
53500,3343.75,1.753088,35.060815770158335,0.905,0.6866,0.1815,0.3168,0.000703,3.3
53600,3350.0,1.7563648,35.12635000524274,0.9096,0.6933,0.1777,0.3135,0.000705,3.3
53700,3356.25,1.7596416,35.19188424032715,0.9036,0.6925,0.1891,0.3143,0.000706,3.3
53800,3362.5,1.7629184,35.257418475411555,0.9094,0.688,0.1779,0.3094,0.000707,3.3
53900,3368.75,1.7661952,35.32295271049596,0.9126,0.6911,0.1805,0.3178,0.000708,3.3
54000,3375.0,1.769472,35.388486945580375,0.9144,0.6932,0.1835,0.3167,0.00071,3.2
54100,3381.25,1.7727488,35.45402118066478,0.8961,0.6881,0.1814,0.3078,0.000711,3.3
54200,3387.5,1.7760256,35.51955541574919,0.9146,0.6892,0.1746,0.3202,0.000712,3.2
54300,3393.75,1.7793024,35.585089650833595,0.9008,0.6893,0.1841,0.3062,0.000714,3.3
54400,3400.0,1.7825792,35.650623885918,0.9018,0.6885,0.1812,0.3104,0.000715,3.2
54500,3406.25,1.785856,35.71615812100241,0.9018,0.6922,0.1818,0.311,0.000716,3.3
54600,3412.5,1.7891328,35.78169235608682,0.9043,0.6876,0.1748,0.3122,0.000718,3.3
54700,3418.75,1.7924096,35.84722659117123,0.9124,0.6957,0.1803,0.3156,0.000719,3.2
54800,3425.0,1.7956864,35.912760826255635,0.9101,0.694,0.1714,0.3103,0.00072,3.3
54900,3431.25,1.7989632,35.97829506134004,0.9005,0.6905,0.1893,0.3077,0.000722,3.3
55000,3437.5,1.80224,36.04382929642445,0.9094,0.6914,0.176,0.3081,0.000723,3.2
55100,3443.75,1.8055168,36.10936353150886,0.9039,0.6937,0.1859,0.3098,0.000724,3.2
55200,3450.0,1.8087936,36.17489776659327,0.9124,0.6918,0.1796,0.3141,0.000726,3.3
55300,3456.25,1.8120704,36.240432001677675,0.9059,0.6896,0.1865,0.3107,0.000727,3.2
55400,3462.5,1.8153472,36.30596623676208,0.9042,0.692,0.1749,0.3055,0.000728,3.3
55500,3468.75,1.818624,36.37150047184649,0.9022,0.6895,0.1764,0.305,0.000729,3.2
55600,3475.0,1.8219008,36.4370347069309,0.9026,0.6892,0.1807,0.3122,0.000731,3.2
55700,3481.25,1.8251776,36.50256894201531,0.9158,0.6941,0.1894,0.3194,0.000732,3.2
55800,3487.5,1.8284544,36.568103177099715,0.9031,0.6863,0.1701,0.3102,0.000733,3.3
55900,3493.75,1.8317312,36.63363741218412,0.9048,0.6912,0.1752,0.3105,0.000735,3.2
56000,3500.0,1.835008,36.69917164726853,0.8943,0.6903,0.1823,0.3054,0.000736,3.2
56100,3506.25,1.8382848,36.76470588235294,0.9052,0.6935,0.1762,0.3087,0.000737,3.2
56200,3512.5,1.8415616,36.83024011743735,0.9006,0.6919,0.1816,0.3103,0.000739,3.2
56300,3518.75,1.8448384,36.89577435252176,0.8949,0.6895,0.1809,0.3078,0.00074,3.2
56400,3525.0,1.8481152,36.96130858760617,0.9043,0.6891,0.1753,0.3102,0.000741,3.2
56500,3531.25,1.851392,37.026842822690575,0.9026,0.6916,0.178,0.3061,0.000743,3.2
56600,3537.5,1.8546688,37.09237705777498,0.8998,0.6865,0.1791,0.3042,0.000744,3.3
56700,3543.75,1.8579456,37.15791129285939,0.8927,0.6876,0.1748,0.3033,0.000745,3.3
56800,3550.0,1.8612224,37.2234455279438,0.8876,0.6825,0.1817,0.3026,0.000747,3.3
56900,3556.25,1.8644992,37.28897976302821,0.8998,0.6921,0.1741,0.3059,0.000748,3.2
57000,3562.5,1.867776,37.354513998112616,0.8969,0.6827,0.173,0.3034,0.000749,3.2
57100,3568.75,1.8710528,37.42004823319702,0.9048,0.694,0.183,0.3065,0.000751,3.2
57200,3575.0,1.8743296,37.48558246828143,0.9014,0.6898,0.173,0.3073,0.000752,3.2
57300,3581.25,1.8776064,37.551116703365835,0.8952,0.6895,0.1833,0.3023,0.000753,3.2
57400,3587.5,1.8808832,37.61665093845025,0.8995,0.6877,0.1791,0.3002,0.000755,3.2
57500,3593.75,1.88416,37.682185173534656,0.9042,0.6941,0.1764,0.305,0.000756,3.2
57600,3600.0,1.8874368,37.74771940861906,0.9013,0.6859,0.1739,0.3084,0.000757,3.2
57700,3606.25,1.8907136,37.81325364370347,0.9044,0.6909,0.1799,0.3038,0.000759,3.2
57800,3612.5,1.8939904,37.878787878787875,0.8915,0.693,0.1818,0.2943,0.00076,3.2
57900,3618.75,1.8972672,37.94432211387229,0.9002,0.6895,0.1817,0.2991,0.000761,3.2
58000,3625.0,1.900544,38.009856348956696,0.8967,0.6934,0.1816,0.3001,0.000763,3.2
58100,3631.25,1.9038208,38.0753905840411,0.8957,0.6874,0.1799,0.3027,0.000764,3.2
58200,3637.5,1.9070976,38.14092481912551,0.9048,0.6929,0.1812,0.3079,0.000765,3.2
58300,3643.75,1.9103744,38.206459054209915,0.9033,0.6841,0.175,0.3053,0.000766,3.3
58400,3650.0,1.9136512,38.27199328929433,0.8896,0.6946,0.1853,0.2973,0.000768,3.2
58500,3656.25,1.916928,38.337527524378736,0.8903,0.6878,0.1792,0.2993,0.000769,3.3
58600,3662.5,1.9202048,38.40306175946314,0.89,0.6861,0.1856,0.3025,0.00077,3.2
58700,3668.75,1.9234816,38.46859599454755,0.8882,0.6866,0.1834,0.2983,0.000772,3.2
58800,3675.0,1.9267584,38.534130229631955,0.8893,0.6897,0.1812,0.2982,0.000773,3.3
58900,3681.25,1.9300352,38.59966446471637,0.8934,0.6884,0.1742,0.2992,0.000774,3.2
59000,3687.5,1.933312,38.665198699800776,0.8944,0.6895,0.1857,0.3013,0.000776,3.2
59100,3693.75,1.9365888,38.73073293488518,0.892,0.6902,0.1766,0.2958,0.000777,3.2
59200,3700.0,1.9398656,38.79626716996959,0.8922,0.6885,0.1893,0.2954,0.000778,3.2
59300,3706.25,1.9431424,38.861801405054,0.8908,0.6911,0.1821,0.2972,0.00078,3.3
59400,3712.5,1.9464192,38.92733564013841,0.8984,0.691,0.1858,0.3042,0.000781,3.2
59500,3718.75,1.949696,38.992869875222816,0.8921,0.6891,0.1724,0.2977,0.000782,3.2
59600,3725.0,1.9529728,39.05840411030723,0.8899,0.6916,0.1861,0.3014,0.000784,3.2
59700,3731.25,1.9562496,39.123938345391636,0.8961,0.6911,0.1738,0.2985,0.000785,3.2
59800,3737.5,1.9595264,39.18947258047604,0.8976,0.6945,0.1801,0.3021,0.000786,3.2
59900,3743.75,1.9628032,39.25500681556045,0.8923,0.692,0.1769,0.2983,0.000787,3.2
60000,3750.0,1.96608,39.320541050644856,0.8855,0.6892,0.1739,0.2926,0.000789,3.2
60100,3756.25,1.9693568,39.38607528572927,0.8891,0.6882,0.1722,0.293,0.00079,3.2
60200,3762.5,1.9726336,39.451609520813676,0.8791,0.6861,0.1804,0.2878,0.000791,3.2
60300,3768.75,1.9759104,39.51714375589808,0.899,0.6883,0.1745,0.2989,0.000793,3.2
60400,3775.0,1.9791872,39.58267799098249,0.8873,0.686,0.1834,0.2965,0.000794,3.2
60500,3781.25,1.982464,39.648212226066896,0.8915,0.6878,0.1836,0.2966,0.000795,3.2
60600,3787.5,1.9857408,39.7137464611513,0.8941,0.684,0.1788,0.2986,0.000797,3.2
60700,3793.75,1.9890176,39.779280696235716,0.8899,0.6899,0.1828,0.2924,0.000798,3.2
60800,3800.0,1.9922944,39.84481493132012,0.8809,0.6848,0.181,0.2888,0.000799,3.3
60900,3806.25,1.9955712,39.91034916640453,0.898,0.6905,0.1822,0.3015,0.000801,3.2
61000,3812.5,1.998848,39.975883401488936,0.889,0.6849,0.1788,0.2967,0.000802,3.2
61100,3818.75,2.0021248,40.04141763657334,0.8867,0.688,0.1856,0.2913,0.000803,3.2
61200,3825.0,2.0054016,40.106951871657756,0.9077,0.6972,0.1766,0.3068,0.000805,3.2
61300,3831.25,2.0086784,40.17248610674216,0.8891,0.6861,0.1791,0.2943,0.000806,3.2
61400,3837.5,2.0119552,40.23802034182657,0.8906,0.6897,0.1818,0.2932,0.000807,3.3
61500,3843.75,2.015232,40.303554576910976,0.8834,0.6878,0.1724,0.2888,0.000808,3.2
61600,3850.0,2.0185088,40.36908881199538,0.8943,0.6918,0.1851,0.3012,0.00081,3.2
61700,3856.25,2.0217856,40.434623047079796,0.8879,0.6884,0.1826,0.2967,0.000811,3.2
61800,3862.5,2.0250624,40.5001572821642,0.8866,0.6869,0.1742,0.2931,0.000812,3.3
61900,3868.75,2.0283392,40.56569151724861,0.8828,0.6909,0.1773,0.29,0.000814,3.3
62000,3875.0,2.031616,40.631225752333016,0.8829,0.6855,0.183,0.2926,0.000815,3.2
62100,3881.25,2.0348928,40.69675998741742,0.8763,0.6835,0.1822,0.2922,0.000816,3.2
62200,3887.5,2.0381696,40.76229422250183,0.888,0.6913,0.1821,0.2932,0.000818,3.3
62300,3893.75,2.0414464,40.82782845758624,0.9023,0.6917,0.183,0.3002,0.000819,3.3
62400,3900.0,2.0447232,40.89336269267065,0.8869,0.6847,0.1824,0.2896,0.00082,3.3
62500,3906.25,2.048,40.95889692775506,0.8911,0.6873,0.1824,0.2957,0.000822,3.2
62600,3912.5,2.0512768,41.02443116283947,0.8858,0.6923,0.1864,0.294,0.000823,3.3
62700,3918.75,2.0545536,41.089965397923876,0.8943,0.6947,0.1812,0.294,0.000824,3.2
62800,3925.0,2.0578304,41.15549963300828,0.8875,0.6868,0.1856,0.294,0.000826,3.2
62900,3931.25,2.0611072,41.2210338680927,0.8861,0.6888,0.1898,0.2932,0.000827,3.2
63000,3937.5,2.064384,41.2865681031771,0.8925,0.6923,0.182,0.2893,0.000828,3.2
63100,3943.75,2.0676608,41.35210233826151,0.8828,0.6895,0.1906,0.2956,0.000829,3.2
63200,3950.0,2.0709376,41.417636573345916,0.8838,0.6884,0.1774,0.2887,0.000831,3.2
63300,3956.25,2.0742144,41.48317080843032,0.8871,0.6934,0.1796,0.2945,0.000832,3.2
63400,3962.5,2.0774912,41.54870504351473,0.8913,0.6918,0.1818,0.2922,0.000833,3.2
63500,3968.75,2.080768,41.61423927859914,0.8902,0.6898,0.1794,0.2931,0.000835,3.2
63600,3975.0,2.0840448,41.67977351368355,0.8835,0.6828,0.1799,0.2916,0.000836,3.2
63700,3981.25,2.0873216,41.74530774876796,0.8853,0.6859,0.1743,0.2889,0.000837,3.2
63800,3987.5,2.0905984,41.81084198385236,0.8858,0.6878,0.193,0.2925,0.000839,3.3
63900,3993.75,2.0938752,41.87637621893677,0.8942,0.6958,0.1827,0.2907,0.00084,3.2
64000,4000.0,2.097152,41.94191045402118,0.8881,0.6892,0.174,0.2893,0.000841,3.3
64100,4006.25,2.1004288,42.00744468910559,0.8923,0.6929,0.1791,0.2938,0.000843,3.2
64200,4012.5,2.1037056,42.07297892419,0.8773,0.6877,0.1804,0.2835,0.000844,3.2
64300,4018.75,2.1069824,42.1385131592744,0.881,0.6829,0.1763,0.2872,0.000845,3.3
64400,4025.0,2.1102592,42.20404739435881,0.8825,0.6853,0.175,0.2884,0.000847,3.2
64500,4031.25,2.113536,42.26958162944322,0.8819,0.6899,0.1762,0.2891,0.000848,3.2
64600,4037.5,2.1168128,42.33511586452763,0.8898,0.6899,0.1811,0.2907,0.000849,3.2
64700,4043.75,2.1200896,42.40065009961204,0.8762,0.6873,0.184,0.2885,0.00085,3.2
64800,4050.0,2.1233664,42.46618433469644,0.8746,0.6855,0.179,0.2842,0.000852,3.2
64900,4056.25,2.1266432,42.53171856978085,0.8738,0.6888,0.1824,0.2879,0.000853,3.2
65000,4062.5,2.12992,42.59725280486526,0.8686,0.6809,0.1773,0.2811,0.000854,3.2
65100,4068.75,2.1331968,42.66278703994967,0.8793,0.6896,0.1864,0.2848,0.000856,3.2
65200,4075.0,2.1364736,42.72832127503408,0.8911,0.6882,0.1774,0.2985,0.000857,3.2
65300,4081.25,2.1397504,42.79385551011848,0.8803,0.687,0.1685,0.2848,0.000858,3.2
65400,4087.5,2.1430272,42.85938974520289,0.8782,0.6835,0.1784,0.2888,0.00086,3.2
65500,4093.75,2.146304,42.924923980287296,0.8888,0.6895,0.1847,0.2889,0.000861,3.3
65600,4100.0,2.1495808,42.99045821537171,0.8958,0.6907,0.18,0.2909,0.000862,3.3
65700,4106.25,2.1528576,43.055992450456124,0.8853,0.6898,0.1856,0.2855,0.000864,3.2
65800,4112.5,2.1561344,43.12152668554053,0.8944,0.6888,0.1787,0.296,0.000865,3.3
65900,4118.75,2.1594112,43.18706092062494,0.8734,0.6868,0.1784,0.2856,0.000866,3.2
66000,4125.0,2.162688,43.25259515570934,0.8884,0.6931,0.182,0.293,0.000868,3.3
66100,4131.25,2.1659648,43.31812939079375,0.8807,0.6889,0.1765,0.2875,0.000869,3.2
66200,4137.5,2.1692416,43.383663625878164,0.8817,0.687,0.1895,0.2881,0.00087,3.2
66300,4143.75,2.1725184,43.44919786096257,0.8822,0.6871,0.1734,0.28,0.000871,3.3
66400,4150.0,2.1757952,43.51473209604698,0.8774,0.6854,0.1781,0.2822,0.000873,3.2
66500,4156.25,2.179072,43.580266331131384,0.8826,0.6874,0.1842,0.2877,0.000874,3.2
66600,4162.5,2.1823488,43.64580056621579,0.881,0.6847,0.1847,0.2912,0.000875,3.2
66700,4168.75,2.1856256,43.7113348013002,0.8835,0.6874,0.18,0.285,0.000877,3.2
66800,4175.0,2.1889024,43.77686903638461,0.8711,0.685,0.1827,0.2824,0.000878,3.3
66900,4181.25,2.1921792,43.84240327146902,0.8775,0.6895,0.1821,0.287,0.000879,3.3
67000,4187.5,2.195456,43.907937506553424,0.8799,0.6881,0.1868,0.2844,0.000881,3.3
67100,4193.75,2.1987328,43.97347174163783,0.8737,0.6834,0.1758,0.2814,0.000882,3.2
67200,4200.0,2.2020096,44.03900597672224,0.8748,0.6875,0.1811,0.2833,0.000883,3.2
67300,4206.25,2.2052864,44.10454021180665,0.8793,0.6847,0.1851,0.2885,0.000885,3.3
67400,4212.5,2.2085632,44.17007444689106,0.8886,0.691,0.1847,0.2898,0.000886,3.2
67500,4218.75,2.21184,44.235608681975464,0.871,0.6906,0.187,0.2846,0.000887,3.3
67600,4225.0,2.2151168,44.30114291705987,0.8759,0.6869,0.1833,0.2828,0.000889,3.2
67700,4231.25,2.2183936,44.36667715214428,0.8778,0.6881,0.1851,0.2866,0.00089,3.2
67800,4237.5,2.2216704,44.43221138722869,0.8697,0.6857,0.1853,0.2817,0.000891,3.2
67900,4243.75,2.2249472,44.4977456223131,0.8713,0.6837,0.1852,0.2833,0.000893,3.2
68000,4250.0,2.228224,44.563279857397504,0.8779,0.6911,0.1767,0.2842,0.000894,3.2
68100,4256.25,2.2315008,44.62881409248191,0.8774,0.6834,0.1874,0.2874,0.000895,3.3
68200,4262.5,2.2347776,44.69434832756632,0.8662,0.6883,0.1823,0.2762,0.000897,3.2
68300,4268.75,2.2380544,44.75988256265072,0.875,0.6868,0.1811,0.2855,0.000898,3.2
68400,4275.0,2.2413312,44.82541679773514,0.8834,0.6838,0.1758,0.2883,0.000899,3.2
68500,4281.25,2.244608,44.890951032819544,0.8846,0.6862,0.1827,0.2907,0.000901,3.2
68600,4287.5,2.2478848,44.95648526790395,0.8893,0.6944,0.1788,0.2851,0.000902,3.3
68700,4293.75,2.2511616,45.02201950298836,0.8699,0.6886,0.1865,0.2796,0.000903,3.2
68800,4300.0,2.2544384,45.087553738072764,0.8799,0.6863,0.1772,0.2855,0.000905,3.3
68900,4306.25,2.2577152,45.15308797315718,0.8675,0.6828,0.1862,0.2824,0.000906,3.2
69000,4312.5,2.260992,45.21862220824159,0.8737,0.6877,0.1872,0.2852,0.000907,3.2
69100,4318.75,2.2642688,45.284156443326,0.8779,0.6898,0.1858,0.2821,0.000908,3.2
69200,4325.0,2.2675456,45.349690678410404,0.8785,0.6904,0.1776,0.286,0.00091,3.2
69300,4331.25,2.2708224,45.41522491349481,0.8772,0.6881,0.1806,0.2857,0.000911,3.3
69400,4337.5,2.2740992,45.48075914857922,0.867,0.6835,0.1826,0.2803,0.000912,3.2
69500,4343.75,2.277376,45.546293383663624,0.8882,0.6894,0.1816,0.2915,0.000914,3.3
69600,4350.0,2.2806528,45.61182761874804,0.8752,0.6892,0.1751,0.2815,0.000915,3.2
69700,4356.25,2.2839296,45.677361853832444,0.8719,0.6805,0.1815,0.2823,0.000916,3.2
69800,4362.5,2.2872064,45.74289608891685,0.8789,0.6842,0.1818,0.2883,0.000918,3.3
69900,4368.75,2.2904832,45.80843032400126,0.8928,0.6862,0.1761,0.2903,0.000919,3.3
70000,4375.0,2.29376,45.873964559085664,0.8689,0.683,0.1837,0.2799,0.00092,3.2
70100,4381.25,2.2970368,45.93949879417008,0.8782,0.6857,0.1824,0.2812,0.000922,3.2
70200,4387.5,2.3003136,46.005033029254484,0.8737,0.6885,0.1824,0.2782,0.000923,3.2
70300,4393.75,2.3035904,46.07056726433889,0.8851,0.6893,0.1818,0.2855,0.000924,3.3
70400,4400.0,2.3068672,46.1361014994233,0.8734,0.6901,0.1828,0.2816,0.000926,3.2
70500,4406.25,2.310144,46.201635734507704,0.8858,0.6917,0.1801,0.2856,0.000927,3.3
70600,4412.5,2.3134208,46.26716996959212,0.8716,0.6868,0.1847,0.275,0.000928,3.2
70700,4418.75,2.3166976,46.332704204676524,0.8739,0.6887,0.1819,0.2837,0.000929,3.2
70800,4425.0,2.3199744,46.39823843976093,0.8815,0.6859,0.1737,0.2862,0.000931,3.3
70900,4431.25,2.3232512,46.46377267484534,0.8688,0.689,0.1803,0.2757,0.000932,3.2
71000,4437.5,2.326528,46.529306909929744,0.8659,0.6845,0.1763,0.2789,0.000933,3.2
71100,4443.75,2.3298048,46.59484114501416,0.8789,0.6887,0.175,0.2801,0.000935,3.2
71200,4450.0,2.3330816,46.660375380098564,0.8758,0.682,0.1725,0.2845,0.000936,3.2
71300,4456.25,2.3363584,46.72590961518297,0.8739,0.6835,0.1729,0.2801,0.000937,3.3
71400,4462.5,2.3396352,46.79144385026738,0.8708,0.6877,0.1875,0.2795,0.000939,3.2
71500,4468.75,2.342912,46.856978085351784,0.8647,0.6805,0.1849,0.2792,0.00094,3.2
71600,4475.0,2.3461888,46.92251232043619,0.875,0.6886,0.1867,0.2818,0.000941,3.2
71700,4481.25,2.3494656,46.988046555520604,0.8774,0.6863,0.1779,0.2796,0.000943,3.3
71800,4487.5,2.3527424,47.05358079060501,0.879,0.6902,0.1844,0.2887,0.000944,3.3
71900,4493.75,2.3560192,47.11911502568942,0.8859,0.6884,0.1744,0.2895,0.000945,3.2
72000,4500.0,2.359296,47.184649260773824,0.8694,0.6831,0.1809,0.2762,0.000947,3.3
72100,4506.25,2.3625728,47.25018349585824,0.8713,0.686,0.1796,0.2742,0.000948,3.2
72200,4512.5,2.3658496,47.315717730942644,0.8804,0.6881,0.1844,0.286,0.000949,3.3
72300,4518.75,2.3691264,47.38125196602706,0.8719,0.6867,0.1881,0.2808,0.00095,3.3
72400,4525.0,2.3724032,47.446786201111465,0.892,0.6937,0.1807,0.2908,0.000952,3.3
72500,4531.25,2.37568,47.51232043619587,0.8735,0.6874,0.1854,0.2814,0.000953,3.2
72600,4537.5,2.3789568,47.57785467128028,0.873,0.6846,0.1835,0.2763,0.000954,3.2
72700,4543.75,2.3822336,47.643388906364684,0.8641,0.6842,0.1856,0.2752,0.000956,3.3
72800,4550.0,2.3855104,47.70892314144909,0.8571,0.6831,0.1842,0.2677,0.000957,3.3
72900,4556.25,2.3887872,47.774457376533505,0.8764,0.6916,0.1847,0.2775,0.000958,3.2
73000,4562.5,2.392064,47.83999161161791,0.878,0.6847,0.1786,0.2807,0.00096,3.2
73100,4568.75,2.3953408,47.90552584670232,0.872,0.6865,0.1831,0.28,0.000961,3.3
73200,4575.0,2.3986176,47.971060081786725,0.8686,0.6872,0.1868,0.2778,0.000962,3.3
73300,4581.25,2.4018944,48.03659431687113,0.8734,0.6888,0.1779,0.28,0.000964,3.3
73400,4587.5,2.4051712,48.102128551955545,0.8666,0.6859,0.1869,0.2796,0.000965,3.2
73500,4593.75,2.408448,48.16766278703995,0.8777,0.683,0.1814,0.2833,0.000966,3.3
73600,4600.0,2.4117248,48.23319702212436,0.8799,0.687,0.1845,0.2851,0.000968,3.3
73700,4606.25,2.4150016,48.298731257208765,0.8729,0.6844,0.18,0.283,0.000969,3.2
73800,4612.5,2.4182784,48.36426549229317,0.8666,0.6848,0.1798,0.2772,0.00097,3.3
73900,4618.75,2.4215552,48.429799727377585,0.8645,0.6827,0.1883,0.2708,0.000971,3.3
74000,4625.0,2.424832,48.49533396246199,0.881,0.6912,0.1822,0.2782,0.000973,3.2
74100,4631.25,2.4281088,48.5608681975464,0.8805,0.6879,0.1794,0.2819,0.000974,3.3
74200,4637.5,2.4313856,48.626402432630805,0.8651,0.6812,0.1807,0.2794,0.000975,3.2
74300,4643.75,2.4346624,48.69193666771521,0.8685,0.6857,0.1842,0.279,0.000977,3.3
74400,4650.0,2.4379392,48.75747090279962,0.8661,0.684,0.1793,0.2765,0.000978,3.2
74500,4656.25,2.441216,48.82300513788403,0.87,0.6846,0.181,0.2798,0.000979,3.2
74600,4662.5,2.4444928,48.88853937296844,0.8647,0.6882,0.1847,0.2743,0.000981,3.2
74700,4668.75,2.4477696,48.954073608052845,0.8806,0.6888,0.1791,0.2823,0.000982,3.2
74800,4675.0,2.4510464,49.01960784313725,0.8659,0.684,0.1817,0.2729,0.000983,3.2
74900,4681.25,2.4543232,49.08514207822166,0.8799,0.6897,0.1788,0.2837,0.000985,3.2
75000,4687.5,2.4576,49.15067631330607,0.8772,0.6873,0.1851,0.2787,0.000986,3.2
75100,4693.75,2.4608768,49.21621054839048,0.8732,0.6893,0.1794,0.2788,0.000987,3.2
75200,4700.0,2.4641536,49.281744783474885,0.8705,0.6827,0.1901,0.2752,0.000989,3.3
75300,4706.25,2.4674304,49.3472790185593,0.8754,0.6911,0.1828,0.2797,0.00099,3.3
75400,4712.5,2.4707072,49.412813253643705,0.8705,0.6857,0.1835,0.2784,0.000991,3.3
75500,4718.75,2.473984,49.47834748872811,0.8678,0.6853,0.1787,0.2779,0.000992,3.2
75600,4725.0,2.4772608,49.54388172381252,0.8716,0.6852,0.1875,0.2824,0.000994,3.2
75700,4731.25,2.4805376,49.60941595889693,0.876,0.6879,0.1808,0.2766,0.000995,3.2
75800,4737.5,2.4838144,49.67495019398134,0.8542,0.68,0.1843,0.2701,0.000996,3.3
75900,4743.75,2.4870912,49.740484429065745,0.8612,0.6866,0.1777,0.267,0.000998,3.3
76000,4750.0,2.490368,49.80601866415015,0.8659,0.6857,0.1894,0.2729,0.000999,3.2
76100,4756.25,2.4936448,49.87155289923456,0.8636,0.6801,0.1891,0.2784,0.001,3.2
76200,4762.5,2.4969216,49.93708713431897,0.86,0.687,0.1799,0.2726,0.001,3.3
76300,4768.75,2.5001984,50.00262136940338,0.859,0.6847,0.1824,0.2726,0.001,3.3
76400,4775.0,2.5034752,50.068155604487785,0.8627,0.6834,0.1757,0.2732,0.001,3.2
76500,4781.25,2.506752,50.13368983957219,0.8701,0.6812,0.1814,0.2775,0.00101,3.2
76600,4787.5,2.5100288,50.1992240746566,0.8646,0.6854,0.1828,0.2746,0.00101,3.2
76700,4793.75,2.5133056,50.26475830974101,0.8698,0.6848,0.1815,0.2756,0.00101,3.2
76800,4800.0,2.5165824,50.33029254482542,0.8675,0.6881,0.1814,0.2785,0.00101,3.3
76900,4806.25,2.5198592,50.395826779909825,0.8814,0.6865,0.17,0.2757,0.00101,3.3
77000,4812.5,2.523136,50.46136101499423,0.8658,0.6835,0.1885,0.2767,0.00101,3.3
77100,4818.75,2.5264128,50.52689525007864,0.8607,0.683,0.1811,0.2714,0.00101,3.2
77200,4825.0,2.5296896,50.59242948516305,0.8679,0.6845,0.1828,0.2771,0.00101,3.2
77300,4831.25,2.5329664,50.65796372024746,0.87,0.6863,0.1829,0.2778,0.00102,3.3
77400,4837.5,2.5362432,50.723497955331865,0.8749,0.6886,0.1839,0.2797,0.00102,3.2
77500,4843.75,2.53952,50.78903219041627,0.8661,0.6856,0.1798,0.2746,0.00102,3.2
77600,4850.0,2.5427968,50.85456642550068,0.8715,0.6873,0.1814,0.272,0.00102,3.2
77700,4856.25,2.5460736,50.920100660585085,0.863,0.6875,0.1775,0.2705,0.00102,3.2
77800,4862.5,2.5493504,50.9856348956695,0.8743,0.6887,0.177,0.2717,0.00102,3.3
77900,4868.75,2.5526272,51.051169130753905,0.8675,0.6859,0.176,0.2782,0.00102,3.2
78000,4875.0,2.555904,51.11670336583831,0.8588,0.6815,0.1799,0.2657,0.00103,3.2
78100,4881.25,2.5591808,51.18223760092272,0.8575,0.68,0.1875,0.2704,0.00103,3.2
78200,4887.5,2.5624576,51.247771836007125,0.87,0.6876,0.1804,0.2748,0.00103,3.2
78300,4893.75,2.5657344,51.31330607109154,0.8574,0.6831,0.1857,0.2749,0.00103,3.3
78400,4900.0,2.5690112,51.378840306175945,0.8689,0.6881,0.1807,0.2752,0.00103,3.2
78500,4906.25,2.572288,51.44437454126035,0.8626,0.6846,0.1851,0.2724,0.00103,3.2
78600,4912.5,2.5755648,51.50990877634476,0.8657,0.6858,0.1878,0.2751,0.00103,3.3
78700,4918.75,2.5788416,51.575443011429165,0.8701,0.6876,0.1804,0.2756,0.00103,3.2
78800,4925.0,2.5821184,51.64097724651357,0.8658,0.6826,0.1864,0.2752,0.00104,3.3
78900,4931.25,2.5853952,51.706511481597985,0.8747,0.6921,0.1891,0.2793,0.00104,3.3
79000,4937.5,2.588672,51.77204571668239,0.8684,0.6913,0.182,0.2731,0.00104,3.3
79100,4943.75,2.5919488,51.8375799517668,0.875,0.6873,0.1743,0.2751,0.00104,3.3
79200,4950.0,2.5952256,51.903114186851205,0.8499,0.6839,0.1912,0.2668,0.00104,3.3
79300,4956.25,2.5985024,51.96864842193561,0.87,0.6863,0.1731,0.2761,0.00104,3.3
79400,4962.5,2.6017792,52.034182657020025,0.8647,0.6872,0.1825,0.273,0.00104,3.3
79500,4968.75,2.605056,52.09971689210443,0.8656,0.6833,0.1874,0.2765,0.00105,3.3
79600,4975.0,2.6083328,52.16525112718884,0.8713,0.6847,0.1882,0.2776,0.00105,3.3
79700,4981.25,2.6116096,52.230785362273245,0.849,0.6793,0.1812,0.2606,0.00105,3.3
79800,4987.5,2.6148864,52.29631959735765,0.8646,0.6843,0.1794,0.276,0.00105,3.3
79900,4993.75,2.6181632,52.361853832442065,0.871,0.6861,0.1834,0.2748,0.00105,3.2
80000,5000.0,2.62144,52.42738806752647,0.8635,0.6872,0.1959,0.2697,0.00105,3.2
80100,5006.25,2.6247168,52.49292230261089,0.8583,0.684,0.1881,0.2711,0.00105,3.3
80200,5012.5,2.6279936,52.5584565376953,0.8622,0.6847,0.19,0.2717,0.00105,3.2
80300,5018.75,2.6312704,52.623990772779706,0.8713,0.6875,0.1831,0.2756,0.00106,3.3
80400,5025.0,2.6345472,52.68952500786411,0.8683,0.6862,0.1932,0.2732,0.00106,3.2
80500,5031.25,2.637824,52.75505924294852,0.8642,0.685,0.1838,0.2697,0.00106,3.3
80600,5037.5,2.6411008,52.820593478032926,0.8689,0.685,0.184,0.272,0.00106,3.2
80700,5043.75,2.6443776,52.88612771311734,0.8702,0.6916,0.1811,0.2724,0.00106,3.2
80800,5050.0,2.6476544,52.951661948201746,0.8535,0.6835,0.1909,0.266,0.00106,3.3
80900,5056.25,2.6509312,53.01719618328615,0.8706,0.687,0.1829,0.276,0.00106,3.2
81000,5062.5,2.654208,53.08273041837056,0.858,0.682,0.1823,0.2687,0.00106,3.2
81100,5068.75,2.6574848,53.148264653454966,0.865,0.6883,0.1751,0.2704,0.00107,3.3
81200,5075.0,2.6607616,53.21379888853938,0.8662,0.6856,0.1846,0.2734,0.00107,3.2
81300,5081.25,2.6640384,53.279333123623786,0.8784,0.6855,0.1772,0.2776,0.00107,3.2
81400,5087.5,2.6673152,53.34486735870819,0.8677,0.6886,0.189,0.2744,0.00107,3.2
81500,5093.75,2.670592,53.4104015937926,0.8736,0.6857,0.1859,0.2815,0.00107,3.2
81600,5100.0,2.6738688,53.475935828877006,0.8619,0.683,0.1836,0.2742,0.00107,3.2
81700,5106.25,2.6771456,53.54147006396141,0.8719,0.6952,0.1826,0.2699,0.00107,3.2
81800,5112.5,2.6804224,53.607004299045826,0.8534,0.6878,0.1843,0.2674,0.00108,3.3
81900,5118.75,2.6836992,53.67253853413023,0.8731,0.6852,0.1813,0.2798,0.00108,3.2
82000,5125.0,2.686976,53.73807276921464,0.8637,0.6832,0.1823,0.2754,0.00108,3.2
82100,5131.25,2.6902528,53.803607004299046,0.8664,0.6844,0.1886,0.2755,0.00108,3.3
82200,5137.5,2.6935296,53.86914123938345,0.8627,0.6861,0.1866,0.2724,0.00108,3.2
82300,5143.75,2.6968064,53.934675474467866,0.8564,0.6877,0.186,0.2628,0.00108,3.3
82400,5150.0,2.7000832,54.00020970955227,0.8539,0.6822,0.1917,0.2712,0.00108,3.2
82500,5156.25,2.70336,54.06574394463668,0.8573,0.6813,0.1775,0.2722,0.00108,3.2
82600,5162.5,2.7066368,54.131278179721086,0.8601,0.6899,0.1867,0.2705,0.00109,3.3
82700,5168.75,2.7099136,54.19681241480549,0.8675,0.6868,0.1908,0.2775,0.00109,3.2
82800,5175.0,2.7131904,54.262346649889906,0.8616,0.6857,0.1836,0.2682,0.00109,3.3
82900,5181.25,2.7164672,54.32788088497431,0.8582,0.6835,0.189,0.2724,0.00109,3.2
83000,5187.5,2.719744,54.39341512005872,0.8602,0.6823,0.1828,0.2693,0.00109,3.3
83100,5193.75,2.7230208,54.458949355143126,0.8572,0.68,0.1842,0.2666,0.00109,3.2
83200,5200.0,2.7262976,54.52448359022753,0.8757,0.6878,0.1759,0.2782,0.00109,3.2
83300,5206.25,2.7295744,54.590017825311946,0.8618,0.6857,0.1833,0.2701,0.0011,3.3
83400,5212.5,2.7328512,54.65555206039635,0.8665,0.6855,0.1849,0.2745,0.0011,3.3
83500,5218.75,2.736128,54.72108629548076,0.8537,0.6828,0.1792,0.2637,0.0011,3.2
83600,5225.0,2.7394048,54.786620530565166,0.8666,0.6876,0.1863,0.2753,0.0011,3.3
83700,5231.25,2.7426816,54.85215476564957,0.8604,0.6851,0.1823,0.2732,0.0011,3.3
83800,5237.5,2.7459584,54.91768900073398,0.8657,0.6866,0.1813,0.2696,0.0011,3.3
83900,5243.75,2.7492352,54.98322323581839,0.8602,0.6828,0.1818,0.2668,0.0011,3.2
84000,5250.0,2.752512,55.0487574709028,0.8596,0.6866,0.1821,0.2636,0.0011,3.2
84100,5256.25,2.7557888,55.114291705987206,0.8683,0.6859,0.1833,0.2712,0.00111,3.2
84200,5262.5,2.7590656,55.17982594107161,0.8685,0.6889,0.1801,0.2756,0.00111,3.3
84300,5268.75,2.7623424,55.24536017615602,0.8617,0.6817,0.1744,0.2671,0.00111,3.3
84400,5275.0,2.7656192,55.31089441124043,0.8512,0.6826,0.1851,0.2577,0.00111,3.2
84500,5281.25,2.768896,55.37642864632484,0.8521,0.6812,0.1852,0.2652,0.00111,3.2
84600,5287.5,2.7721728,55.441962881409246,0.8471,0.6845,0.1859,0.2626,0.00111,3.3
84700,5293.75,2.7754496,55.50749711649365,0.8677,0.6894,0.184,0.2743,0.00111,3.3
84800,5300.0,2.7787264,55.57303135157806,0.8659,0.6883,0.1859,0.2728,0.00111,3.3
84900,5306.25,2.7820032,55.638565586662466,0.8494,0.6824,0.1843,0.2635,0.00112,3.3
85000,5312.5,2.78528,55.70409982174688,0.8611,0.6793,0.1866,0.2673,0.00112,3.3
85100,5318.75,2.7885568,55.769634056831286,0.8606,0.684,0.1907,0.267,0.00112,3.2
85200,5325.0,2.7918336,55.83516829191569,0.8665,0.6832,0.1828,0.275,0.00112,3.2
85300,5331.25,2.7951104,55.9007025270001,0.8588,0.6846,0.187,0.2649,0.00112,3.3
85400,5337.5,2.7983872,55.966236762084506,0.8633,0.687,0.1767,0.2693,0.00112,3.3
85500,5343.75,2.801664,56.03177099716892,0.8616,0.6846,0.1766,0.2679,0.00112,3.3
85600,5350.0,2.8049408,56.097305232253326,0.8567,0.6849,0.1851,0.264,0.00113,3.2
85700,5356.25,2.8082176,56.16283946733773,0.8621,0.6853,0.1804,0.2698,0.00113,3.2
85800,5362.5,2.8114944,56.22837370242214,0.8626,0.6869,0.1805,0.2668,0.00113,3.3
85900,5368.75,2.8147712,56.293907937506546,0.8778,0.6889,0.1851,0.2841,0.00113,3.2
86000,5375.0,2.818048,56.35944217259096,0.8741,0.687,0.1808,0.277,0.00113,3.2
86100,5381.25,2.8213248,56.424976407675366,0.861,0.6869,0.1722,0.2706,0.00113,3.3
86200,5387.5,2.8246016,56.49051064275977,0.8606,0.6832,0.178,0.2692,0.00113,3.2
86300,5393.75,2.8278784,56.55604487784418,0.8703,0.6865,0.1798,0.2722,0.00113,3.3
86400,5400.0,2.8311552,56.621579112928586,0.8588,0.6868,0.1881,0.2684,0.00114,3.3
86500,5406.25,2.834432,56.68711334801301,0.8604,0.6866,0.1856,0.2723,0.00114,3.3
86600,5412.5,2.8377088,56.75264758309741,0.8738,0.6884,0.1857,0.2839,0.00114,3.2
86700,5418.75,2.8409856,56.81818181818182,0.8704,0.6878,0.194,0.2756,0.00114,3.2
86800,5425.0,2.8442624,56.883716053266234,0.8694,0.6864,0.1908,0.2736,0.00114,3.3
86900,5431.25,2.8475392,56.94925028835064,0.8734,0.6862,0.1714,0.2743,0.00114,3.2
87000,5437.5,2.850816,57.01478452343505,0.8488,0.6798,0.1816,0.2624,0.00114,3.3
87100,5443.75,2.8540928,57.080318758519454,0.8715,0.6857,0.1868,0.2761,0.00114,3.2
87200,5450.0,2.8573696,57.14585299360386,0.8618,0.6878,0.1756,0.2649,0.00115,3.3
87300,5456.25,2.8606464,57.211387228688274,0.8496,0.6806,0.1876,0.2631,0.00115,3.3
87400,5462.5,2.8639232,57.27692146377268,0.8449,0.6787,0.1892,0.2647,0.00115,3.3
87500,5468.75,2.8672,57.34245569885709,0.8617,0.6863,0.1751,0.2634,0.00115,3.3
87600,5475.0,2.8704768,57.407989933941494,0.8564,0.6815,0.1845,0.2668,0.00115,3.3
87700,5481.25,2.8737536,57.4735241690259,0.8607,0.6852,0.1744,0.2693,0.00115,3.3
87800,5487.5,2.8770304,57.53905840411031,0.857,0.6815,0.1825,0.2695,0.00115,3.3
87900,5493.75,2.8803072,57.60459263919472,0.8582,0.6863,0.1863,0.262,0.00116,3.2
88000,5500.0,2.883584,57.67012687427913,0.8551,0.688,0.1837,0.2608,0.00116,3.2
88100,5506.25,2.8868608,57.735661109363534,0.8525,0.6875,0.1841,0.2698,0.00116,3.2
88200,5512.5,2.8901376,57.80119534444794,0.8478,0.6848,0.1881,0.2598,0.00116,3.3
88300,5518.75,2.8934144,57.86672957953235,0.8669,0.6863,0.1859,0.2694,0.00116,3.3
88400,5525.0,2.8966912,57.93226381461676,0.8657,0.6884,0.1781,0.2648,0.00116,3.2
88500,5531.25,2.899968,57.99779804970117,0.8586,0.6841,0.1861,0.2669,0.00116,3.2
88600,5537.5,2.9032448,58.063332284785574,0.8464,0.679,0.1912,0.2637,0.00116,3.3
88700,5543.75,2.9065216,58.12886651986998,0.8595,0.6854,0.1851,0.2714,0.00117,3.2
88800,5550.0,2.9097984,58.19440075495439,0.8612,0.6872,0.1848,0.2684,0.00117,3.2
88900,5556.25,2.9130752,58.2599349900388,0.8608,0.6854,0.1759,0.2673,0.00117,3.2
89000,5562.5,2.916352,58.32546922512321,0.8664,0.6794,0.1836,0.2733,0.00117,3.2
89100,5568.75,2.9196288,58.391003460207614,0.8583,0.6819,0.1881,0.2666,0.00117,3.3
89200,5575.0,2.9229056,58.45653769529202,0.8608,0.687,0.1795,0.2709,0.00117,3.3
89300,5581.25,2.9261824,58.52207193037643,0.8561,0.6848,0.1885,0.2653,0.00117,3.3
89400,5587.5,2.9294592,58.58760616546084,0.8597,0.6883,0.1862,0.2695,0.00118,3.2
89500,5593.75,2.932736,58.65314040054525,0.8661,0.6882,0.1868,0.272,0.00118,3.3
89600,5600.0,2.9360128,58.718674635629654,0.8614,0.6837,0.1886,0.2704,0.00118,3.3
89700,5606.25,2.9392896,58.78420887071406,0.8528,0.68,0.1898,0.267,0.00118,3.3
89800,5612.5,2.9425664,58.84974310579847,0.8598,0.6867,0.1876,0.2668,0.00118,3.3
89900,5618.75,2.9458432,58.915277340882874,0.8763,0.6865,0.1716,0.2756,0.00118,3.2
90000,5625.0,2.94912,58.98081157596729,0.8489,0.6754,0.1867,0.2618,0.00118,3.2
90100,5631.25,2.9523968,59.046345811051694,0.85,0.6798,0.187,0.2635,0.00118,3.3
90200,5637.5,2.9556736,59.1118800461361,0.8695,0.6866,0.1839,0.2714,0.00119,3.2
90300,5643.75,2.9589504,59.17741428122051,0.8627,0.682,0.1782,0.266,0.00119,3.3
90400,5650.0,2.9622272,59.242948516304914,0.8674,0.6778,0.1864,0.2768,0.00119,3.2
90500,5656.25,2.965504,59.30848275138933,0.866,0.681,0.1771,0.2698,0.00119,3.2
90600,5662.5,2.9687808,59.374016986473734,0.8525,0.6791,0.1882,0.2637,0.00119,3.2
90700,5668.75,2.9720576,59.43955122155814,0.8539,0.6773,0.1927,0.2651,0.00119,3.2
90800,5675.0,2.9753344,59.50508545664255,0.8445,0.6787,0.1865,0.2633,0.00119,3.3
90900,5681.25,2.9786112,59.570619691726954,0.8552,0.6801,0.1918,0.2664,0.00119,3.3
91000,5687.5,2.981888,59.63615392681136,0.8596,0.6815,0.1891,0.2733,0.0012,3.2
91100,5693.75,2.9851648,59.701688161895774,0.8562,0.683,0.1859,0.2626,0.0012,3.2
91200,5700.0,2.9884416,59.76722239698018,0.8571,0.6818,0.1847,0.2705,0.0012,3.3
91300,5706.25,2.9917184,59.83275663206459,0.8592,0.6821,0.1824,0.2699,0.0012,3.3
91400,5712.5,2.9949952,59.898290867148994,0.8595,0.6807,0.1847,0.2729,0.0012,3.2
91500,5718.75,2.998272,59.9638251022334,0.8523,0.6809,0.175,0.2657,0.0012,3.2
91600,5725.0,3.0015488,60.029359337317814,0.8364,0.6747,0.1794,0.2515,0.0012,3.2
91700,5731.25,3.0048256,60.09489357240222,0.8511,0.6783,0.1802,0.2627,0.00121,3.2
91800,5737.5,3.0081024,60.16042780748663,0.8466,0.6768,0.1858,0.2626,0.00121,3.3
91900,5743.75,3.0113792,60.225962042571034,0.8415,0.6779,0.1861,0.2599,0.00121,3.3
92000,5750.0,3.014656,60.29149627765544,0.8688,0.6836,0.1807,0.2771,0.00121,3.2
92100,5756.25,3.0179328,60.357030512739854,0.8471,0.6718,0.1888,0.2659,0.00121,3.3
92200,5762.5,3.0212096,60.42256474782426,0.8678,0.6818,0.1713,0.2708,0.00121,3.3
92300,5768.75,3.0244864,60.48809898290867,0.8543,0.676,0.1857,0.2698,0.00121,3.3
92400,5775.0,3.0277632,60.553633217993074,0.8516,0.6779,0.1875,0.2625,0.00121,3.2
92500,5781.25,3.03104,60.61916745307748,0.85,0.6772,0.183,0.2636,0.00122,3.3
92600,5787.5,3.0343168,60.684701688161894,0.8508,0.6771,0.1737,0.2608,0.00122,3.2
92700,5793.75,3.0375936,60.7502359232463,0.847,0.6762,0.1824,0.2571,0.00122,3.3
92800,5800.0,3.0408704,60.81577015833071,0.844,0.6729,0.1849,0.2617,0.00122,3.2
92900,5806.25,3.0441472,60.88130439341513,0.8462,0.6739,0.1889,0.2684,0.00122,3.2
93000,5812.5,3.047424,60.946838628499535,0.8403,0.6687,0.1824,0.2603,0.00122,3.2
93100,5818.75,3.0507008,61.01237286358394,0.8391,0.6724,0.1846,0.2601,0.00122,3.2
93200,5825.0,3.0539776,61.07790709866835,0.8507,0.6749,0.1788,0.2666,0.00123,3.2
93300,5831.25,3.0572544,61.143441333752754,0.8541,0.6769,0.1788,0.266,0.00123,3.3
93400,5837.5,3.0605312,61.20897556883717,0.8451,0.6724,0.1774,0.2586,0.00123,3.3
93500,5843.75,3.063808,61.274509803921575,0.8582,0.6822,0.1812,0.2662,0.00123,3.3
93600,5850.0,3.0670848,61.34004403900598,0.8518,0.673,0.1817,0.2673,0.00123,3.3
93700,5856.25,3.0703616,61.40557827409039,0.8484,0.6734,0.1777,0.2632,0.00123,3.2
93800,5862.5,3.0736384,61.471112509174795,0.8424,0.6715,0.1804,0.261,0.00123,3.3
93900,5868.75,3.0769152,61.5366467442592,0.8321,0.6692,0.1823,0.2559,0.00123,3.2
94000,5875.0,3.080192,61.602180979343615,0.8432,0.6676,0.1825,0.2627,0.00124,3.2
94100,5881.25,3.0834688,61.66771521442802,0.8526,0.6749,0.1738,0.2672,0.00124,3.2
94200,5887.5,3.0867456,61.73324944951243,0.8522,0.6779,0.182,0.2701,0.00124,3.2
94300,5893.75,3.0900224,61.798783684596835,0.8469,0.6737,0.1818,0.2659,0.00124,3.3
94400,5900.0,3.0932992,61.86431791968124,0.8402,0.6696,0.1798,0.258,0.00124,3.2
94500,5906.25,3.096576,61.929852154765655,0.8412,0.6722,0.1822,0.2598,0.00124,3.2
94600,5912.5,3.0998528,61.99538638985006,0.8579,0.6744,0.1838,0.273,0.00124,3.2
94700,5918.75,3.1031296,62.06092062493447,0.8361,0.6673,0.1804,0.2626,0.00124,3.2
94800,5925.0,3.1064064,62.126454860018875,0.8401,0.6687,0.1829,0.2608,0.00125,3.2
94900,5931.25,3.1096832,62.19198909510328,0.8374,0.6672,0.1822,0.2608,0.00125,3.2
95000,5937.5,3.11296,62.257523330187695,0.8459,0.6769,0.1878,0.2647,0.00125,3.2
95100,5943.75,3.1162368,62.3230575652721,0.8398,0.6739,0.1862,0.2619,0.00125,3.2
95200,5950.0,3.1195136,62.38859180035651,0.8349,0.6701,0.1855,0.2582,0.00125,3.2
95300,5956.25,3.1227904,62.454126035440915,0.8394,0.6685,0.1856,0.2593,0.00125,3.2
95400,5962.5,3.1260672,62.51966027052532,0.8343,0.6689,0.1886,0.2567,0.00125,3.2
95500,5968.75,3.129344,62.585194505609735,0.8388,0.6647,0.1748,0.2619,0.00126,3.2
95600,5975.0,3.1326208,62.65072874069414,0.8362,0.667,0.1825,0.2602,0.00126,3.2
95700,5981.25,3.1358976,62.71626297577855,0.8347,0.6691,0.1857,0.2554,0.00126,3.2
95800,5987.5,3.1391744,62.781797210862955,0.8455,0.6724,0.1782,0.2661,0.00126,3.3
95900,5993.75,3.1424512,62.84733144594736,0.8404,0.6703,0.1812,0.2604,0.00126,3.2
96000,6000.0,3.145728,62.91286568103177,0.8408,0.6686,0.1799,0.2619,0.00126,3.2
96100,6006.25,3.1490048,62.97839991611618,0.8327,0.6676,0.183,0.2552,0.00126,3.2
96200,6012.5,3.1522816,63.04393415120059,0.8437,0.6679,0.1844,0.2656,0.00126,3.2
96300,6018.75,3.1555584,63.109468386284995,0.831,0.6613,0.1879,0.2575,0.00127,3.3
96400,6025.0,3.1588352,63.1750026213694,0.8323,0.6672,0.1838,0.2576,0.00127,3.2
96500,6031.25,3.162112,63.24053685645381,0.8433,0.673,0.175,0.2608,0.00127,3.2
96600,6037.5,3.1653888,63.30607109153822,0.8422,0.6677,0.1788,0.2636,0.00127,3.2
96700,6043.75,3.1686656,63.37160532662263,0.8417,0.6685,0.1787,0.2596,0.00127,3.2
96800,6050.0,3.1719424,63.437139561707035,0.8376,0.6641,0.1725,0.2629,0.00127,3.3
96900,6056.25,3.1752192,63.50267379679144,0.8363,0.6665,0.1855,0.2611,0.00127,3.2
97000,6062.5,3.178496,63.56820803187585,0.8374,0.6713,0.1847,0.2611,0.00128,3.2
97100,6068.75,3.1817728,63.633742266960255,0.8338,0.6679,0.1827,0.2571,0.00128,3.2
97200,6075.0,3.1850496,63.69927650204467,0.833,0.6668,0.1755,0.2585,0.00128,3.2
97300,6081.25,3.1883264,63.764810737129075,0.8395,0.6718,0.1765,0.259,0.00128,3.2
97400,6087.5,3.1916032,63.83034497221348,0.84,0.6701,0.1829,0.2592,0.00128,3.2
97500,6093.75,3.19488,63.89587920729789,0.8376,0.664,0.1665,0.2583,0.00128,3.2
97600,6100.0,3.1981568,63.961413442382295,0.8336,0.6674,0.1877,0.26,0.00128,3.2
97700,6106.25,3.2014336,64.02694767746671,0.8444,0.6709,0.1764,0.2605,0.00128,3.3
97800,6112.5,3.2047104,64.09248191255111,0.8469,0.6685,0.1802,0.2664,0.00129,3.3
97900,6118.75,3.2079872,64.15801614763552,0.8388,0.6661,0.1677,0.2608,0.00129,3.2
98000,6125.0,3.211264,64.22355038271994,0.8438,0.6726,0.1787,0.2595,0.00129,3.2
98100,6131.25,3.2145408,64.28908461780433,0.8385,0.6667,0.1773,0.261,0.00129,3.2
98200,6137.5,3.2178176,64.35461885288875,0.8425,0.6735,0.1876,0.2665,0.00129,3.2
98300,6143.75,3.2210944,64.42015308797315,0.8412,0.6714,0.1746,0.2593,0.00129,3.3
98400,6150.0,3.2243712,64.48568732305756,0.8342,0.67,0.1818,0.2574,0.00129,3.2
98500,6156.25,3.227648,64.55122155814198,0.8437,0.6706,0.1742,0.264,0.00129,3.2
98600,6162.5,3.2309248,64.61675579322637,0.8297,0.6639,0.1731,0.2556,0.0013,3.2
98700,6168.75,3.2342016,64.68229002831079,0.8311,0.6662,0.1773,0.2548,0.0013,3.2
98800,6175.0,3.2374784,64.74782426339519,0.8307,0.6663,0.1782,0.2614,0.0013,3.3
98900,6181.25,3.2407552,64.8133584984796,0.8302,0.6639,0.1763,0.2609,0.0013,3.2
99000,6187.5,3.244032,64.87889273356402,0.8456,0.6696,0.1753,0.2675,0.0013,3.2
99100,6193.75,3.2473088,64.94442696864841,0.8323,0.6657,0.1751,0.2584,0.0013,3.3
99200,6200.0,3.2505856,65.00996120373283,0.8411,0.6699,0.1794,0.2605,0.0013,3.2
99300,6206.25,3.2538624,65.07549543881724,0.8309,0.6647,0.1826,0.2635,0.00131,3.2
99400,6212.5,3.2571392,65.14102967390166,0.8263,0.6599,0.1812,0.2584,0.00131,3.2
99500,6218.75,3.260416,65.20656390898606,0.849,0.6724,0.1807,0.2668,0.00131,3.3
99600,6225.0,3.2636928,65.27209814407047,0.8441,0.6706,0.1726,0.263,0.00131,3.2
99700,6231.25,3.2669696,65.33763237915487,0.8404,0.6667,0.1736,0.2647,0.00131,3.2
99800,6237.5,3.2702464,65.40316661423928,0.8365,0.6647,0.1801,0.2618,0.00131,3.3
99900,6243.75,3.2735232,65.4687008493237,0.8388,0.6704,0.175,0.2619,0.00131,3.3
100000,6250.0,3.2768,65.5342350844081,0.833,0.6612,0.1723,0.259,0.00131,3.3
100100,6256.25,3.2800768,65.59976931949251,0.8376,0.6678,0.1811,0.2611,0.00132,3.2
100200,6262.5,3.2833536,65.66530355457691,0.8292,0.6639,0.1778,0.2571,0.00132,3.3
100300,6268.75,3.2866304,65.73083778966132,0.8269,0.6639,0.1806,0.2598,0.00132,3.2
100400,6275.0,3.2899072,65.79637202474574,0.8317,0.6674,0.1734,0.2548,0.00132,3.2
100500,6281.25,3.293184,65.86190625983014,0.8334,0.666,0.1865,0.2628,0.00132,3.2
100600,6287.5,3.2964608,65.92744049491455,0.8335,0.6704,0.1806,0.2613,0.00132,3.2
100700,6293.75,3.2997376,65.99297472999895,0.8337,0.6636,0.1776,0.2645,0.00132,3.3
100800,6300.0,3.3030144,66.05850896508336,0.8295,0.6626,0.1767,0.261,0.00133,3.2
100900,6306.25,3.3062912,66.12404320016778,0.8292,0.6672,0.1802,0.2559,0.00133,3.2
101000,6312.5,3.309568,66.18957743525218,0.8345,0.6618,0.175,0.2607,0.00133,3.2
101100,6318.75,3.3128448,66.25511167033659,0.8354,0.6638,0.1688,0.2612,0.00133,3.2
101200,6325.0,3.3161216,66.32064590542099,0.8248,0.6621,0.179,0.2573,0.00133,3.2
101300,6331.25,3.3193984,66.3861801405054,0.8301,0.6638,0.1765,0.2576,0.00133,3.3
101400,6337.5,3.3226752,66.45171437558982,0.8444,0.6647,0.16,0.2669,0.00133,3.2
101500,6343.75,3.325952,66.51724861067422,0.8227,0.6633,0.1706,0.256,0.00133,3.2
101600,6350.0,3.3292288,66.58278284575863,0.8354,0.6652,0.1672,0.2573,0.00134,3.2
101700,6356.25,3.3325056,66.64831708084303,0.8206,0.6584,0.1773,0.2558,0.00134,3.2
101800,6362.5,3.3357824,66.71385131592744,0.8129,0.6597,0.1806,0.2494,0.00134,3.2
101900,6368.75,3.3390592,66.77938555101186,0.8347,0.6664,0.1738,0.2592,0.00134,3.2
102000,6375.0,3.342336,66.84491978609626,0.8385,0.6632,0.1858,0.2642,0.00134,3.2
102100,6381.25,3.3456128,66.91045402118067,0.8268,0.6604,0.1716,0.2564,0.00134,3.2
102200,6387.5,3.3488896,66.97598825626507,0.821,0.6612,0.1761,0.2539,0.00134,3.2
102300,6393.75,3.3521664,67.04152249134948,0.8337,0.6656,0.1673,0.2606,0.00134,3.3
102400,6400.0,3.3554432,67.10705672643388,0.8224,0.6615,0.1795,0.2554,0.00135,3.2
102500,6406.25,3.35872,67.1725909615183,0.8255,0.6565,0.1756,0.2567,0.00135,3.2
102600,6412.5,3.3619968,67.23812519660271,0.8245,0.6594,0.175,0.2582,0.00135,3.2
102700,6418.75,3.3652736,67.30365943168711,0.8404,0.6702,0.1751,0.2673,0.00135,3.3
102800,6425.0,3.3685504,67.36919366677152,0.8328,0.666,0.1786,0.2591,0.00135,3.3
102900,6431.25,3.3718272,67.43472790185592,0.8286,0.663,0.1818,0.258,0.00135,3.3
103000,6437.5,3.375104,67.50026213694034,0.8249,0.6562,0.1754,0.26,0.00135,3.2
103100,6443.75,3.3783808,67.56579637202475,0.8263,0.6637,0.1696,0.2529,0.00136,3.2
103200,6450.0,3.3816576,67.63133060710915,0.8289,0.664,0.1738,0.2594,0.00136,3.2
103300,6456.25,3.3849344,67.69686484219356,0.8289,0.6624,0.1724,0.2575,0.00136,3.2
103400,6462.5,3.3882112,67.76239907727796,0.8262,0.66,0.1776,0.2603,0.00136,3.2
103500,6468.75,3.391488,67.82793331236238,0.8366,0.6619,0.1653,0.258,0.00136,3.2
103600,6475.0,3.3947648,67.89346754744679,0.8126,0.6581,0.1786,0.2519,0.00136,3.2
103700,6481.25,3.3980416,67.95900178253119,0.8268,0.6594,0.1733,0.2551,0.00136,3.2
103800,6487.5,3.4013184,68.0245360176156,0.8353,0.6635,0.1734,0.2612,0.00136,3.3
103900,6493.75,3.4045952,68.0900702527,0.8347,0.6617,0.173,0.2561,0.00137,3.2
104000,6500.0,3.407872,68.15560448778442,0.8359,0.6658,0.1724,0.2621,0.00137,3.2
104100,6506.25,3.4111488,68.22113872286883,0.8286,0.6639,0.1732,0.2586,0.00137,3.2
104200,6512.5,3.4144256,68.28667295795323,0.8297,0.6642,0.1713,0.2559,0.00137,3.2
104300,6518.75,3.4177024,68.35220719303764,0.8304,0.6657,0.1682,0.2563,0.00137,3.2
104400,6525.0,3.4209792,68.41774142812204,0.8242,0.6594,0.1833,0.2575,0.00137,3.2
104500,6531.25,3.424256,68.48327566320646,0.8344,0.6639,0.1746,0.2625,0.00137,3.2
104600,6537.5,3.4275328,68.54880989829087,0.8301,0.6602,0.1737,0.2583,0.00138,3.2
104700,6543.75,3.4308096,68.61434413337527,0.8382,0.6627,0.1658,0.2627,0.00138,3.2
104800,6550.0,3.4340864,68.67987836845968,0.8249,0.6614,0.1653,0.2522,0.00138,3.3
104900,6556.25,3.4373632,68.74541260354408,0.8206,0.6604,0.1703,0.2554,0.00138,3.2
105000,6562.5,3.44064,68.8109468386285,0.8283,0.6584,0.1697,0.256,0.00138,3.2
105100,6568.75,3.4439168,68.87648107371291,0.8252,0.6626,0.1666,0.2532,0.00138,3.2
105200,6575.0,3.4471936,68.94201530879731,0.8226,0.661,0.1691,0.2516,0.00138,3.2
105300,6581.25,3.4504704,69.00754954388172,0.8334,0.6679,0.1665,0.2579,0.00138,3.3
105400,6587.5,3.4537472,69.07308377896612,0.819,0.662,0.1781,0.2499,0.00139,3.2
105500,6593.75,3.457024,69.13861801405054,0.8313,0.6662,0.1718,0.2591,0.00139,3.2
105600,6600.0,3.4603008,69.20415224913495,0.8279,0.664,0.1762,0.2517,0.00139,3.2
105700,6606.25,3.4635776,69.26968648421936,0.8378,0.6627,0.1683,0.2607,0.00139,3.2
105800,6612.5,3.4668544,69.33522071930376,0.8352,0.6667,0.1719,0.2629,0.00139,3.3
105900,6618.75,3.4701312,69.40075495438818,0.8155,0.6583,0.1761,0.2528,0.00139,3.2
106000,6625.0,3.473408,69.46628918947259,0.8181,0.6591,0.1702,0.2519,0.00139,3.2
106100,6631.25,3.4766848,69.53182342455699,0.8296,0.6599,0.1742,0.2586,0.00139,3.2
106200,6637.5,3.4799616,69.5973576596414,0.8288,0.6618,0.1759,0.2572,0.0014,3.2
106300,6643.75,3.4832384,69.6628918947258,0.8245,0.6597,0.1752,0.2541,0.0014,3.3
106400,6650.0,3.4865152,69.72842612981022,0.8315,0.6575,0.1682,0.2653,0.0014,3.2
106500,6656.25,3.489792,69.79396036489463,0.8289,0.6671,0.1792,0.2558,0.0014,3.2
106600,6662.5,3.4930688,69.85949459997903,0.8323,0.6594,0.1689,0.2641,0.0014,3.2
106700,6668.75,3.4963456,69.92502883506344,0.828,0.6635,0.1607,0.2606,0.0014,3.2
106800,6675.0,3.4996224,69.99056307014784,0.8281,0.6567,0.1696,0.2583,0.0014,3.2
106900,6681.25,3.5028992,70.05609730523226,0.8224,0.6587,0.1718,0.2566,0.00141,3.2
107000,6687.5,3.506176,70.12163154031667,0.8106,0.6567,0.1693,0.2478,0.00141,3.2
107100,6693.75,3.5094528,70.18716577540107,0.8176,0.6608,0.1752,0.2498,0.00141,3.2
107200,6700.0,3.5127296,70.25270001048548,0.8257,0.6586,0.175,0.2568,0.00141,3.2
107300,6706.25,3.5160064,70.31823424556988,0.8024,0.6553,0.1754,0.2452,0.00141,3.3
107400,6712.5,3.5192832,70.3837684806543,0.8327,0.6594,0.1709,0.2599,0.00141,3.2
107500,6718.75,3.52256,70.44930271573871,0.8232,0.6636,0.1713,0.2528,0.00141,3.3
107600,6725.0,3.5258368,70.51483695082311,0.8164,0.6617,0.173,0.2514,0.00141,3.2
107700,6731.25,3.5291136,70.58037118590752,0.8159,0.6603,0.1695,0.2533,0.00142,3.2
107800,6737.5,3.5323904,70.64590542099192,0.8287,0.6613,0.1696,0.2584,0.00142,3.3
107900,6743.75,3.5356672,70.71143965607634,0.8199,0.6595,0.1598,0.2554,0.00142,3.2
108000,6750.0,3.538944,70.77697389116075,0.812,0.6544,0.1665,0.2498,0.00142,3.2
108100,6756.25,3.5422208,70.84250812624515,0.819,0.6604,0.1725,0.2541,0.00142,3.2
108200,6762.5,3.5454976,70.90804236132956,0.8223,0.6595,0.1617,0.2521,0.00142,3.2
108300,6768.75,3.5487744,70.97357659641396,0.826,0.6619,0.1704,0.2536,0.00142,3.2
108400,6775.0,3.5520512,71.03911083149838,0.8262,0.6566,0.1714,0.2583,0.00143,3.2
108500,6781.25,3.555328,71.10464506658278,0.8197,0.6586,0.1737,0.253,0.00143,3.2
108600,6787.5,3.5586048,71.17017930166719,0.8155,0.6579,0.1753,0.2489,0.00143,3.2
108700,6793.75,3.5618816,71.2357135367516,0.829,0.6594,0.1699,0.2583,0.00143,3.2
108800,6800.0,3.5651584,71.301247771836,0.8323,0.6619,0.1668,0.2582,0.00143,3.3
108900,6806.25,3.5684352,71.36678200692042,0.8191,0.6597,0.1587,0.2521,0.00143,3.2
109000,6812.5,3.571712,71.43231624200482,0.8128,0.6565,0.1702,0.2468,0.00143,3.2
109100,6818.75,3.5749888,71.49785047708923,0.8324,0.6609,0.1671,0.2603,0.00143,3.2
109200,6825.0,3.5782656,71.56338471217364,0.8162,0.6558,0.1623,0.2561,0.00144,3.2
109300,6831.25,3.5815424,71.62891894725804,0.8227,0.6628,0.1638,0.2579,0.00144,3.2
109400,6837.5,3.5848192,71.69445318234246,0.8281,0.6596,0.1652,0.2586,0.00144,3.2
109500,6843.75,3.588096,71.75998741742686,0.8268,0.6622,0.1674,0.256,0.00144,3.2
109600,6850.0,3.5913728,71.82552165251127,0.8218,0.6582,0.17,0.2568,0.00144,3.2
109700,6856.25,3.5946496,71.89105588759568,0.8197,0.6601,0.1686,0.2572,0.00144,3.2
109800,6862.5,3.5979264,71.95659012268008,0.8178,0.6536,0.164,0.2528,0.00144,3.3
109900,6868.75,3.6012032,72.0221243577645,0.8181,0.6551,0.1711,0.2521,0.00144,3.2
110000,6875.0,3.60448,72.0876585928489,0.8364,0.6616,0.1681,0.263,0.00145,3.2
110100,6881.25,3.6077568,72.15319282793331,0.8138,0.6564,0.1656,0.2473,0.00145,3.2
110200,6887.5,3.6110336,72.21872706301772,0.8233,0.6617,0.1632,0.2585,0.00145,3.2
110300,6893.75,3.6143104,72.28426129810212,0.8195,0.6574,0.1664,0.2547,0.00145,3.3
110400,6900.0,3.6175872,72.34979553318654,0.8298,0.6629,0.1662,0.2569,0.00145,3.2
110500,6906.25,3.620864,72.41532976827094,0.8127,0.6545,0.1636,0.2495,0.00145,3.2
110600,6912.5,3.6241408,72.48086400335535,0.8165,0.657,0.1663,0.2534,0.00145,3.2
110700,6918.75,3.6274176,72.54639823843976,0.8297,0.657,0.1612,0.2613,0.00146,3.2
110800,6925.0,3.6306944,72.61193247352416,0.8258,0.6602,0.1644,0.2585,0.00146,3.2
110900,6931.25,3.6339712,72.67746670860858,0.8176,0.6556,0.1649,0.2541,0.00146,3.2
111000,6937.5,3.637248,72.74300094369298,0.8282,0.6623,0.1641,0.2592,0.00146,3.2
111100,6943.75,3.6405248,72.80853517877739,0.8259,0.6558,0.1677,0.2593,0.00146,3.2
111200,6950.0,3.6438016,72.8740694138618,0.8277,0.6606,0.172,0.2568,0.00146,3.2
111300,6956.25,3.6470784,72.9396036489462,0.8207,0.6582,0.1603,0.2523,0.00146,3.2
111400,6962.5,3.6503552,73.00513788403062,0.8131,0.6563,0.1662,0.2541,0.00146,3.2
111500,6968.75,3.653632,73.07067211911502,0.829,0.6589,0.1642,0.2563,0.00147,3.2
111600,6975.0,3.6569088,73.13620635419943,0.8258,0.6565,0.1567,0.2536,0.00147,3.2
111700,6981.25,3.6601856,73.20174058928384,0.8249,0.6605,0.1655,0.261,0.00147,3.2
111800,6987.5,3.6634624,73.26727482436824,0.8306,0.6654,0.1598,0.2566,0.00147,3.3
111900,6993.75,3.6667392,73.33280905945266,0.8074,0.6545,0.1761,0.2507,0.00147,3.3
112000,7000.0,3.670016,73.39834329453706,0.8153,0.6525,0.1598,0.2512,0.00147,3.2
112100,7006.25,3.6732928,73.46387752962148,0.8209,0.6619,0.1697,0.2497,0.00147,3.2
112200,7012.5,3.6765696,73.52941176470588,0.8152,0.6584,0.1666,0.2495,0.00147,3.3
112300,7018.75,3.6798464,73.5949459997903,0.8307,0.6597,0.1595,0.2582,0.00148,3.2
112400,7025.0,3.6831232,73.6604802348747,0.8231,0.6562,0.1644,0.2541,0.00148,3.2
112500,7031.25,3.6864,73.72601446995911,0.8195,0.6565,0.1658,0.2556,0.00148,3.2
112600,7037.5,3.6896768,73.79154870504352,0.8149,0.6575,0.1617,0.2511,0.00148,3.2
112700,7043.75,3.6929536,73.85708294012792,0.8296,0.6585,0.1634,0.2612,0.00148,3.2
112800,7050.0,3.6962304,73.92261717521234,0.8236,0.6594,0.1637,0.2565,0.00148,3.3
112900,7056.25,3.6995072,73.98815141029674,0.8199,0.6598,0.1623,0.2546,0.00148,3.2
113000,7062.5,3.702784,74.05368564538115,0.8202,0.654,0.1642,0.2568,0.00149,3.2
113100,7068.75,3.7060608,74.11921988046556,0.8118,0.6528,0.1732,0.2518,0.00149,3.2
113200,7075.0,3.7093376,74.18475411554996,0.8153,0.6537,0.1679,0.2565,0.00149,3.2
113300,7081.25,3.7126144,74.25028835063438,0.8325,0.662,0.1649,0.267,0.00149,3.2
113400,7087.5,3.7158912,74.31582258571878,0.8141,0.6603,0.1694,0.257,0.00149,3.2
113500,7093.75,3.719168,74.38135682080319,0.8215,0.6629,0.1708,0.2553,0.00149,3.3
113600,7100.0,3.7224448,74.4468910558876,0.8113,0.6525,0.1619,0.2489,0.00149,3.3
113700,7106.25,3.7257216,74.512425290972,0.8245,0.6588,0.1666,0.2547,0.00149,3.2
113800,7112.5,3.7289984,74.57795952605642,0.8168,0.656,0.1652,0.2524,0.0015,3.3
113900,7118.75,3.7322752,74.64349376114082,0.8111,0.6563,0.1675,0.251,0.0015,3.2
114000,7125.0,3.735552,74.70902799622523,0.8272,0.6604,0.1584,0.2591,0.0015,3.2
114100,7131.25,3.7388288,74.77456223130964,0.8205,0.6609,0.1585,0.2513,0.0015,3.2
114200,7137.5,3.7421056,74.84009646639404,0.8208,0.6599,0.1691,0.2575,0.0015,3.2
114300,7143.75,3.7453824,74.90563070147846,0.8251,0.6624,0.1649,0.2592,0.0015,3.3
114400,7150.0,3.7486592,74.97116493656286,0.8303,0.6584,0.1607,0.2595,0.0015,3.2
114500,7156.25,3.751936,75.03669917164727,0.8156,0.6574,0.1639,0.2525,0.00151,3.3
114600,7162.5,3.7552128,75.10223340673167,0.8243,0.6565,0.1597,0.2576,0.00151,3.2
114700,7168.75,3.7584896,75.16776764181608,0.8237,0.658,0.1679,0.2605,0.00151,3.2
114800,7175.0,3.7617664,75.2333018769005,0.8199,0.6576,0.161,0.2501,0.00151,3.2
114900,7181.25,3.7650432,75.2988361119849,0.8141,0.6544,0.1627,0.2541,0.00151,3.2
115000,7187.5,3.76832,75.36437034706931,0.8164,0.655,0.1624,0.2548,0.00151,3.2
115100,7193.75,3.7715968,75.42990458215371,0.8185,0.6535,0.1628,0.2559,0.00151,3.2
115200,7200.0,3.7748736,75.49543881723812,0.8146,0.6596,0.1565,0.2489,0.00151,3.2
115300,7206.25,3.7781504,75.56097305232254,0.8101,0.6553,0.1644,0.2512,0.00152,3.3
115400,7212.5,3.7814272,75.62650728740694,0.8193,0.658,0.1668,0.2562,0.00152,3.2
115500,7218.75,3.784704,75.69204152249135,0.8256,0.6591,0.1617,0.2578,0.00152,3.2
115600,7225.0,3.7879808,75.75757575757575,0.8178,0.6551,0.1613,0.2556,0.00152,3.2
115700,7231.25,3.7912576,75.82310999266016,0.8178,0.6562,0.1639,0.2526,0.00152,3.3
115800,7237.5,3.7945344,75.88864422774458,0.8093,0.6539,0.1644,0.2487,0.00152,3.3
115900,7243.75,3.7978112,75.95417846282898,0.8124,0.6558,0.1701,0.2549,0.00152,3.2
116000,7250.0,3.801088,76.01971269791339,0.8245,0.6545,0.1575,0.2554,0.00153,3.2
116100,7256.25,3.8043648,76.08524693299779,0.8148,0.6558,0.1689,0.2524,0.00153,3.2
116200,7262.5,3.8076416,76.1507811680822,0.8295,0.6614,0.1677,0.2641,0.00153,3.2
116300,7268.75,3.8109184,76.21631540316662,0.7955,0.6506,0.1628,0.2385,0.00153,3.2
116400,7275.0,3.8141952,76.28184963825102,0.8114,0.6548,0.1571,0.2506,0.00153,3.2
116500,7281.25,3.817472,76.34738387333543,0.8131,0.6589,0.1675,0.2545,0.00153,3.2
116600,7287.5,3.8207488,76.41291810841983,0.8096,0.6567,0.164,0.2535,0.00153,3.2
116700,7293.75,3.8240256,76.47845234350424,0.8217,0.6577,0.1622,0.2583,0.00153,3.2
116800,7300.0,3.8273024,76.54398657858866,0.8109,0.6609,0.1582,0.2502,0.00154,3.2
116900,7306.25,3.8305792,76.60952081367306,0.8232,0.6595,0.1566,0.2536,0.00154,3.2
117000,7312.5,3.833856,76.67505504875747,0.8232,0.6562,0.1572,0.2533,0.00154,3.2
117100,7318.75,3.8371328,76.74058928384187,0.8215,0.6624,0.1669,0.2586,0.00154,3.3
117200,7325.0,3.8404096,76.80612351892628,0.8166,0.6593,0.1653,0.2523,0.00154,3.3
117300,7331.25,3.8436864,76.8716577540107,0.8191,0.6567,0.1594,0.2567,0.00154,3.3
117400,7337.5,3.8469632,76.9371919890951,0.8208,0.6608,0.1611,0.2572,0.00154,3.2
117500,7343.75,3.85024,77.00272622417951,0.818,0.6498,0.1588,0.2555,0.00154,3.2
117600,7350.0,3.8535168,77.06826045926391,0.8222,0.6586,0.1608,0.2573,0.00155,3.2
117700,7356.25,3.8567936,77.13379469434832,0.8268,0.6578,0.1583,0.2617,0.00155,3.2
117800,7362.5,3.8600704,77.19932892943274,0.816,0.6568,0.1622,0.2508,0.00155,3.3
117900,7368.75,3.8633472,77.26486316451714,0.8299,0.6578,0.1578,0.2609,0.00155,3.3
118000,7375.0,3.866624,77.33039739960155,0.8173,0.6584,0.1659,0.2519,0.00155,3.2
118100,7381.25,3.8699008,77.39593163468595,0.8154,0.6555,0.1662,0.2581,0.00155,3.2
118200,7387.5,3.8731776,77.46146586977036,0.8152,0.6549,0.1635,0.2534,0.00155,3.2
118300,7393.75,3.8764544,77.52700010485476,0.8252,0.6587,0.1561,0.2571,0.00156,3.2
118400,7400.0,3.8797312,77.59253433993918,0.8153,0.6538,0.1556,0.2556,0.00156,3.2
118500,7406.25,3.883008,77.65806857502359,0.8083,0.6518,0.1606,0.2454,0.00156,3.2
118600,7412.5,3.8862848,77.723602810108,0.8171,0.6581,0.161,0.2544,0.00156,3.2
118700,7418.75,3.8895616,77.78913704519242,0.8096,0.6554,0.1619,0.2486,0.00156,3.2
118800,7425.0,3.8928384,77.85467128027682,0.8289,0.659,0.16,0.2596,0.00156,3.3
118900,7431.25,3.8961152,77.92020551536123,0.8242,0.6574,0.1639,0.2567,0.00156,3.2
119000,7437.5,3.899392,77.98573975044563,0.8083,0.652,0.1607,0.2518,0.00156,3.2
119100,7443.75,3.9026688,78.05127398553005,0.8209,0.6553,0.1572,0.2552,0.00157,3.2
119200,7450.0,3.9059456,78.11680822061446,0.8162,0.6545,0.1609,0.2553,0.00157,3.2
119300,7456.25,3.9092224,78.18234245569886,0.8093,0.6524,0.1561,0.2495,0.00157,3.2
119400,7462.5,3.9124992,78.24787669078327,0.8173,0.654,0.1598,0.2581,0.00157,3.3
119500,7468.75,3.915776,78.31341092586767,0.8263,0.6581,0.1525,0.2562,0.00157,3.2
119600,7475.0,3.9190528,78.37894516095209,0.8048,0.6511,0.1561,0.2483,0.00157,3.2
119700,7481.25,3.9223296,78.4444793960365,0.8142,0.656,0.1573,0.2536,0.00157,3.2
119800,7487.5,3.9256064,78.5100136311209,0.8185,0.6559,0.1539,0.2536,0.00157,3.3
119900,7493.75,3.9288832,78.57554786620531,0.8122,0.6523,0.159,0.251,0.00158,3.2
120000,7500.0,3.93216,78.64108210128971,0.8041,0.6558,0.1535,0.2459,0.00158,3.2
120100,7506.25,3.9354368,78.70661633637413,0.8168,0.6569,0.1627,0.2569,0.00158,3.2
120200,7512.5,3.9387136,78.77215057145854,0.8106,0.654,0.1636,0.2557,0.00158,3.2
120300,7518.75,3.9419904,78.83768480654294,0.8187,0.6566,0.1629,0.2534,0.00158,3.3
120400,7525.0,3.9452672,78.90321904162735,0.8248,0.6587,0.1607,0.2539,0.00158,3.2
120500,7531.25,3.948544,78.96875327671175,0.8129,0.6576,0.1647,0.2502,0.00158,3.2
120600,7537.5,3.9518208,79.03428751179617,0.8269,0.6591,0.1612,0.2609,0.00159,3.3
120700,7543.75,3.9550976,79.09982174688056,0.8217,0.657,0.1582,0.2556,0.00159,3.2
120800,7550.0,3.9583744,79.16535598196498,0.8107,0.6518,0.1558,0.25,0.00159,3.2
120900,7556.25,3.9616512,79.23089021704939,0.8163,0.6584,0.1569,0.251,0.00159,3.2
121000,7562.5,3.964928,79.29642445213379,0.817,0.6607,0.1684,0.2545,0.00159,3.2
121100,7568.75,3.9682048,79.3619586872182,0.8152,0.6546,0.1539,0.2514,0.00159,3.2
121200,7575.0,3.9714816,79.4274929223026,0.8176,0.6571,0.154,0.2545,0.00159,3.2
121300,7581.25,3.9747584,79.49302715738702,0.8228,0.6533,0.1478,0.2541,0.00159,3.2
121400,7587.5,3.9780352,79.55856139247143,0.8068,0.6554,0.1641,0.2518,0.0016,3.2
121500,7593.75,3.981312,79.62409562755583,0.8189,0.6603,0.1609,0.2562,0.0016,3.2
121600,7600.0,3.9845888,79.68962986264025,0.823,0.658,0.1618,0.2623,0.0016,3.2
121700,7606.25,3.9878656,79.75516409772464,0.8099,0.6531,0.155,0.2446,0.0016,3.2
121800,7612.5,3.9911424,79.82069833280906,0.8102,0.6507,0.1586,0.2528,0.0016,3.2
121900,7618.75,3.9944192,79.88623256789347,0.8026,0.6501,0.1618,0.2476,0.0016,3.2
122000,7625.0,3.997696,79.95176680297787,0.8122,0.6549,0.1575,0.2522,0.0016,3.2
122100,7631.25,4.0009728,80.01730103806229,0.8192,0.659,0.1558,0.2534,0.00161,3.2
122200,7637.5,4.0042496,80.08283527314669,0.8075,0.6479,0.1607,0.2543,0.00161,3.2
122300,7643.75,4.0075264,80.1483695082311,0.81,0.6545,0.1632,0.2515,0.00161,3.2
122400,7650.0,4.0108032,80.21390374331551,0.8099,0.6537,0.1468,0.248,0.00161,3.2
122500,7656.25,4.01408,80.27943797839991,0.8137,0.6515,0.1552,0.2559,0.00161,3.2
122600,7662.5,4.0173568,80.34497221348433,0.8113,0.6508,0.1558,0.2509,0.00161,3.2
122700,7668.75,4.0206336,80.41050644856873,0.8066,0.6518,0.1644,0.2499,0.00161,3.3
122800,7675.0,4.0239104,80.47604068365314,0.7976,0.6468,0.1582,0.2454,0.00161,3.3
122900,7681.25,4.0271872,80.54157491873755,0.8042,0.654,0.1671,0.2519,0.00162,3.2
123000,7687.5,4.030464,80.60710915382195,0.8186,0.654,0.15,0.2547,0.00162,3.2
123100,7693.75,4.0337408,80.67264338890637,0.8109,0.65,0.1573,0.2536,0.00162,3.2
123200,7700.0,4.0370176,80.73817762399077,0.8157,0.6556,0.1551,0.2517,0.00162,3.2
123300,7706.25,4.0402944,80.80371185907518,0.8196,0.6568,0.1598,0.258,0.00162,3.2
123400,7712.5,4.0435712,80.86924609415959,0.8139,0.6548,0.1552,0.2504,0.00162,3.2
123500,7718.75,4.046848,80.93478032924399,0.8125,0.6503,0.1433,0.2469,0.00162,3.2
123600,7725.0,4.0501248,81.0003145643284,0.8142,0.6526,0.1512,0.2535,0.00162,3.2
123700,7731.25,4.0534016,81.0658487994128,0.8137,0.656,0.155,0.2515,0.00163,3.2
123800,7737.5,4.0566784,81.13138303449722,0.8165,0.6578,0.1569,0.2481,0.00163,3.3
123900,7743.75,4.0599552,81.19691726958163,0.8104,0.6571,0.1589,0.252,0.00163,3.2
124000,7750.0,4.063232,81.26245150466603,0.8069,0.6514,0.1531,0.2479,0.00163,3.2
124100,7756.25,4.0665088,81.32798573975045,0.8099,0.6504,0.1591,0.2509,0.00163,3.2
124200,7762.5,4.0697856,81.39351997483485,0.8187,0.6535,0.1539,0.2542,0.00163,3.2
124300,7768.75,4.0730624,81.45905420991926,0.8029,0.6497,0.158,0.247,0.00163,3.3
124400,7775.0,4.0763392,81.52458844500366,0.8028,0.6498,0.1581,0.2458,0.00164,3.2
124500,7781.25,4.079616,81.59012268008807,0.8045,0.6517,0.1589,0.248,0.00164,3.2
124600,7787.5,4.0828928,81.65565691517249,0.8156,0.6559,0.1605,0.2514,0.00164,3.2
124700,7793.75,4.0861696,81.72119115025689,0.8131,0.6558,0.1549,0.2543,0.00164,3.3
124800,7800.0,4.0894464,81.7867253853413,0.8061,0.6517,0.1599,0.2469,0.00164,3.3
124900,7806.25,4.0927232,81.85225962042571,0.813,0.6536,0.1525,0.2513,0.00164,3.2
125000,7812.5,4.096,81.91779385551013,0.8192,0.658,0.1592,0.2549,0.00164,3.3
125100,7818.75,4.0992768,81.98332809059453,0.8154,0.6576,0.1538,0.2539,0.00164,3.2
125200,7825.0,4.1025536,82.04886232567894,0.8142,0.6543,0.1615,0.2532,0.00165,3.2
125300,7831.25,4.1058304,82.11439656076335,0.806,0.6526,0.1589,0.2443,0.00165,3.2
125400,7837.5,4.1091072,82.17993079584775,0.8124,0.6548,0.1524,0.2496,0.00165,3.2
125500,7843.75,4.112384,82.24546503093217,0.8156,0.6543,0.1558,0.2509,0.00165,3.3
125600,7850.0,4.1156608,82.31099926601657,0.8147,0.6552,0.1577,0.2519,0.00165,3.2
125700,7856.25,4.1189376,82.37653350110098,0.82,0.657,0.1568,0.2549,0.00165,3.2
125800,7862.5,4.1222144,82.4420677361854,0.8194,0.6583,0.1494,0.2547,0.00165,3.3
125900,7868.75,4.1254912,82.50760197126979,0.8195,0.6576,0.1545,0.2566,0.00166,3.2
126000,7875.0,4.128768,82.5731362063542,0.82,0.6575,0.1561,0.2558,0.00166,3.2
126100,7881.25,4.1320448,82.6386704414386,0.8099,0.6495,0.143,0.2461,0.00166,3.2
126200,7887.5,4.1353216,82.70420467652302,0.8168,0.6526,0.1519,0.2532,0.00166,3.3
126300,7893.75,4.1385984,82.76973891160743,0.7988,0.6496,0.1523,0.2433,0.00166,3.3
126400,7900.0,4.1418752,82.83527314669183,0.8079,0.6544,0.1596,0.2523,0.00166,3.2
126500,7906.25,4.145152,82.90080738177625,0.8064,0.6525,0.1577,0.2506,0.00166,3.2
126600,7912.5,4.1484288,82.96634161686065,0.8123,0.6555,0.1574,0.2542,0.00166,3.2
126700,7918.75,4.1517056,83.03187585194506,0.8142,0.6538,0.148,0.251,0.00167,3.2
126800,7925.0,4.1549824,83.09741008702946,0.8084,0.6498,0.1575,0.2487,0.00167,3.2
126900,7931.25,4.1582592,83.16294432211387,0.8014,0.6501,0.1517,0.2479,0.00167,3.2
127000,7937.5,4.161536,83.22847855719829,0.8115,0.65,0.1576,0.254,0.00167,3.2
127100,7943.75,4.1648128,83.29401279228269,0.8164,0.6542,0.1596,0.2557,0.00167,3.2
127200,7950.0,4.1680896,83.3595470273671,0.8169,0.6544,0.1495,0.2537,0.00167,3.2
127300,7956.25,4.1713664,83.4250812624515,0.8161,0.6572,0.157,0.25,0.00167,3.3
127400,7962.5,4.1746432,83.49061549753591,0.8148,0.6584,0.1563,0.252,0.00167,3.2
127500,7968.75,4.17792,83.55614973262033,0.8011,0.6513,0.1497,0.2448,0.00168,3.2
127600,7975.0,4.1811968,83.62168396770473,0.8111,0.6537,0.1555,0.2506,0.00168,3.2
127700,7981.25,4.1844736,83.68721820278914,0.826,0.6591,0.154,0.2572,0.00168,3.2
127800,7987.5,4.1877504,83.75275243787354,0.8129,0.6544,0.1499,0.2552,0.00168,3.2
127900,7993.75,4.1910272,83.81828667295795,0.8173,0.6554,0.1498,0.2554,0.00168,3.2
128000,8000.0,4.194304,83.88382090804237,0.8177,0.6515,0.147,0.2516,0.00168,3.2
128100,8006.25,4.1975808,83.94935514312677,0.8068,0.6525,0.1588,0.2538,0.00168,3.2
128200,8012.5,4.2008576,84.01488937821118,0.8088,0.6504,0.1567,0.2517,0.00169,3.3
128300,8018.75,4.2041344,84.08042361329558,0.8068,0.6535,0.1521,0.2492,0.00169,3.2
128400,8025.0,4.2074112,84.14595784838,0.7957,0.6502,0.1489,0.2386,0.00169,3.2
128500,8031.25,4.210688,84.2114920834644,0.8022,0.6498,0.1574,0.2507,0.00169,3.2
128600,8037.5,4.2139648,84.2770263185488,0.8166,0.6559,0.1479,0.2569,0.00169,3.2
128700,8043.75,4.2172416,84.34256055363322,0.8117,0.651,0.1546,0.2509,0.00169,3.3
128800,8050.0,4.2205184,84.40809478871762,0.8049,0.6458,0.1558,0.251,0.00169,3.3
128900,8056.25,4.2237952,84.47362902380203,0.8091,0.655,0.1538,0.2519,0.00169,3.2
129000,8062.5,4.227072,84.53916325888645,0.8067,0.6538,0.1564,0.2538,0.0017,3.2
129100,8068.75,4.2303488,84.60469749397085,0.8024,0.6529,0.1491,0.2453,0.0017,3.2
129200,8075.0,4.2336256,84.67023172905526,0.8101,0.6552,0.1582,0.2512,0.0017,3.2
129300,8081.25,4.2369024,84.73576596413966,0.8092,0.6506,0.1523,0.245,0.0017,3.2
129400,8087.5,4.2401792,84.80130019922407,0.8201,0.6549,0.1585,0.2597,0.0017,3.2
129500,8093.75,4.243456,84.86683443430849,0.8161,0.656,0.1514,0.2529,0.0017,3.2
129600,8100.0,4.2467328,84.93236866939289,0.8128,0.6552,0.1533,0.2517,0.0017,3.2
129700,8106.25,4.2500096,84.9979029044773,0.8109,0.6552,0.1511,0.2533,0.00171,3.2
129800,8112.5,4.2532864,85.0634371395617,0.8029,0.6476,0.1465,0.2426,0.00171,3.2
129900,8118.75,4.2565632,85.12897137464611,0.8059,0.6527,0.1493,0.2464,0.00171,3.2
130000,8125.0,4.25984,85.19450560973053,0.8076,0.6502,0.1567,0.251,0.00171,3.2
130100,8131.25,4.2631168,85.26003984481493,0.7992,0.6481,0.1533,0.2437,0.00171,3.2
130200,8137.5,4.2663936,85.32557407989934,0.806,0.6533,0.1531,0.2457,0.00171,3.2
130300,8143.75,4.2696704,85.39110831498374,0.8051,0.6509,0.153,0.249,0.00171,3.2
130400,8150.0,4.2729472,85.45664255006815,0.8274,0.6644,0.1478,0.2551,0.00171,3.2
130500,8156.25,4.276224,85.52217678515255,0.8083,0.6529,0.1523,0.2524,0.00172,3.2
130600,8162.5,4.2795008,85.58771102023697,0.8233,0.6537,0.1518,0.2588,0.00172,3.2
130700,8168.75,4.2827776,85.65324525532138,0.8174,0.6517,0.1493,0.2542,0.00172,3.2
130800,8175.0,4.2860544,85.71877949040578,0.818,0.6546,0.1551,0.2544,0.00172,3.2
130900,8181.25,4.2893312,85.7843137254902,0.813,0.655,0.1498,0.2485,0.00172,3.2
131000,8187.5,4.292608,85.84984796057459,0.8097,0.6536,0.1533,0.2511,0.00172,3.2
131100,8193.75,4.2958848,85.915382195659,0.7975,0.6508,0.1609,0.2447,0.00172,3.2
131200,8200.0,4.2991616,85.98091643074342,0.8066,0.6504,0.1511,0.2478,0.00172,3.2
131300,8206.25,4.3024384,86.04645066582783,0.8152,0.6543,0.1499,0.252,0.00173,3.3
131400,8212.5,4.3057152,86.11198490091225,0.8231,0.6549,0.1468,0.258,0.00173,3.2
131500,8218.75,4.308992,86.17751913599665,0.8117,0.6555,0.1552,0.2528,0.00173,3.2
131600,8225.0,4.3122688,86.24305337108106,0.82,0.6554,0.141,0.255,0.00173,3.2
131700,8231.25,4.3155456,86.30858760616546,0.8031,0.6518,0.1496,0.2462,0.00173,3.2
131800,8237.5,4.3188224,86.37412184124987,0.8072,0.6528,0.15,0.2455,0.00173,3.3
131900,8243.75,4.3220992,86.43965607633429,0.8095,0.6543,0.1501,0.2493,0.00173,3.2
132000,8250.0,4.325376,86.50519031141869,0.8159,0.655,0.1505,0.2522,0.00174,3.2
132100,8256.25,4.3286528,86.5707245465031,0.8094,0.6504,0.1517,0.2531,0.00174,3.2
132200,8262.5,4.3319296,86.6362587815875,0.8148,0.6534,0.1498,0.2531,0.00174,3.3
132300,8268.75,4.3352064,86.70179301667191,0.8102,0.6566,0.1476,0.2474,0.00174,3.2
132400,8275.0,4.3384832,86.76732725175633,0.807,0.6508,0.1457,0.2498,0.00174,3.2
132500,8281.25,4.34176,86.83286148684073,0.813,0.6555,0.152,0.2527,0.00174,3.2
132600,8287.5,4.3450368,86.89839572192514,0.8085,0.6547,0.1526,0.2462,0.00174,3.2
132700,8293.75,4.3483136,86.96392995700954,0.81,0.6503,0.1548,0.253,0.00174,3.2
132800,8300.0,4.3515904,87.02946419209395,0.8178,0.6559,0.1523,0.259,0.00175,3.3
132900,8306.25,4.3548672,87.09499842717835,0.8066,0.6539,0.1553,0.2498,0.00175,3.2
133000,8312.5,4.358144,87.16053266226277,0.8116,0.6526,0.1506,0.2523,0.00175,3.2
133100,8318.75,4.3614208,87.22606689734718,0.8011,0.6515,0.1497,0.2439,0.00175,3.2
133200,8325.0,4.3646976,87.29160113243158,0.8138,0.6539,0.1498,0.2507,0.00175,3.2
133300,8331.25,4.3679744,87.357135367516,0.8026,0.6524,0.1463,0.2437,0.00175,3.3
133400,8337.5,4.3712512,87.4226696026004,0.8053,0.6527,0.1502,0.2473,0.00175,3.2
133500,8343.75,4.374528,87.48820383768481,0.8026,0.6493,0.1543,0.2527,0.00175,3.2
133600,8350.0,4.3778048,87.55373807276922,0.8127,0.6534,0.1468,0.2521,0.00176,3.2
133700,8356.25,4.3810816,87.61927230785362,0.7967,0.6499,0.1553,0.2426,0.00176,3.2
133800,8362.5,4.3843584,87.68480654293803,0.8176,0.6535,0.1538,0.259,0.00176,3.3
133900,8368.75,4.3876352,87.75034077802243,0.8109,0.6539,0.1511,0.252,0.00176,3.2
134000,8375.0,4.390912,87.81587501310685,0.8023,0.6511,0.1574,0.2483,0.00176,3.2
134100,8381.25,4.3941888,87.88140924819126,0.8057,0.6513,0.1544,0.2456,0.00176,3.2
134200,8387.5,4.3974656,87.94694348327566,0.8099,0.6539,0.1482,0.2509,0.00176,3.2
134300,8393.75,4.4007424,88.01247771836007,0.8096,0.6512,0.1526,0.2489,0.00177,3.2
134400,8400.0,4.4040192,88.07801195344447,0.8023,0.6545,0.1558,0.2463,0.00177,3.2
134500,8406.25,4.407296,88.14354618852889,0.8058,0.653,0.1503,0.2478,0.00177,3.2
134600,8412.5,4.4105728,88.2090804236133,0.8007,0.6486,0.1507,0.2453,0.00177,3.2
134700,8418.75,4.4138496,88.2746146586977,0.8165,0.6534,0.1522,0.259,0.00177,3.2
134800,8425.0,4.4171264,88.34014889378211,0.8014,0.6538,0.1522,0.2457,0.00177,3.2
134900,8431.25,4.4204032,88.40568312886651,0.7964,0.6499,0.1509,0.2423,0.00177,3.2
135000,8437.5,4.42368,88.47121736395093,0.8169,0.6558,0.1513,0.2531,0.00177,3.2
135100,8443.75,4.4269568,88.53675159903534,0.8103,0.6551,0.1527,0.2536,0.00178,3.2
135200,8450.0,4.4302336,88.60228583411974,0.8045,0.65,0.1569,0.2544,0.00178,3.2
135300,8456.25,4.4335104,88.66782006920415,0.8147,0.6522,0.1482,0.2524,0.00178,3.3
135400,8462.5,4.4367872,88.73335430428855,0.8098,0.6553,0.149,0.2497,0.00178,3.2
135500,8468.75,4.440064,88.79888853937297,0.8081,0.6493,0.1569,0.2537,0.00178,3.3
135600,8475.0,4.4433408,88.86442277445738,0.8163,0.6555,0.147,0.2553,0.00178,3.2
135700,8481.25,4.4466176,88.92995700954178,0.8129,0.6502,0.1442,0.2506,0.00178,3.2
135800,8487.5,4.4498944,88.9954912446262,0.8238,0.6562,0.1539,0.2622,0.00179,3.3
135900,8493.75,4.4531712,89.0610254797106,0.802,0.6534,0.1528,0.2473,0.00179,3.2
136000,8500.0,4.456448,89.12655971479501,0.8154,0.6507,0.1464,0.2526,0.00179,3.2
136100,8506.25,4.4597248,89.19209394987942,0.8112,0.655,0.1471,0.2541,0.00179,3.2
136200,8512.5,4.4630016,89.25762818496382,0.8144,0.6533,0.1437,0.2505,0.00179,3.2
136300,8518.75,4.4662784,89.32316242004823,0.8012,0.6477,0.1425,0.2441,0.00179,3.2
136400,8525.0,4.4695552,89.38869665513263,0.8154,0.6573,0.1462,0.2511,0.00179,3.2
136500,8531.25,4.472832,89.45423089021705,0.8022,0.6502,0.1485,0.2469,0.00179,3.2
136600,8537.5,4.4761088,89.51976512530145,0.8116,0.6542,0.1502,0.251,0.0018,3.2
136700,8543.75,4.4793856,89.58529936038586,0.8081,0.6533,0.1483,0.2462,0.0018,3.2
136800,8550.0,4.4826624,89.65083359547027,0.8136,0.6525,0.1466,0.2516,0.0018,3.2
136900,8556.25,4.4859392,89.71636783055467,0.8136,0.6491,0.1537,0.2532,0.0018,3.2
137000,8562.5,4.489216,89.78190206563909,0.8102,0.6507,0.1481,0.2531,0.0018,3.2
137100,8568.75,4.4924928,89.84743630072349,0.8043,0.6533,0.1451,0.249,0.0018,3.3
137200,8575.0,4.4957696,89.9129705358079,0.8224,0.6608,0.1473,0.2587,0.0018,3.2
137300,8581.25,4.4990464,89.97850477089231,0.8022,0.6499,0.1472,0.2464,0.00181,3.2
137400,8587.5,4.5023232,90.04403900597671,0.8054,0.6529,0.1492,0.25,0.00181,3.2
137500,8593.75,4.5056,90.10957324106113,0.8181,0.6554,0.1503,0.2552,0.00181,3.2
137600,8600.0,4.5088768,90.17510747614553,0.817,0.6543,0.1415,0.2551,0.00181,3.2
137700,8606.25,4.5121536,90.24064171122996,0.8049,0.6517,0.1504,0.2468,0.00181,3.2
137800,8612.5,4.5154304,90.30617594631435,0.8049,0.6545,0.1501,0.2475,0.00181,3.3
137900,8618.75,4.5187072,90.37171018139877,0.8188,0.6575,0.1519,0.2559,0.00181,3.2
138000,8625.0,4.521984,90.43724441648318,0.8027,0.6484,0.1536,0.2488,0.00181,3.2
138100,8631.25,4.5252608,90.50277865156758,0.8025,0.6476,0.1446,0.2484,0.00182,3.2
138200,8637.5,4.5285376,90.568312886652,0.8107,0.6496,0.1407,0.2544,0.00182,3.2
138300,8643.75,4.5318144,90.6338471217364,0.8146,0.656,0.1474,0.2508,0.00182,3.3
138400,8650.0,4.5350912,90.69938135682081,0.8044,0.6533,0.1498,0.2499,0.00182,3.2
138500,8656.25,4.538368,90.76491559190522,0.8042,0.6549,0.1469,0.2525,0.00182,3.3
138600,8662.5,4.5416448,90.83044982698962,0.7976,0.6459,0.1491,0.2437,0.00182,3.2
138700,8668.75,4.5449216,90.89598406207404,0.8043,0.6539,0.1516,0.252,0.00182,3.2
138800,8675.0,4.5481984,90.96151829715843,0.8083,0.6529,0.1514,0.2507,0.00182,3.2
138900,8681.25,4.5514752,91.02705253224285,0.8051,0.6507,0.1481,0.252,0.00183,3.2
139000,8687.5,4.554752,91.09258676732725,0.8091,0.6527,0.1553,0.253,0.00183,3.2
139100,8693.75,4.5580288,91.15812100241166,0.8135,0.6494,0.1478,0.2559,0.00183,3.2
139200,8700.0,4.5613056,91.22365523749608,0.8096,0.6527,0.1468,0.2498,0.00183,3.2
139300,8706.25,4.5645824,91.28918947258047,0.8044,0.6535,0.1468,0.2472,0.00183,3.2
139400,8712.5,4.5678592,91.35472370766489,0.807,0.6531,0.1536,0.25,0.00183,3.3
139500,8718.75,4.571136,91.42025794274929,0.801,0.652,0.1425,0.2465,0.00183,3.2
139600,8725.0,4.5744128,91.4857921778337,0.8106,0.6521,0.1462,0.2537,0.00184,3.2
139700,8731.25,4.5776896,91.55132641291812,0.8061,0.6484,0.1498,0.248,0.00184,3.2
139800,8737.5,4.5809664,91.61686064800251,0.8033,0.6539,0.1525,0.2473,0.00184,3.3
139900,8743.75,4.5842432,91.68239488308693,0.7995,0.647,0.1543,0.2433,0.00184,3.2
140000,8750.0,4.58752,91.74792911817133,0.811,0.6485,0.1425,0.2497,0.00184,3.2
140100,8756.25,4.5907968,91.81346335325574,0.807,0.6506,0.1473,0.2521,0.00184,3.2
140200,8762.5,4.5940736,91.87899758834016,0.79,0.6488,0.1503,0.2422,0.00184,3.2
140300,8768.75,4.5973504,91.94453182342455,0.813,0.6527,0.1468,0.2536,0.00184,3.3
140400,8775.0,4.6006272,92.01006605850897,0.8005,0.65,0.1506,0.2478,0.00185,3.2
140500,8781.25,4.603904,92.07560029359337,0.8064,0.6524,0.15,0.2476,0.00185,3.2
140600,8787.5,4.6071808,92.14113452867778,0.8085,0.6523,0.151,0.2553,0.00185,3.2
140700,8793.75,4.6104576,92.2066687637622,0.8043,0.6521,0.1455,0.2454,0.00185,3.2
140800,8800.0,4.6137344,92.2722029988466,0.802,0.6498,0.1444,0.2469,0.00185,3.3
140900,8806.25,4.6170112,92.33773723393101,0.8068,0.6562,0.1459,0.2512,0.00185,3.2
141000,8812.5,4.620288,92.40327146901541,0.7907,0.6457,0.1507,0.2388,0.00185,3.2
141100,8818.75,4.6235648,92.46880570409982,0.8065,0.6524,0.1449,0.2501,0.00185,3.2
141200,8825.0,4.6268416,92.53433993918424,0.8076,0.651,0.1494,0.2541,0.00186,3.2
141300,8831.25,4.6301184,92.59987417426863,0.8087,0.6564,0.1489,0.2461,0.00186,3.3
141400,8837.5,4.6333952,92.66540840935305,0.8149,0.6523,0.1493,0.257,0.00186,3.2
141500,8843.75,4.636672,92.73094264443745,0.8013,0.6485,0.1454,0.2452,0.00186,3.2
141600,8850.0,4.6399488,92.79647687952186,0.8099,0.6516,0.146,0.2515,0.00186,3.2
141700,8856.25,4.6432256,92.86201111460628,0.8034,0.6545,0.1493,0.2502,0.00186,3.2
141800,8862.5,4.6465024,92.92754534969067,0.8,0.6529,0.1437,0.2433,0.00186,3.2
141900,8868.75,4.6497792,92.99307958477509,0.8033,0.6558,0.1526,0.2528,0.00187,3.2
142000,8875.0,4.653056,93.05861381985949,0.801,0.6542,0.1458,0.2437,0.00187,3.2
142100,8881.25,4.6563328,93.1241480549439,0.8001,0.6487,0.1514,0.247,0.00187,3.2
142200,8887.5,4.6596096,93.18968229002832,0.8168,0.6531,0.1437,0.2564,0.00187,3.3
142300,8893.75,4.6628864,93.25521652511271,0.8023,0.651,0.1478,0.2441,0.00187,3.3
142400,8900.0,4.6661632,93.32075076019713,0.8105,0.6581,0.1459,0.2487,0.00187,3.2
142500,8906.25,4.66944,93.38628499528153,0.8056,0.6495,0.1531,0.2521,0.00187,3.3
142600,8912.5,4.6727168,93.45181923036594,0.8146,0.6534,0.141,0.2486,0.00187,3.2
142700,8918.75,4.6759936,93.51735346545034,0.8009,0.6459,0.1495,0.2475,0.00188,3.3
142800,8925.0,4.6792704,93.58288770053476,0.8138,0.6542,0.145,0.2527,0.00188,3.3
142900,8931.25,4.6825472,93.64842193561917,0.8017,0.6498,0.1438,0.2452,0.00188,3.2
143000,8937.5,4.685824,93.71395617070357,0.7998,0.6486,0.1506,0.2434,0.00188,3.2
143100,8943.75,4.6891008,93.77949040578798,0.8075,0.6517,0.1428,0.2507,0.00188,3.2
143200,8950.0,4.6923776,93.84502464087238,0.8087,0.6531,0.1515,0.2543,0.00188,3.2
143300,8956.25,4.6956544,93.9105588759568,0.8048,0.6487,0.1434,0.2476,0.00188,3.3
143400,8962.5,4.6989312,93.97609311104121,0.8002,0.6468,0.143,0.2466,0.00189,3.2
143500,8968.75,4.702208,94.04162734612561,0.8019,0.6459,0.1502,0.2515,0.00189,3.2
143600,8975.0,4.7054848,94.10716158121002,0.8049,0.65,0.1478,0.2512,0.00189,3.2
143700,8981.25,4.7087616,94.17269581629442,0.8176,0.654,0.1459,0.2532,0.00189,3.2
143800,8987.5,4.7120384,94.23823005137884,0.805,0.653,0.151,0.2507,0.00189,3.2
143900,8993.75,4.7153152,94.30376428646325,0.8165,0.653,0.1444,0.2541,0.00189,3.3
144000,9000.0,4.718592,94.36929852154765,0.8159,0.6494,0.1477,0.2595,0.00189,3.2
144100,9006.25,4.7218688,94.43483275663208,0.7984,0.6478,0.1509,0.247,0.00189,3.3
144200,9012.5,4.7251456,94.50036699171648,0.8127,0.6502,0.1466,0.2518,0.0019,3.2
144300,9018.75,4.7284224,94.56590122680089,0.8062,0.6514,0.1499,0.25,0.0019,3.3
144400,9025.0,4.7316992,94.63143546188529,0.8085,0.6479,0.1455,0.251,0.0019,3.2
144500,9031.25,4.734976,94.6969696969697,0.7938,0.6508,0.1502,0.2411,0.0019,3.2
144600,9037.5,4.7382528,94.76250393205412,0.8027,0.6509,0.1435,0.2485,0.0019,3.2
144700,9043.75,4.7415296,94.82803816713852,0.7987,0.6504,0.1489,0.2454,0.0019,3.3
144800,9050.0,4.7448064,94.89357240222293,0.8022,0.6523,0.146,0.2473,0.0019,3.3
144900,9056.25,4.7480832,94.95910663730733,0.8234,0.6581,0.144,0.2601,0.0019,3.2
145000,9062.5,4.75136,95.02464087239174,0.8062,0.6533,0.1411,0.2488,0.00191,3.2
145100,9068.75,4.7546368,95.09017510747614,0.8117,0.6528,0.15,0.2555,0.00191,3.2
145200,9075.0,4.7579136,95.15570934256056,0.797,0.6485,0.1444,0.2499,0.00191,3.2
145300,9081.25,4.7611904,95.22124357764497,0.8006,0.6458,0.1485,0.2501,0.00191,3.2
145400,9087.5,4.7644672,95.28677781272937,0.8026,0.6499,0.1412,0.243,0.00191,3.2
145500,9093.75,4.767744,95.35231204781378,0.8152,0.6561,0.1428,0.2517,0.00191,3.2
145600,9100.0,4.7710208,95.41784628289818,0.803,0.6516,0.1487,0.2459,0.00191,3.2
145700,9106.25,4.7742976,95.4833805179826,0.8067,0.6555,0.149,0.2545,0.00192,3.2
145800,9112.5,4.7775744,95.54891475306701,0.7976,0.6483,0.1469,0.25,0.00192,3.3
145900,9118.75,4.7808512,95.61444898815141,0.799,0.6469,0.1502,0.2462,0.00192,3.2
146000,9125.0,4.784128,95.67998322323582,0.804,0.6505,0.1423,0.2501,0.00192,3.2
146100,9131.25,4.7874048,95.74551745832022,0.8006,0.6498,0.1456,0.2475,0.00192,3.2
146200,9137.5,4.7906816,95.81105169340464,0.7931,0.648,0.1449,0.2422,0.00192,3.2
146300,9143.75,4.7939584,95.87658592848905,0.7998,0.6487,0.1448,0.2476,0.00192,3.3
146400,9150.0,4.7972352,95.94212016357345,0.8006,0.6507,0.1527,0.2471,0.00192,3.3
146500,9156.25,4.800512,96.00765439865786,0.8013,0.6509,0.149,0.2487,0.00193,3.2
146600,9162.5,4.8037888,96.07318863374226,0.8035,0.6506,0.1473,0.2507,0.00193,3.2
146700,9168.75,4.8070656,96.13872286882668,0.803,0.6497,0.1461,0.2458,0.00193,3.2
146800,9175.0,4.8103424,96.20425710391109,0.801,0.651,0.1439,0.2478,0.00193,3.2
146900,9181.25,4.8136192,96.26979133899549,0.7993,0.6498,0.1519,0.247,0.00193,3.2
147000,9187.5,4.816896,96.3353255740799,0.8107,0.6526,0.138,0.249,0.00193,3.2
147100,9193.75,4.8201728,96.4008598091643,0.8024,0.6463,0.1419,0.2519,0.00193,3.2
147200,9200.0,4.8234496,96.46639404424872,0.8036,0.6534,0.1454,0.2453,0.00194,3.2
147300,9206.25,4.8267264,96.53192827933313,0.8072,0.6461,0.1437,0.2503,0.00194,3.2
147400,9212.5,4.8300032,96.59746251441753,0.8004,0.6489,0.1479,0.2477,0.00194,3.2
147500,9218.75,4.83328,96.66299674950194,0.8018,0.6498,0.1483,0.2456,0.00194,3.2
147600,9225.0,4.8365568,96.72853098458634,0.7933,0.6518,0.1479,0.2405,0.00194,3.2
147700,9231.25,4.8398336,96.79406521967076,0.7998,0.6437,0.1433,0.2463,0.00194,3.2
147800,9237.5,4.8431104,96.85959945475517,0.7987,0.6514,0.1501,0.251,0.00194,3.2
147900,9243.75,4.8463872,96.92513368983957,0.7995,0.6496,0.1442,0.2443,0.00194,3.2
148000,9250.0,4.849664,96.99066792492398,0.7983,0.6494,0.1423,0.2434,0.00195,3.2
148100,9256.25,4.8529408,97.05620216000838,0.798,0.647,0.1476,0.2482,0.00195,3.2
148200,9262.5,4.8562176,97.1217363950928,0.7884,0.6525,0.1449,0.2376,0.00195,3.2
148300,9268.75,4.8594944,97.18727063017721,0.8029,0.6491,0.147,0.2425,0.00195,3.2
148400,9275.0,4.8627712,97.25280486526161,0.795,0.6495,0.1454,0.2425,0.00195,3.2
148500,9281.25,4.866048,97.31833910034602,0.8151,0.6557,0.1404,0.2566,0.00195,3.2
148600,9287.5,4.8693248,97.38387333543042,0.8006,0.6528,0.1421,0.2456,0.00195,3.2
148700,9293.75,4.8726016,97.44940757051484,0.8037,0.6448,0.1427,0.2449,0.00195,3.2
148800,9300.0,4.8758784,97.51494180559924,0.8137,0.6512,0.1424,0.2549,0.00196,3.2
148900,9306.25,4.8791552,97.58047604068365,0.8112,0.6518,0.141,0.25,0.00196,3.2
149000,9312.5,4.882432,97.64601027576806,0.8054,0.6488,0.1459,0.249,0.00196,3.2
149100,9318.75,4.8857088,97.71154451085246,0.8066,0.6528,0.1495,0.2498,0.00196,3.2
149200,9325.0,4.8889856,97.77707874593688,0.817,0.6514,0.1474,0.2575,0.00196,3.2
149300,9331.25,4.8922624,97.84261298102128,0.8063,0.6518,0.1466,0.2505,0.00196,3.2
149400,9337.5,4.8955392,97.90814721610569,0.8032,0.6496,0.1448,0.2485,0.00196,3.2
149500,9343.75,4.898816,97.9736814511901,0.8018,0.6534,0.1441,0.2455,0.00197,3.2
149600,9350.0,4.9020928,98.0392156862745,0.8066,0.6519,0.1434,0.254,0.00197,3.2
149700,9356.25,4.9053696,98.10474992135892,0.7954,0.6503,0.1464,0.2469,0.00197,3.2
149800,9362.5,4.9086464,98.17028415644332,0.8124,0.6511,0.1408,0.2509,0.00197,3.3
149900,9368.75,4.9119232,98.23581839152773,0.7977,0.6471,0.1447,0.2486,0.00197,3.2
150000,9375.0,4.9152,98.30135262661214,0.8012,0.6501,0.138,0.2432,0.00197,3.2
150100,9381.25,4.9184768,98.36688686169654,0.8015,0.6507,0.1449,0.2485,0.00197,3.2
150200,9387.5,4.9217536,98.43242109678096,0.7964,0.6488,0.1415,0.2445,0.00197,3.2
150300,9393.75,4.9250304,98.49795533186536,0.7934,0.6448,0.1419,0.2465,0.00198,3.2
150400,9400.0,4.9283072,98.56348956694977,0.7965,0.6494,0.1454,0.2469,0.00198,3.2
150500,9406.25,4.931584,98.62902380203418,0.8061,0.6526,0.1396,0.2504,0.00198,3.2
150600,9412.5,4.9348608,98.6945580371186,0.8053,0.6503,0.141,0.2494,0.00198,3.2
150700,9418.75,4.9381376,98.76009227220301,0.8087,0.6571,0.1492,0.2528,0.00198,3.2
150800,9425.0,4.9414144,98.82562650728741,0.802,0.648,0.1426,0.2454,0.00198,3.2
150900,9431.25,4.9446912,98.89116074237182,0.8069,0.6495,0.1445,0.251,0.00198,3.2
151000,9437.5,4.947968,98.95669497745622,0.801,0.6519,0.144,0.2457,0.00199,3.2
151100,9443.75,4.9512448,99.02222921254064,0.8079,0.6502,0.1451,0.2522,0.00199,3.2
151200,9450.0,4.9545216,99.08776344762504,0.8003,0.6522,0.1444,0.2456,0.00199,3.2
151300,9456.25,4.9577984,99.15329768270945,0.8059,0.6504,0.1424,0.2522,0.00199,3.3
151400,9462.5,4.9610752,99.21883191779386,0.7946,0.6435,0.143,0.2425,0.00199,3.2
151500,9468.75,4.964352,99.28436615287826,0.803,0.6537,0.1409,0.2469,0.00199,3.2
151600,9475.0,4.9676288,99.34990038796268,0.8056,0.6491,0.1369,0.2482,0.00199,3.2
151700,9481.25,4.9709056,99.41543462304708,0.7964,0.647,0.1439,0.2432,0.00199,3.2
151800,9487.5,4.9741824,99.48096885813149,0.7927,0.6441,0.1378,0.2404,0.002,3.3
151900,9493.75,4.9774592,99.5465030932159,0.8162,0.6592,0.1429,0.2544,0.002,3.3
152000,9500.0,4.980736,99.6120373283003,0.8127,0.6507,0.1421,0.2496,0.002,3.2
152100,9506.25,4.9840128,99.67757156338472,0.8098,0.6509,0.1457,0.2497,0.002,3.2
152200,9512.5,4.9872896,99.74310579846912,0.8142,0.6532,0.1393,0.251,0.002,3.2
152300,9518.75,4.9905664,99.80864003355353,0.7989,0.6489,0.1485,0.2465,0.002,3.2
152400,9525.0,4.9938432,99.87417426863794,0.7929,0.6451,0.1526,0.2477,0.002,3.2
152500,9531.25,4.99712,99.93970850372234,0.8064,0.6509,0.1445,0.2547,0.002,3.2
