step,loss,l2,ce,plan,lr,sps
100,1.8061,0.7031,0.9944,1.0026,1.26e-06,3.0
200,1.8022,0.7084,0.9769,0.9995,2.52e-06,3.2
300,1.7993,0.7055,0.9855,1.0044,3.79e-06,3.2
400,1.7929,0.7061,0.9906,0.9982,5.26e-06,3.2
500,1.7832,0.7047,0.8838,1.0086,6.52e-06,3.2
600,1.7715,0.702,0.8471,1.0049,7.78e-06,3.2
700,1.7604,0.7081,0.7823,1.0031,9.05e-06,3.2
800,1.7505,0.7036,0.7866,1.0051,1.05e-05,3.3
900,1.7215,0.7069,0.6576,0.9994,1.18e-05,3.2
1000,1.7047,0.7045,0.6043,1.001,1.3e-05,3.3
1100,1.6987,0.7017,0.5842,0.9995,1.43e-05,3.3
1200,1.681,0.7116,0.4955,0.9939,1.58e-05,3.3
1300,1.6821,0.7094,0.4863,1.0031,1.7e-05,3.3
1400,1.6624,0.701,0.4249,0.9981,1.83e-05,3.2
1500,1.6574,0.7074,0.4028,0.9961,1.96e-05,3.3
1600,1.6448,0.7044,0.3467,0.996,2.1e-05,3.3
1700,1.6398,0.7055,0.3357,0.9924,2.23e-05,3.3
1800,1.6401,0.7034,0.3021,1.0013,2.36e-05,3.3
1900,1.6272,0.6997,0.305,1.0004,2.48e-05,3.3
2000,1.6258,0.6996,0.2746,0.9999,2.63e-05,3.3
2100,1.6209,0.6972,0.2692,1.0027,2.76e-05,3.3
2200,1.6233,0.6944,0.2702,1.0053,2.88e-05,3.3
2300,1.6156,0.6986,0.2412,1.0034,3.01e-05,3.3
2400,1.6133,0.7015,0.2302,1.001,3.16e-05,3.3
2500,1.6077,0.694,0.2273,0.9964,3.28e-05,3.3
2600,1.6211,0.6975,0.2065,1.0097,3.41e-05,3.2
2700,1.6052,0.6909,0.1972,0.9992,3.53e-05,3.2
2800,1.6123,0.6963,0.2155,1.0008,3.68e-05,3.3
2900,1.6023,0.6958,0.194,0.9938,3.81e-05,3.3
3000,1.6094,0.6932,0.2088,1.008,3.93e-05,3.3
3100,1.5959,0.6907,0.2037,0.9999,4.06e-05,3.3
3200,1.6035,0.6956,0.187,0.9955,4.21e-05,3.2
3300,1.6036,0.697,0.1931,1.0023,4.33e-05,3.3
3400,1.5967,0.6943,0.1917,0.9981,4.46e-05,3.2
3500,1.5986,0.6961,0.1879,0.9979,4.59e-05,3.3
3600,1.6074,0.6976,0.1984,1.0097,4.73e-05,3.2
3700,1.5885,0.6947,0.1907,0.99,4.86e-05,3.2
3800,1.5943,0.6902,0.1868,0.9992,4.99e-05,3.3
3900,1.5989,0.6915,0.1853,1.003,5.11e-05,3.2
4000,1.5958,0.6935,0.1747,0.9933,5.26e-05,3.2
4100,1.598,0.6915,0.1781,1.0023,5.38e-05,3.2
4200,1.6025,0.6925,0.179,1.005,5.51e-05,3.3
4300,1.5905,0.6873,0.1784,1.0013,5.64e-05,3.3
4400,1.6004,0.6852,0.18,1.0062,5.78e-05,3.2
4500,1.5973,0.6936,0.1759,1.0015,5.91e-05,3.3
4600,1.6033,0.6908,0.1757,1.0001,6.04e-05,3.3
4700,1.5924,0.6851,0.1797,1.0033,6.16e-05,3.3
4800,1.5836,0.6898,0.176,0.9919,6.31e-05,3.3
4900,1.5874,0.6837,0.1772,1.0001,6.44e-05,3.2
5000,1.5907,0.685,0.1716,1.0022,6.56e-05,3.2
5100,1.5963,0.6964,0.1785,1.0011,6.69e-05,3.2
5200,1.5892,0.6891,0.1747,0.9953,6.84e-05,3.2
5300,1.5956,0.6857,0.1756,1.0051,6.96e-05,3.3
5400,1.5899,0.6867,0.1721,0.9992,7.09e-05,3.2
5500,1.5905,0.6944,0.1755,0.9946,7.21e-05,3.3
5600,1.5972,0.6911,0.1653,0.9953,7.36e-05,3.2
5700,1.5956,0.6884,0.1654,1.0012,7.49e-05,3.2
5800,1.5825,0.6853,0.1828,0.9953,7.61e-05,3.3
5900,1.5882,0.6882,0.1753,0.9965,7.74e-05,3.2
6000,1.5944,0.6946,0.1705,0.9972,7.89e-05,3.2
6100,1.6039,0.6995,0.1698,1.0037,8.01e-05,3.2
6200,1.5983,0.6945,0.1743,1.0,8.14e-05,3.3
6300,1.5903,0.688,0.1701,0.9989,8.27e-05,3.3
6400,1.5895,0.6921,0.1774,0.9986,8.41e-05,3.3
6500,1.5936,0.6922,0.1702,0.9968,8.54e-05,3.3
6600,1.5899,0.7014,0.1733,0.9943,8.67e-05,3.3
6700,1.5884,0.6851,0.1711,0.9964,8.79e-05,3.3
6800,1.5943,0.6888,0.1741,1.0014,8.94e-05,3.3
6900,1.5872,0.6918,0.1764,1.0004,9.07e-05,3.3
7000,1.5894,0.6866,0.1805,0.9969,9.19e-05,3.3
7100,1.5868,0.691,0.177,0.9947,9.32e-05,3.2
7200,1.5922,0.6871,0.1737,0.9983,9.47e-05,3.2
7300,1.5953,0.6887,0.1667,1.0048,9.59e-05,3.2
7400,1.592,0.6879,0.1672,0.9982,9.72e-05,3.3
7500,1.5869,0.6892,0.1651,0.9964,9.84e-05,3.3
7600,1.5779,0.6914,0.1716,0.9865,9.99e-05,3.3
7700,1.5897,0.6898,0.1643,0.9959,0.000101,3.3
7800,1.5951,0.6908,0.1676,0.9989,0.000102,3.3
7900,1.592,0.6876,0.1699,0.998,0.000104,3.3
8000,1.5814,0.6866,0.17,0.9941,0.000105,3.3
8100,1.5962,0.6918,0.1673,0.9959,0.000106,3.2
8200,1.5845,0.6826,0.1711,0.9995,0.000108,3.2
8300,1.5793,0.6855,0.1727,0.9916,0.000109,3.3
8400,1.5911,0.6895,0.1677,0.9946,0.00011,3.2
8500,1.5878,0.6955,0.1704,0.9887,0.000112,3.3
8600,1.5853,0.6855,0.1691,0.9938,0.000113,3.3
8700,1.5809,0.6863,0.1704,0.9929,0.000114,3.3
8800,1.5802,0.6896,0.1786,0.9922,0.000116,3.3
8900,1.59,0.6926,0.1674,0.9919,0.000117,3.3
9000,1.5826,0.6847,0.1651,0.9953,0.000118,3.3
9100,1.5889,0.6916,0.1778,0.9962,0.000119,3.3
9200,1.5933,0.6919,0.1753,0.9973,0.000121,3.2
9300,1.5807,0.691,0.1705,0.9894,0.000122,3.2
9400,1.5828,0.6859,0.1668,0.9932,0.000123,3.3
9500,1.5817,0.6857,0.1734,0.9906,0.000125,3.3
9600,1.6007,0.6939,0.1704,0.9991,0.000126,3.3
9700,1.5843,0.6872,0.1703,0.9883,0.000127,3.3
9800,1.5841,0.6891,0.1706,0.993,0.000129,3.3
9900,1.5788,0.6901,0.1733,0.9874,0.00013,3.3
10000,1.5786,0.6864,0.1692,0.9876,0.000131,3.2
10100,1.5809,0.6877,0.1746,0.987,0.000133,3.2
10200,1.5804,0.6867,0.1653,0.9913,0.000134,3.2
10300,1.5899,0.6884,0.1765,0.997,0.000135,3.3
10400,1.5851,0.6854,0.168,0.9906,0.000137,3.3
10500,1.577,0.6824,0.1712,0.9874,0.000138,3.3
10600,1.5822,0.6847,0.1751,0.9917,0.000139,3.3
10700,1.5753,0.6868,0.1708,0.9934,0.000141,3.3
10800,1.5768,0.6839,0.1748,0.987,0.000142,3.3
10900,1.5849,0.6907,0.1716,0.9946,0.000143,3.3
11000,1.5892,0.6863,0.1628,0.9929,0.000145,3.3
11100,1.577,0.6903,0.1749,0.9871,0.000146,3.3
11200,1.5652,0.6865,0.1793,0.9787,0.000147,3.2
11300,1.5704,0.6875,0.1719,0.9841,0.000149,3.3
11400,1.5806,0.6913,0.1677,0.986,0.00015,3.2
11500,1.5722,0.685,0.1746,0.9902,0.000151,3.3
11600,1.581,0.6903,0.1615,0.9861,0.000153,3.3
11700,1.5855,0.6887,0.1713,0.992,0.000154,3.3
11800,1.5681,0.6854,0.1649,0.9807,0.000155,3.3
11900,1.5787,0.6923,0.1791,0.9833,0.000156,3.3
12000,1.5767,0.6904,0.1575,0.9841,0.000158,3.3
12100,1.5774,0.6869,0.1618,0.9816,0.000159,3.2
12200,1.5749,0.6898,0.1665,0.976,0.00016,3.3
12300,1.5667,0.6911,0.1727,0.9802,0.000162,3.3
12400,1.5705,0.6904,0.1769,0.9799,0.000163,3.2
12500,1.5743,0.6882,0.1726,0.9866,0.000164,3.3
12600,1.5786,0.6902,0.161,0.9783,0.000166,3.3
12700,1.5734,0.681,0.1736,0.9869,0.000167,3.3
12800,1.5672,0.689,0.175,0.9758,0.000168,3.3
12900,1.5691,0.6894,0.166,0.9803,0.00017,3.2
13000,1.5739,0.687,0.1621,0.9781,0.000171,3.3
13100,1.5783,0.689,0.1621,0.9819,0.000172,3.3
13200,1.5721,0.6894,0.1584,0.9745,0.000174,3.2
13300,1.5786,0.6935,0.1644,0.9821,0.000175,3.3
13400,1.5678,0.6856,0.1632,0.9751,0.000176,3.3
13500,1.5634,0.6855,0.1708,0.9753,0.000177,3.2
13600,1.5715,0.6931,0.1684,0.9801,0.000179,3.3
13700,1.5727,0.6901,0.1662,0.9797,0.00018,3.2
13800,1.5577,0.6829,0.1738,0.9735,0.000181,3.2
13900,1.5682,0.6889,0.173,0.9735,0.000183,3.2
14000,1.5729,0.6925,0.1724,0.9804,0.000184,3.3
14100,1.5646,0.6874,0.1749,0.9778,0.000185,3.2
14200,1.5621,0.6866,0.1674,0.9672,0.000187,3.2
14300,1.5678,0.6921,0.1752,0.9736,0.000188,3.3
14400,1.5691,0.6872,0.1659,0.9697,0.000189,3.2
14500,1.5617,0.6907,0.1682,0.9685,0.000191,3.2
14600,1.5577,0.6917,0.1749,0.9673,0.000192,3.2
14700,1.5578,0.6881,0.1841,0.9698,0.000193,3.3
14800,1.5593,0.6908,0.1743,0.9675,0.000195,3.3
14900,1.5623,0.689,0.1745,0.974,0.000196,3.2
15000,1.5612,0.689,0.1716,0.9684,0.000197,3.3
15100,1.5531,0.6838,0.1728,0.9673,0.000198,3.3
15200,1.5602,0.6916,0.1766,0.9705,0.0002,3.2
15300,1.5559,0.6905,0.1669,0.9665,0.000201,3.3
15400,1.5575,0.6886,0.1713,0.9644,0.000202,3.2
15500,1.5641,0.6889,0.1693,0.9696,0.000204,3.3
15600,1.5494,0.688,0.1815,0.9632,0.000205,3.3
15700,1.5522,0.6904,0.1662,0.9598,0.000206,3.3
15800,1.5591,0.6901,0.1734,0.9652,0.000208,3.3
15900,1.5498,0.6871,0.171,0.9609,0.000209,3.3
16000,1.559,0.6945,0.1685,0.962,0.00021,3.2
16100,1.5505,0.6883,0.1729,0.9548,0.000212,3.3
16200,1.5499,0.6901,0.1837,0.9607,0.000213,3.3
16300,1.5472,0.6845,0.1695,0.9587,0.000214,3.3
16400,1.5465,0.6883,0.1691,0.954,0.000216,3.3
16500,1.5577,0.6918,0.1646,0.9639,0.000217,3.3
16600,1.548,0.6897,0.1727,0.9558,0.000218,3.3
16700,1.551,0.6946,0.1689,0.9538,0.000219,3.3
16800,1.5447,0.6931,0.1767,0.9479,0.000221,3.3
16900,1.5424,0.6911,0.169,0.9497,0.000222,3.3
17000,1.5378,0.6904,0.1754,0.944,0.000223,3.3
17100,1.5337,0.6893,0.1707,0.9437,0.000225,3.3
17200,1.5409,0.6887,0.1637,0.9476,0.000226,3.3
17300,1.5393,0.6893,0.1676,0.9454,0.000227,3.3
17400,1.5379,0.6922,0.1745,0.9394,0.000229,3.2
17500,1.5377,0.6874,0.1657,0.9461,0.00023,3.3
17600,1.5311,0.691,0.1773,0.9388,0.000231,3.3
17700,1.5236,0.6898,0.1714,0.9298,0.000233,3.3
17800,1.5316,0.6903,0.161,0.9344,0.000234,3.3
17900,1.5339,0.6892,0.1654,0.9401,0.000235,3.3
18000,1.5284,0.6947,0.1701,0.9291,0.000237,3.2
18100,1.5303,0.6921,0.1789,0.9388,0.000238,3.2
18200,1.5148,0.687,0.1759,0.9286,0.000239,3.3
18300,1.5186,0.6925,0.1674,0.9259,0.00024,3.3
18400,1.5137,0.6888,0.1738,0.9224,0.000242,3.3
18500,1.5174,0.6932,0.168,0.9253,0.000243,3.3
18600,1.5102,0.6934,0.1717,0.9189,0.000244,3.3
18700,1.5075,0.6833,0.1647,0.9183,0.000246,3.3
18800,1.5089,0.6926,0.1706,0.9139,0.000247,3.3
18900,1.5025,0.6873,0.1763,0.9103,0.000248,3.3
19000,1.5134,0.69,0.1648,0.9131,0.00025,3.3
19100,1.5019,0.6949,0.1737,0.9042,0.000251,3.2
19200,1.4994,0.6921,0.1716,0.9086,0.000252,3.3
19300,1.5047,0.6917,0.1835,0.9105,0.000254,3.3
19400,1.501,0.6924,0.1733,0.9064,0.000255,3.3
19500,1.4956,0.6885,0.1693,0.9054,0.000256,3.3
19600,1.4986,0.6852,0.1715,0.9027,0.000258,3.3
19700,1.4901,0.6926,0.1788,0.8961,0.000259,3.3
19800,1.482,0.6934,0.1711,0.8893,0.00026,3.3
19900,1.4916,0.6884,0.1689,0.8943,0.000261,3.3
20000,1.4803,0.6885,0.1726,0.8874,0.000263,3.3
20100,1.4749,0.6852,0.1735,0.8843,0.000264,3.2
20200,1.4777,0.6913,0.166,0.8827,0.000265,3.3
20300,1.4835,0.6939,0.1632,0.8871,0.000267,3.3
20400,1.4794,0.6879,0.1693,0.8832,0.000268,3.3
20500,1.4725,0.6935,0.1704,0.8758,0.000269,3.3
20600,1.4667,0.691,0.1687,0.8734,0.000271,3.3
20700,1.4663,0.6919,0.1751,0.874,0.000272,3.2
20800,1.4698,0.6918,0.1736,0.8735,0.000273,3.3
20900,1.4522,0.6888,0.1756,0.8622,0.000275,3.3
21000,1.4542,0.6892,0.1758,0.8637,0.000276,3.3
21100,1.4599,0.6887,0.171,0.8673,0.000277,3.3
21200,1.4559,0.6922,0.1665,0.8557,0.000279,3.3
21300,1.4563,0.6917,0.168,0.8565,0.00028,3.3
21400,1.4534,0.6923,0.1665,0.8563,0.000281,3.3
21500,1.439,0.6933,0.1788,0.8459,0.000282,3.2
21600,1.4423,0.6923,0.1709,0.8464,0.000284,3.3
21700,1.4408,0.6904,0.1641,0.8458,0.000285,3.2
21800,1.4374,0.6897,0.176,0.8401,0.000286,3.3
21900,1.4309,0.6931,0.1679,0.8349,0.000288,3.3
22000,1.4228,0.6864,0.1653,0.831,0.000289,3.3
22100,1.4245,0.6898,0.1713,0.8307,0.00029,3.3
22200,1.4202,0.6926,0.1733,0.8257,0.000292,3.3
22300,1.4115,0.6859,0.1728,0.8213,0.000293,3.3
22400,1.4148,0.691,0.1725,0.8211,0.000294,3.3
22500,1.4117,0.6913,0.17,0.8153,0.000296,3.3
22600,1.4052,0.6867,0.1731,0.814,0.000297,3.2
22700,1.402,0.6897,0.1726,0.8097,0.000298,3.3
22800,1.4029,0.6912,0.1691,0.8102,0.0003,3.3
22900,1.3883,0.6858,0.1726,0.8017,0.000301,3.3
23000,1.4059,0.6964,0.1783,0.8092,0.000302,3.3
23100,1.3894,0.6919,0.173,0.7953,0.000304,3.3
23200,1.3777,0.6863,0.1743,0.7902,0.000305,3.3
23300,1.3892,0.694,0.1741,0.7916,0.000306,3.3
23400,1.3823,0.6897,0.1636,0.786,0.000308,3.3
23500,1.377,0.6877,0.1688,0.785,0.000309,3.3
23600,1.3829,0.6927,0.1652,0.7853,0.00031,3.3
23700,1.3725,0.6866,0.1696,0.7832,0.000312,3.3
23800,1.3655,0.6899,0.1686,0.7695,0.000313,3.3
23900,1.3635,0.6906,0.1717,0.7727,0.000314,3.3
24000,1.3629,0.6913,0.1673,0.7638,0.000316,3.2
24100,1.3586,0.6928,0.1747,0.7612,0.000317,3.2
24200,1.3498,0.687,0.1764,0.7608,0.000318,3.3
24300,1.3459,0.6881,0.1768,0.7556,0.000319,3.3
24400,1.3428,0.6924,0.1719,0.7512,0.000321,3.3
24500,1.3467,0.6897,0.1709,0.7469,0.000322,3.3
24600,1.3411,0.6896,0.172,0.7513,0.000323,3.3
24700,1.3375,0.6921,0.1699,0.7418,0.000325,3.2
24800,1.3304,0.6933,0.1876,0.7368,0.000326,3.3
24900,1.3334,0.697,0.1676,0.7322,0.000327,3.3
25000,1.3393,0.6976,0.1622,0.7327,0.000329,3.3
25100,1.3247,0.6872,0.1724,0.734,0.00033,3.2
25200,1.3203,0.6906,0.1712,0.7305,0.000331,3.2
25300,1.312,0.6945,0.1772,0.7236,0.000333,3.3
25400,1.3147,0.6943,0.1805,0.717,0.000334,3.2
25500,1.3176,0.6909,0.1635,0.7157,0.000335,3.2
25600,1.305,0.6914,0.1778,0.7103,0.000337,3.2
25700,1.2913,0.6839,0.1777,0.7079,0.000338,3.3
25800,1.3024,0.6945,0.1764,0.7044,0.000339,3.3
25900,1.2995,0.6896,0.1756,0.7054,0.00034,3.2
26000,1.2929,0.6961,0.1736,0.6925,0.000342,3.3
26100,1.2846,0.6854,0.1711,0.6966,0.000343,3.2
26200,1.286,0.692,0.1707,0.6887,0.000344,3.2
26300,1.2755,0.6886,0.1718,0.6809,0.000346,3.3
26400,1.2691,0.6854,0.1728,0.6831,0.000347,3.3
26500,1.27,0.6878,0.1734,0.6808,0.000348,3.2
26600,1.2723,0.6917,0.1715,0.6753,0.00035,3.3
26700,1.2669,0.6836,0.1754,0.6784,0.000351,3.3
26800,1.2678,0.6902,0.1729,0.6707,0.000352,3.3
26900,1.2646,0.6923,0.1726,0.6667,0.000354,3.2
27000,1.2656,0.6884,0.1583,0.6706,0.000355,3.2
27100,1.2602,0.6885,0.163,0.663,0.000356,3.2
27200,1.2557,0.6895,0.1661,0.6569,0.000358,3.2
27300,1.2413,0.6898,0.1827,0.6522,0.000359,3.3
27400,1.2446,0.6929,0.1764,0.647,0.00036,3.2
27500,1.2363,0.6926,0.1704,0.6431,0.000361,3.2
27600,1.2445,0.6936,0.1712,0.6448,0.000363,3.2
27700,1.2238,0.6899,0.1725,0.6392,0.000364,3.2
27800,1.2342,0.6899,0.1734,0.6382,0.000365,3.3
27900,1.225,0.689,0.1728,0.631,0.000367,3.2
28000,1.2372,0.6924,0.1697,0.6353,0.000368,3.3
28100,1.2318,0.6936,0.1739,0.6328,0.000369,3.2
28200,1.2137,0.6917,0.1749,0.6231,0.000371,3.2
28300,1.2118,0.6927,0.1733,0.6158,0.000372,3.3
28400,1.225,0.6945,0.1677,0.6243,0.000373,3.3
28500,1.2084,0.6866,0.1712,0.6164,0.000375,3.2
28600,1.2092,0.6917,0.1719,0.6163,0.000376,3.2
28700,1.2049,0.6864,0.1729,0.6165,0.000377,3.3
28800,1.2087,0.6924,0.1665,0.6054,0.000379,3.3
28900,1.208,0.6932,0.1751,0.6125,0.00038,3.2
29000,1.1926,0.688,0.1739,0.5998,0.000381,3.3
29100,1.1798,0.6899,0.1773,0.5944,0.000382,3.2
29200,1.1942,0.6915,0.1711,0.6017,0.000384,3.2
29300,1.1772,0.6859,0.1868,0.591,0.000385,3.2
29400,1.1847,0.6957,0.1743,0.5842,0.000386,3.3
29500,1.1785,0.6933,0.1822,0.5874,0.000388,3.2
29600,1.1896,0.695,0.1715,0.5891,0.000389,3.2
29700,1.1707,0.6913,0.1715,0.5766,0.00039,3.3
29800,1.1602,0.6815,0.1708,0.5766,0.000392,3.2
29900,1.1657,0.6876,0.173,0.577,0.000393,3.2
30000,1.1693,0.6906,0.1791,0.5799,0.000394,3.3
30100,1.1517,0.6823,0.1739,0.5697,0.000396,3.3
30200,1.1651,0.689,0.173,0.5725,0.000397,3.2
30300,1.156,0.6852,0.1799,0.567,0.000398,3.3
30400,1.1632,0.695,0.1791,0.5629,0.0004,3.3
30500,1.1599,0.6913,0.1675,0.5636,0.000401,3.2
30600,1.1572,0.6989,0.1771,0.5568,0.000402,3.2
30700,1.1441,0.6887,0.176,0.5496,0.000403,3.3
30800,1.1358,0.6922,0.1729,0.5459,0.000405,3.2
30900,1.1457,0.6851,0.1716,0.5533,0.000406,3.3
31000,1.1431,0.6953,0.1739,0.5437,0.000407,3.2
31100,1.1372,0.6951,0.1738,0.5417,0.000409,3.2
31200,1.1407,0.6938,0.1769,0.5445,0.00041,3.3
31300,1.1396,0.6955,0.1732,0.5425,0.000411,3.3
31400,1.1479,0.6919,0.1724,0.5481,0.000413,3.3
31500,1.1278,0.6889,0.1798,0.5377,0.000414,3.2
31600,1.1131,0.6901,0.1755,0.5291,0.000415,3.3
31700,1.1185,0.6844,0.1746,0.5331,0.000417,3.3
31800,1.1238,0.6905,0.1712,0.5257,0.000418,3.3
31900,1.1162,0.687,0.1707,0.5256,0.000419,3.2
32000,1.1242,0.6952,0.1709,0.524,0.000421,3.2
32100,1.1121,0.6921,0.1739,0.5165,0.000422,3.3
32200,1.1106,0.6864,0.1725,0.5221,0.000423,3.2
32300,1.1103,0.6923,0.1744,0.514,0.000424,3.3
32400,1.1079,0.6949,0.1775,0.5143,0.000426,3.3
32500,1.1096,0.6937,0.1747,0.513,0.000427,3.3
32600,1.1064,0.6952,0.1797,0.5078,0.000428,3.2
32700,1.1003,0.6912,0.161,0.5061,0.00043,3.2
32800,1.101,0.6901,0.1782,0.5055,0.000431,3.3
32900,1.1006,0.6916,0.1673,0.499,0.000432,3.3
33000,1.0957,0.6921,0.1747,0.4999,0.000434,3.3
33100,1.0973,0.6894,0.1755,0.5008,0.000435,3.2
33200,1.0952,0.6906,0.1804,0.506,0.000436,3.3
33300,1.0912,0.6918,0.1747,0.4956,0.000438,3.2
33400,1.0952,0.6879,0.1729,0.4959,0.000439,3.2
33500,1.0719,0.6834,0.1782,0.4872,0.00044,3.3
33600,1.0844,0.6937,0.1742,0.4906,0.000442,3.2
33700,1.0765,0.6893,0.1803,0.4877,0.000443,3.3
33800,1.0865,0.6925,0.1681,0.4878,0.000444,3.3
33900,1.0797,0.689,0.174,0.4876,0.000446,3.3
34000,1.0706,0.6899,0.1706,0.4799,0.000447,3.3
34100,1.0816,0.696,0.1769,0.4846,0.000448,3.3
34200,1.0772,0.6895,0.1732,0.479,0.00045,3.2
34300,1.0727,0.6911,0.1787,0.4788,0.000451,3.2
34400,1.0646,0.6862,0.1656,0.4703,0.000452,3.2
34500,1.0638,0.6927,0.1764,0.4729,0.000454,3.3
34600,1.0724,0.698,0.1691,0.4678,0.000455,3.2
34700,1.0554,0.6894,0.1769,0.4662,0.000456,3.2
34800,1.0716,0.6947,0.18,0.4736,0.000458,3.3
34900,1.0602,0.6913,0.165,0.4635,0.000459,3.3
35000,1.0587,0.685,0.1701,0.4652,0.00046,3.2
35100,1.0702,0.6924,0.1741,0.4709,0.000461,3.3
35200,1.0555,0.6952,0.1724,0.4612,0.000463,3.2
35300,1.0597,0.6937,0.1752,0.4606,0.000464,3.3
35400,1.0498,0.6893,0.1725,0.4558,0.000465,3.3
35500,1.0468,0.6947,0.1753,0.4522,0.000467,3.2
35600,1.0481,0.6899,0.1755,0.4545,0.000468,3.2
35700,1.0476,0.6943,0.1698,0.4522,0.000469,3.3
35800,1.0455,0.6894,0.1794,0.4523,0.000471,3.3
35900,1.048,0.6849,0.1747,0.4586,0.000472,3.2
36000,1.0431,0.6925,0.1807,0.4502,0.000473,3.3
36100,1.0414,0.6905,0.1734,0.4444,0.000475,3.2
36200,1.0413,0.6923,0.1826,0.4453,0.000476,3.3
36300,1.0405,0.6921,0.1812,0.4468,0.000477,3.3
36400,1.0293,0.6821,0.1884,0.4475,0.000479,3.2
36500,1.0485,0.6894,0.1671,0.4458,0.00048,3.3
36600,1.0434,0.6938,0.1782,0.4485,0.000481,3.2
36700,1.0238,0.6903,0.171,0.4289,0.000482,3.2
36800,1.0345,0.6965,0.1739,0.4365,0.000484,3.2
36900,1.031,0.6947,0.1774,0.4398,0.000485,3.2
37000,1.0257,0.6901,0.1798,0.4375,0.000486,3.3
37100,1.0315,0.6911,0.171,0.4326,0.000488,3.3
37200,1.0213,0.6916,0.1708,0.4321,0.000489,3.2
37300,1.0246,0.6933,0.169,0.4265,0.00049,3.3
37400,1.0344,0.6951,0.1747,0.4298,0.000492,3.3
37500,1.0319,0.6892,0.1796,0.4357,0.000493,3.3
37600,1.0209,0.692,0.1768,0.427,0.000494,3.2
37700,1.0156,0.6836,0.1698,0.4281,0.000496,3.2
37800,1.0376,0.6948,0.1742,0.435,0.000497,3.3
37900,1.0146,0.6927,0.173,0.4155,0.000498,3.3
38000,1.0062,0.69,0.1806,0.4129,0.0005,3.3
38100,1.0089,0.6921,0.1793,0.4171,0.000501,3.3
38200,1.0033,0.6924,0.1763,0.4116,0.000502,3.3
38300,1.0124,0.694,0.1677,0.4145,0.000503,3.3
38400,1.0055,0.6898,0.1831,0.4201,0.000505,3.3
38500,1.0024,0.6859,0.1708,0.4147,0.000506,3.3
38600,1.013,0.6929,0.1745,0.4222,0.000507,3.2
38700,1.0112,0.6977,0.1785,0.414,0.000509,3.3
38800,1.012,0.6933,0.1716,0.4136,0.00051,3.3
38900,1.002,0.6944,0.1819,0.406,0.000511,3.3
39000,0.9956,0.6961,0.1816,0.4017,0.000513,3.2
39100,1.005,0.6875,0.18,0.411,0.000514,3.2
39200,1.0054,0.6905,0.1825,0.4144,0.000515,3.2
39300,0.9987,0.6956,0.1697,0.3997,0.000517,3.3
39400,1.0009,0.6928,0.1708,0.4039,0.000518,3.3
39500,1.0002,0.6914,0.1745,0.4056,0.000519,3.2
39600,1.0025,0.6981,0.1735,0.4013,0.000521,3.2
39700,1.0126,0.7027,0.1752,0.4063,0.000522,3.3
39800,0.9978,0.6906,0.1781,0.4006,0.000523,3.3
39900,0.9941,0.6889,0.1789,0.4021,0.000524,3.3
40000,0.9996,0.6939,0.179,0.4005,0.000526,3.3
40100,1.0012,0.6869,0.1683,0.401,0.000527,3.3
40200,0.9905,0.6905,0.1794,0.3989,0.000528,3.2
40300,0.979,0.6875,0.176,0.3906,0.00053,3.3
40400,0.9931,0.6962,0.1696,0.3929,0.000531,3.2
40500,0.9989,0.6881,0.1719,0.4019,0.000532,3.2
40600,0.9815,0.6904,0.176,0.3891,0.000534,3.3
40700,0.9833,0.6893,0.1719,0.3931,0.000535,3.3
40800,0.9875,0.6918,0.1763,0.3893,0.000536,3.3
40900,0.9864,0.6937,0.1739,0.3902,0.000538,3.2
41000,0.9876,0.6897,0.1766,0.392,0.000539,3.3
41100,0.973,0.6907,0.1832,0.3824,0.00054,3.2
41200,0.9718,0.6879,0.1789,0.3874,0.000542,3.2
41300,0.9875,0.6893,0.1793,0.3867,0.000543,3.3
41400,0.986,0.6893,0.172,0.39,0.000544,3.3
41500,0.9771,0.688,0.1725,0.3839,0.000545,3.3
41600,0.9798,0.6914,0.1758,0.3877,0.000547,3.2
41700,0.9762,0.6894,0.1817,0.3818,0.000548,3.3
41800,0.9826,0.6918,0.1739,0.3844,0.000549,3.3
41900,0.9696,0.6876,0.1745,0.3765,0.000551,3.3
42000,0.975,0.6965,0.1755,0.3819,0.000552,3.3
42100,0.9849,0.6921,0.1704,0.3881,0.000553,3.2
42200,0.9696,0.6906,0.1802,0.3782,0.000555,3.3
42300,0.9624,0.6884,0.1697,0.3708,0.000556,3.3
42400,0.9729,0.6938,0.1716,0.3703,0.000557,3.3
42500,0.9722,0.6958,0.1715,0.3698,0.000559,3.2
42600,0.9666,0.691,0.172,0.3708,0.00056,3.3
42700,0.9634,0.6946,0.1797,0.3675,0.000561,3.2
42800,0.9736,0.691,0.1813,0.3791,0.000563,3.3
42900,0.9616,0.6956,0.1757,0.3656,0.000564,3.2
43000,0.9673,0.6887,0.1781,0.3763,0.000565,3.3
43100,0.9762,0.6971,0.1695,0.3743,0.000566,3.3
43200,0.9636,0.686,0.1709,0.3675,0.000568,3.3
43300,0.9578,0.6897,0.1747,0.3646,0.000569,3.3
43400,0.968,0.689,0.1772,0.3704,0.00057,3.3
43500,0.9632,0.6892,0.1768,0.3699,0.000572,3.2
43600,0.9581,0.6892,0.1797,0.3687,0.000573,3.2
43700,0.9611,0.6959,0.1764,0.3661,0.000574,3.3
43800,0.9476,0.685,0.1723,0.3542,0.000576,3.2
43900,0.9573,0.6853,0.1768,0.369,0.000577,3.3
44000,0.9536,0.6908,0.1846,0.3597,0.000578,3.3
44100,0.9592,0.696,0.1746,0.3612,0.00058,3.3
44200,0.9569,0.6853,0.1827,0.3673,0.000581,3.3
44300,0.945,0.687,0.1752,0.3559,0.000582,3.3
44400,0.9557,0.6881,0.1767,0.3635,0.000584,3.2
44500,0.9697,0.6912,0.1787,0.37,0.000585,3.3
44600,0.9542,0.6918,0.1744,0.3596,0.000586,3.3
44700,0.9574,0.693,0.1736,0.3601,0.000588,3.3
44800,0.9567,0.6939,0.1691,0.3596,0.000589,3.3
44900,0.9696,0.6927,0.1795,0.3693,0.00059,3.3
45000,0.9558,0.6908,0.1815,0.3608,0.000592,3.2
45100,0.9576,0.6922,0.1735,0.361,0.000593,3.3
45200,0.9376,0.691,0.1788,0.3454,0.000594,3.3
45300,0.9427,0.6928,0.1739,0.3475,0.000595,3.3
45400,0.9552,0.6961,0.1768,0.3579,0.000597,3.3
45500,0.9416,0.6913,0.1766,0.3466,0.000598,3.2
45600,0.936,0.6847,0.1831,0.3484,0.000599,3.2
45700,0.9557,0.6923,0.1793,0.3584,0.000601,3.3
45800,0.9473,0.6966,0.1752,0.3483,0.000602,3.3
45900,0.9515,0.6945,0.1754,0.3509,0.000603,3.3
46000,0.9491,0.6924,0.1819,0.3522,0.000605,3.2
46100,0.9449,0.6938,0.1733,0.3516,0.000606,3.3
46200,0.9403,0.6928,0.1864,0.3491,0.000607,3.2
46300,0.9447,0.6913,0.1761,0.35,0.000609,3.3
46400,0.9361,0.6843,0.1709,0.3448,0.00061,3.3
46500,0.946,0.6914,0.1781,0.3479,0.000611,3.2
46600,0.9401,0.6939,0.1834,0.3465,0.000613,3.3
46700,0.9484,0.6925,0.1767,0.352,0.000614,3.2
46800,0.9396,0.6876,0.1758,0.3453,0.000615,3.3
46900,0.9525,0.693,0.1804,0.3561,0.000617,3.3
47000,0.9448,0.6927,0.1743,0.3459,0.000618,3.3
47100,0.9462,0.6881,0.1797,0.3497,0.000619,3.3
47200,0.9366,0.6914,0.1775,0.3418,0.000621,3.2
47300,0.933,0.6906,0.1817,0.3425,0.000622,3.3
47400,0.945,0.6939,0.1759,0.3451,0.000623,3.3
47500,0.9528,0.6929,0.1795,0.357,0.000624,3.2
47600,0.9359,0.6908,0.1809,0.3387,0.000626,3.2
47700,0.9336,0.6867,0.1725,0.3389,0.000627,3.2
47800,0.938,0.6928,0.1767,0.3404,0.000628,3.3
47900,0.9325,0.6929,0.1726,0.3388,0.00063,3.2
48000,0.9263,0.6868,0.183,0.3332,0.000631,3.3
48100,0.937,0.6892,0.1731,0.3398,0.000632,3.3
48200,0.9248,0.6892,0.1735,0.335,0.000634,3.3
48300,0.9401,0.6934,0.1736,0.3404,0.000635,3.3
48400,0.9405,0.6939,0.1791,0.3437,0.000636,3.2
48500,0.9318,0.6947,0.1776,0.3377,0.000638,3.2
48600,0.9433,0.6945,0.1829,0.3421,0.000639,3.2
48700,0.9263,0.6907,0.1826,0.3374,0.00064,3.3
48800,0.9451,0.6967,0.1738,0.3355,0.000642,3.3
48900,0.9352,0.6908,0.1721,0.3401,0.000643,3.3
49000,0.9271,0.6896,0.1922,0.3362,0.000644,3.2
49100,0.9315,0.6932,0.1845,0.3378,0.000645,3.2
49200,0.935,0.6931,0.178,0.3365,0.000647,3.2
49300,0.9257,0.6936,0.1866,0.3312,0.000648,3.3
49400,0.9275,0.6884,0.1803,0.3331,0.000649,3.2
49500,0.9216,0.6942,0.1813,0.3302,0.000651,3.3
49600,0.9373,0.6902,0.1663,0.3316,0.000652,3.3
49700,0.9149,0.6851,0.1762,0.3219,0.000653,3.3
49800,0.9291,0.6898,0.1804,0.3332,0.000655,3.2
49900,0.9168,0.685,0.1768,0.3231,0.000656,3.2
50000,0.9302,0.6944,0.1832,0.3368,0.000657,3.3
50100,0.9404,0.6949,0.1759,0.3385,0.000659,3.2
50200,0.9309,0.6953,0.176,0.3307,0.00066,3.2
50300,0.9281,0.6916,0.1791,0.3299,0.000661,3.3
50400,0.9174,0.694,0.1771,0.3239,0.000663,3.3
50500,0.9304,0.6954,0.1915,0.3323,0.000664,3.2
50600,0.9152,0.6857,0.1837,0.327,0.000665,3.2
50700,0.918,0.6896,0.1747,0.3233,0.000666,3.3
50800,0.9407,0.6993,0.1743,0.3411,0.000668,3.2
50900,0.9186,0.6906,0.1829,0.3256,0.000669,3.2
51000,0.9119,0.6928,0.1778,0.3215,0.00067,3.3
51100,0.9243,0.6909,0.1783,0.3289,0.000672,3.3
51200,0.9295,0.6893,0.1767,0.3326,0.000673,3.3
51300,0.9158,0.6872,0.1729,0.3212,0.000674,3.3
51400,0.9205,0.6941,0.1796,0.3205,0.000676,3.2
51500,0.921,0.6874,0.1779,0.3254,0.000677,3.3
51600,0.9145,0.6913,0.1746,0.3208,0.000678,3.3
51700,0.9283,0.6926,0.1762,0.3299,0.00068,3.2
51800,0.9165,0.6904,0.1848,0.329,0.000681,3.3
51900,0.9237,0.691,0.1735,0.3246,0.000682,3.3
52000,0.9252,0.6938,0.1794,0.3298,0.000684,3.3
52100,0.9118,0.6908,0.1776,0.3187,0.000685,3.2
52200,0.9186,0.6886,0.1793,0.326,0.000686,3.2
52300,0.9267,0.6964,0.1793,0.3268,0.000687,3.2
52400,0.9227,0.6957,0.1793,0.3214,0.000689,3.2
52500,0.9233,0.6925,0.1726,0.3282,0.00069,3.2
52600,0.9132,0.6913,0.1798,0.3179,0.000691,3.3
52700,0.9079,0.6866,0.1786,0.3189,0.000693,3.3
52800,0.9101,0.6951,0.1752,0.3195,0.000694,3.2
52900,0.9119,0.6907,0.1772,0.3232,0.000695,3.2
53000,0.9117,0.6898,0.1847,0.3231,0.000697,3.3
53100,0.9169,0.6901,0.173,0.3209,0.000698,3.2
53200,0.9173,0.6847,0.1697,0.3226,0.000699,3.3
53300,0.9169,0.6884,0.1808,0.3211,0.000701,3.3
53400,0.9067,0.6894,0.1828,0.3147,0.000702,3.2
53500,0.9079,0.6868,0.1816,0.3195,0.000703,3.2
53600,0.9123,0.6935,0.1777,0.3161,0.000705,3.2
53700,0.9064,0.6927,0.1892,0.317,0.000706,3.3
53800,0.9124,0.6882,0.1781,0.3123,0.000707,3.3
53900,0.9155,0.6913,0.1805,0.3205,0.000708,3.3
54000,0.9174,0.6934,0.1836,0.3196,0.00071,3.2
54100,0.8995,0.6883,0.1815,0.311,0.000711,3.2
54200,0.9178,0.6893,0.1746,0.3233,0.000712,3.2
54300,0.9041,0.6895,0.1843,0.3094,0.000714,3.3
54400,0.9054,0.6887,0.1813,0.3137,0.000715,3.2
54500,0.9052,0.6925,0.1818,0.3142,0.000716,3.2
54600,0.9077,0.6879,0.1749,0.3154,0.000718,3.3
54700,0.9156,0.6959,0.1804,0.3185,0.000719,3.3
54800,0.913,0.6942,0.1714,0.313,0.00072,3.3
54900,0.9038,0.6908,0.1895,0.3108,0.000722,3.2
55000,0.9127,0.6917,0.1761,0.3112,0.000723,3.3
55100,0.907,0.6939,0.1863,0.3127,0.000724,3.3
55200,0.9156,0.6921,0.1796,0.3171,0.000726,3.2
55300,0.9093,0.6899,0.1866,0.3138,0.000727,3.3
55400,0.9074,0.6923,0.1749,0.3085,0.000728,3.3
55500,0.9053,0.6897,0.1765,0.3079,0.000729,3.3
55600,0.9059,0.6895,0.1806,0.3153,0.000731,3.3
55700,0.9189,0.6943,0.1895,0.3223,0.000732,3.3
55800,0.9065,0.6866,0.1702,0.3133,0.000733,3.3
55900,0.9082,0.6915,0.1753,0.3137,0.000735,3.3
56000,0.8975,0.6905,0.1824,0.3084,0.000736,3.3
56100,0.9083,0.6937,0.1764,0.3115,0.000737,3.3
56200,0.9036,0.6921,0.1817,0.3132,0.000739,3.2
56300,0.8981,0.6897,0.181,0.3108,0.00074,3.3
56400,0.9076,0.6893,0.1754,0.3132,0.000741,3.2
56500,0.9055,0.6918,0.178,0.3088,0.000743,3.2
56600,0.9029,0.6868,0.1792,0.3071,0.000744,3.2
56700,0.8958,0.6878,0.1748,0.3062,0.000745,3.3
56800,0.8907,0.6828,0.1818,0.3055,0.000747,3.3
56900,0.9028,0.6923,0.1742,0.3087,0.000748,3.2
57000,0.8998,0.683,0.173,0.3061,0.000749,3.3
57100,0.9076,0.6942,0.183,0.3092,0.000751,3.2
57200,0.9043,0.69,0.1731,0.31,0.000752,3.2
57300,0.8982,0.6897,0.1834,0.3051,0.000753,3.3
57400,0.9026,0.6879,0.1791,0.3031,0.000755,3.2
57500,0.9073,0.6944,0.1766,0.3078,0.000756,3.3
57600,0.9043,0.6861,0.174,0.3111,0.000757,3.2
57700,0.9073,0.6911,0.1801,0.3065,0.000759,3.3
57800,0.8942,0.6932,0.1818,0.2969,0.00076,3.3
57900,0.9031,0.6898,0.1819,0.3018,0.000761,3.3
58000,0.8997,0.6936,0.1818,0.3028,0.000763,3.3
58100,0.8985,0.6877,0.18,0.3053,0.000764,3.3
58200,0.9075,0.6932,0.1813,0.3104,0.000765,3.2
58300,0.9061,0.6844,0.1751,0.3078,0.000766,3.3
58400,0.892,0.6948,0.1853,0.2995,0.000768,3.2
58500,0.8931,0.688,0.1792,0.3019,0.000769,3.3
58600,0.8926,0.6864,0.1857,0.3049,0.00077,3.3
58700,0.8911,0.6869,0.1835,0.3009,0.000772,3.2
58800,0.8918,0.6899,0.1814,0.3006,0.000773,3.3
58900,0.8962,0.6887,0.1742,0.3017,0.000774,3.3
59000,0.8972,0.6897,0.187,0.3039,0.000776,3.3
59100,0.8947,0.6904,0.1767,0.2983,0.000777,3.3
59200,0.8948,0.6887,0.1894,0.2979,0.000778,3.3
59300,0.8935,0.6914,0.1821,0.2997,0.00078,3.3
59400,0.9012,0.6912,0.1858,0.3068,0.000781,3.3
59500,0.8947,0.6894,0.1725,0.3001,0.000782,3.3
59600,0.8924,0.6918,0.1862,0.3037,0.000784,3.2
59700,0.8989,0.6913,0.1739,0.301,0.000785,3.2
59800,0.8999,0.6947,0.18,0.3042,0.000786,3.3
59900,0.8948,0.6922,0.177,0.3006,0.000787,3.3
60000,0.888,0.6895,0.1742,0.2949,0.000789,3.2
60100,0.8914,0.6884,0.1724,0.2951,0.00079,3.3
60200,0.8819,0.6863,0.1806,0.2903,0.000791,3.3
60300,0.9019,0.6885,0.1746,0.3016,0.000793,3.3
60400,0.8902,0.6862,0.1835,0.2991,0.000794,3.3
60500,0.8942,0.6881,0.1838,0.2991,0.000795,3.3
60600,0.8969,0.6843,0.1789,0.3012,0.000797,3.3
60700,0.8925,0.6901,0.1828,0.2949,0.000798,3.3
60800,0.8835,0.685,0.181,0.2911,0.000799,3.3
60900,0.9006,0.6907,0.1823,0.3039,0.000801,3.3
61000,0.8917,0.6851,0.1789,0.2992,0.000802,3.3
61100,0.8893,0.6882,0.1858,0.2936,0.000803,3.3
61200,0.9099,0.6974,0.1767,0.3088,0.000805,3.3
61300,0.8916,0.6863,0.1792,0.2965,0.000806,3.3
61400,0.893,0.6899,0.1818,0.2955,0.000807,3.2
61500,0.8857,0.688,0.1724,0.2909,0.000808,3.2
61600,0.8964,0.692,0.1851,0.3031,0.00081,3.3
61700,0.8903,0.6886,0.1827,0.299,0.000811,3.3
61800,0.8891,0.6872,0.1743,0.2954,0.000812,3.3
61900,0.8851,0.6911,0.1773,0.2921,0.000814,3.3
62000,0.8854,0.6857,0.183,0.295,0.000815,3.2
62100,0.8786,0.6837,0.1822,0.2944,0.000816,3.3
62200,0.8903,0.6915,0.1821,0.2954,0.000818,3.2
62300,0.9047,0.6919,0.1831,0.3024,0.000819,3.3
62400,0.8891,0.6849,0.1825,0.2918,0.00082,3.2
62500,0.8937,0.6876,0.1824,0.298,0.000822,3.3
62600,0.8879,0.6925,0.1864,0.296,0.000823,3.3
62700,0.8965,0.695,0.1814,0.296,0.000824,3.3
62800,0.8897,0.687,0.1854,0.2961,0.000826,3.3
62900,0.8884,0.689,0.1896,0.2953,0.000827,3.2
63000,0.8949,0.6925,0.1821,0.2914,0.000828,3.3
63100,0.885,0.6897,0.1906,0.2977,0.000829,3.2
63200,0.886,0.6886,0.1774,0.2906,0.000831,3.2
63300,0.8891,0.6935,0.1797,0.2964,0.000832,3.3
63400,0.8934,0.692,0.1819,0.2941,0.000833,3.2
63500,0.8922,0.69,0.1794,0.295,0.000835,3.3
63600,0.8855,0.683,0.1798,0.2934,0.000836,3.2
63700,0.8872,0.6861,0.1743,0.2907,0.000837,3.3
63800,0.888,0.688,0.1931,0.2945,0.000839,3.3
63900,0.896,0.6961,0.1828,0.2923,0.00084,3.3
64000,0.8901,0.6894,0.174,0.291,0.000841,3.3
64100,0.8946,0.6931,0.1792,0.2958,0.000843,3.3
64200,0.8795,0.6879,0.1806,0.2855,0.000844,3.3
64300,0.8831,0.6831,0.1763,0.2892,0.000845,3.3
64400,0.8846,0.6855,0.1752,0.2903,0.000847,3.2
64500,0.8839,0.6901,0.1761,0.2909,0.000848,3.2
64600,0.8919,0.6901,0.1812,0.2926,0.000849,3.3
64700,0.8782,0.6875,0.1841,0.2903,0.00085,3.3
64800,0.8767,0.6856,0.1793,0.2861,0.000852,3.3
64900,0.8757,0.689,0.1825,0.2897,0.000853,3.3
65000,0.8707,0.6811,0.1774,0.2831,0.000854,3.3
65100,0.8817,0.6898,0.1865,0.2869,0.000856,3.3
65200,0.8933,0.6885,0.1776,0.3004,0.000857,3.3
65300,0.8822,0.6873,0.1685,0.2865,0.000858,3.3
65400,0.8802,0.6837,0.1783,0.2905,0.00086,3.3
65500,0.8907,0.6897,0.1848,0.2906,0.000861,3.3
65600,0.8975,0.6909,0.18,0.2924,0.000862,3.2
65700,0.8873,0.69,0.1856,0.2874,0.000864,3.2
65800,0.8966,0.6891,0.1788,0.298,0.000865,3.3
65900,0.8754,0.687,0.1783,0.2874,0.000866,3.2
66000,0.8905,0.6933,0.1822,0.2949,0.000868,3.2
66100,0.8827,0.6891,0.1764,0.2893,0.000869,3.3
66200,0.8837,0.6873,0.1896,0.2899,0.00087,3.2
66300,0.884,0.6874,0.1734,0.2816,0.000871,3.2
66400,0.8792,0.6857,0.1781,0.2838,0.000873,3.3
66500,0.8842,0.6876,0.1843,0.2892,0.000874,3.3
66600,0.8828,0.6848,0.1847,0.2929,0.000875,3.3
66700,0.8854,0.6876,0.1802,0.2867,0.000877,3.2
66800,0.873,0.6853,0.1827,0.2841,0.000878,3.2
66900,0.8792,0.6897,0.1821,0.2886,0.000879,3.3
67000,0.8818,0.6884,0.1869,0.2861,0.000881,3.2
67100,0.8756,0.6836,0.1759,0.2831,0.000882,3.2
67200,0.8766,0.6877,0.1812,0.2849,0.000883,3.2
67300,0.8813,0.6849,0.1852,0.2903,0.000885,3.3
67400,0.8902,0.6911,0.1847,0.2913,0.000886,3.2
67500,0.8729,0.6909,0.1871,0.2862,0.000887,3.3
67600,0.8776,0.6872,0.1833,0.2843,0.000889,3.3
67700,0.8795,0.6883,0.1852,0.2881,0.00089,3.2
67800,0.8713,0.686,0.1854,0.2831,0.000891,3.3
67900,0.8731,0.6839,0.1853,0.285,0.000893,3.2
68000,0.8796,0.6913,0.1767,0.2858,0.000894,3.3
68100,0.8793,0.6836,0.1875,0.2891,0.000895,3.2
68200,0.8679,0.6885,0.1824,0.2776,0.000897,3.2
68300,0.8769,0.6871,0.1812,0.2872,0.000898,3.3
68400,0.8849,0.684,0.1759,0.2896,0.000899,3.3
68500,0.8861,0.6864,0.1828,0.292,0.000901,3.3
68600,0.8907,0.6947,0.1789,0.2864,0.000902,3.2
68700,0.8715,0.6889,0.1866,0.2809,0.000903,3.2
68800,0.8816,0.6866,0.1773,0.287,0.000905,3.3
68900,0.8693,0.6831,0.1862,0.284,0.000906,3.3
69000,0.8755,0.6879,0.1872,0.2868,0.000907,3.3
69100,0.8797,0.69,0.1859,0.2837,0.000908,3.2
69200,0.8804,0.6907,0.1777,0.2876,0.00091,3.3
69300,0.879,0.6884,0.1807,0.2872,0.000911,3.3
69400,0.8689,0.6838,0.1826,0.282,0.000912,3.3
69500,0.8899,0.6897,0.1817,0.2929,0.000914,3.2
69600,0.8769,0.6895,0.1751,0.2829,0.000915,3.2
69700,0.8737,0.6808,0.1814,0.2839,0.000916,3.2
69800,0.8806,0.6845,0.1817,0.2897,0.000918,3.3
69900,0.8943,0.6865,0.1761,0.2916,0.000919,3.3
70000,0.8705,0.6832,0.184,0.2813,0.00092,3.2
70100,0.8799,0.6859,0.1826,0.2827,0.000922,3.3
70200,0.8753,0.6888,0.1824,0.2796,0.000923,3.2
70300,0.8864,0.6896,0.1819,0.2866,0.000924,3.3
70400,0.8748,0.6904,0.1828,0.2828,0.000926,3.3
70500,0.8874,0.6919,0.1802,0.2871,0.000927,3.2
70600,0.8731,0.6871,0.1853,0.2763,0.000928,3.3
70700,0.8754,0.689,0.182,0.2849,0.000929,3.2
70800,0.8827,0.6861,0.1738,0.2872,0.000931,3.3
70900,0.8704,0.6892,0.1803,0.2771,0.000932,3.3
71000,0.8674,0.6848,0.1762,0.2802,0.000933,3.3
71100,0.8801,0.6889,0.1751,0.2812,0.000935,3.3
71200,0.8773,0.6822,0.1726,0.2858,0.000936,3.3
71300,0.8754,0.6838,0.173,0.2814,0.000937,3.3
71400,0.8723,0.6879,0.1875,0.2808,0.000939,3.3
71500,0.8662,0.6808,0.185,0.2805,0.00094,3.2
71600,0.8764,0.6889,0.1866,0.2831,0.000941,3.2
71700,0.8788,0.6866,0.1779,0.2807,0.000943,3.3
71800,0.8804,0.6904,0.1844,0.2899,0.000944,3.3
71900,0.8873,0.6887,0.1744,0.2907,0.000945,3.3
72000,0.8707,0.6834,0.1809,0.2773,0.000947,3.3
72100,0.8726,0.6863,0.1797,0.2753,0.000948,3.2
72200,0.8817,0.6883,0.1845,0.287,0.000949,3.2
72300,0.8732,0.687,0.1881,0.2818,0.00095,3.3
72400,0.8933,0.694,0.1807,0.2918,0.000952,3.3
72500,0.8748,0.6877,0.1856,0.2824,0.000953,3.3
72600,0.8744,0.6849,0.1836,0.2774,0.000954,3.3
72700,0.8651,0.6845,0.1855,0.276,0.000956,3.3
72800,0.8584,0.6834,0.1845,0.2688,0.000957,3.3
72900,0.8775,0.6919,0.1849,0.2785,0.000958,3.3
73000,0.8791,0.6849,0.1786,0.2816,0.00096,3.2
73100,0.8732,0.6868,0.1831,0.281,0.000961,3.2
73200,0.87,0.6875,0.1868,0.279,0.000962,3.2
73300,0.8748,0.6892,0.178,0.2811,0.000964,3.3
73400,0.8677,0.6861,0.187,0.2805,0.000965,3.3
73500,0.8789,0.6833,0.1813,0.2842,0.000966,3.2
73600,0.8811,0.6872,0.1846,0.286,0.000968,3.2
73700,0.8741,0.6847,0.1802,0.2839,0.000969,3.2
73800,0.8677,0.6851,0.1799,0.278,0.00097,3.3
73900,0.8659,0.683,0.1884,0.272,0.000971,3.2
74000,0.8823,0.6915,0.1821,0.2792,0.000973,3.3
74100,0.8819,0.6882,0.1796,0.283,0.000974,3.2
74200,0.8664,0.6815,0.1807,0.2805,0.000975,3.2
74300,0.8697,0.686,0.1842,0.2799,0.000977,3.3
74400,0.8668,0.6842,0.1792,0.2771,0.000978,3.2
74500,0.8711,0.6848,0.1809,0.2807,0.000979,3.3
74600,0.8662,0.6885,0.1849,0.2755,0.000981,3.3
74700,0.8818,0.6891,0.1791,0.2833,0.000982,3.2
74800,0.8673,0.6842,0.1818,0.2741,0.000983,3.2
74900,0.8812,0.69,0.1789,0.2847,0.000985,3.3
75000,0.8785,0.6876,0.1852,0.2798,0.000986,3.2
75100,0.8746,0.6896,0.1795,0.2799,0.000987,3.2
75200,0.8718,0.683,0.1902,0.2762,0.000989,3.2
75300,0.8764,0.6914,0.183,0.2804,0.00099,3.3
75400,0.8717,0.686,0.1836,0.2795,0.000991,3.2
75500,0.8689,0.6855,0.1787,0.2788,0.000992,3.2
75600,0.8727,0.6855,0.1874,0.2833,0.000994,3.3
75700,0.8772,0.6881,0.1808,0.2776,0.000995,3.3
75800,0.8552,0.6803,0.1843,0.2709,0.000996,3.3
75900,0.8623,0.6869,0.1779,0.2679,0.000998,3.3
76000,0.8668,0.6859,0.1895,0.2736,0.000999,3.3
76100,0.8649,0.6804,0.1891,0.2795,0.001,3.3
76200,0.8617,0.6873,0.1799,0.2739,0.001,3.3
76300,0.8602,0.685,0.1825,0.2736,0.001,3.3
76400,0.8639,0.6838,0.1758,0.2741,0.001,3.3
76500,0.8714,0.6814,0.1814,0.2786,0.00101,3.3
76600,0.8657,0.6856,0.1826,0.2755,0.00101,3.2
76700,0.8712,0.685,0.1815,0.2767,0.00101,3.3
76800,0.8686,0.6884,0.1814,0.2795,0.00101,3.3
76900,0.8827,0.6868,0.1701,0.2767,0.00101,3.3
77000,0.867,0.6837,0.1885,0.2776,0.00101,3.2
77100,0.8618,0.6833,0.181,0.2723,0.00101,3.2
77200,0.8688,0.6848,0.183,0.2777,0.00101,3.2
77300,0.8709,0.6866,0.1829,0.2785,0.00102,3.2
77400,0.8763,0.6889,0.184,0.2808,0.00102,3.3
77500,0.8672,0.6859,0.1799,0.2755,0.00102,3.3
77600,0.8727,0.6875,0.1815,0.273,0.00102,3.2
77700,0.864,0.6878,0.1774,0.2712,0.00102,3.3
77800,0.8755,0.689,0.1771,0.2725,0.00102,3.3
77900,0.869,0.6863,0.176,0.2793,0.00102,3.3
78000,0.8603,0.6819,0.1798,0.2669,0.00103,3.3
78100,0.8592,0.6804,0.1876,0.2718,0.00103,3.2
78200,0.8714,0.688,0.1805,0.2758,0.00103,3.3
78300,0.8587,0.6834,0.186,0.2758,0.00103,3.3
78400,0.8701,0.6885,0.1808,0.276,0.00103,3.3
78500,0.8637,0.6849,0.1852,0.2731,0.00103,3.3
78600,0.8668,0.6862,0.1878,0.2759,0.00103,3.3
78700,0.8712,0.688,0.1806,0.2764,0.00103,3.3
78800,0.867,0.6829,0.1866,0.2761,0.00104,3.3
78900,0.8757,0.6924,0.1892,0.28,0.00104,3.3
79000,0.8694,0.6916,0.182,0.2738,0.00104,3.3
79100,0.8758,0.6875,0.1742,0.2758,0.00104,3.3
79200,0.8512,0.6842,0.1913,0.2678,0.00104,3.3
79300,0.871,0.6866,0.1731,0.2768,0.00104,3.3
79400,0.8661,0.6877,0.1825,0.2741,0.00104,3.2
79500,0.8668,0.6836,0.1873,0.2775,0.00105,3.2
79600,0.8723,0.685,0.1882,0.2783,0.00105,3.2
79700,0.8501,0.6796,0.1812,0.2614,0.00105,3.3
79800,0.8658,0.6846,0.1794,0.2769,0.00105,3.3
79900,0.8721,0.6865,0.1835,0.2756,0.00105,3.3
80000,0.8645,0.6875,0.196,0.2704,0.00105,3.3
80100,0.8593,0.6843,0.1881,0.2719,0.00105,3.3
80200,0.8634,0.6851,0.19,0.2726,0.00105,3.3
80300,0.8722,0.6878,0.183,0.2764,0.00106,3.3
80400,0.8695,0.6865,0.1954,0.2741,0.00106,3.2
80500,0.8652,0.6853,0.1838,0.2704,0.00106,3.2
80600,0.8699,0.6854,0.184,0.2727,0.00106,3.3
80700,0.871,0.6919,0.181,0.273,0.00106,3.3
80800,0.8542,0.6839,0.1909,0.2665,0.00106,3.3
80900,0.8717,0.6874,0.1831,0.2767,0.00106,3.2
81000,0.8591,0.6823,0.1825,0.2694,0.00106,3.2
81100,0.8662,0.6887,0.1752,0.2713,0.00107,3.2
81200,0.8671,0.6859,0.1847,0.2741,0.00107,3.2
81300,0.8794,0.6859,0.1771,0.2783,0.00107,3.3
81400,0.8685,0.6889,0.1891,0.2749,0.00107,3.2
81500,0.8745,0.686,0.1859,0.2822,0.00107,3.2
81600,0.863,0.6834,0.1837,0.275,0.00107,3.2
81700,0.873,0.6956,0.1826,0.2706,0.00107,3.3
81800,0.8544,0.6882,0.1844,0.268,0.00108,3.3
81900,0.8742,0.6855,0.1814,0.2806,0.00108,3.3
82000,0.8647,0.6835,0.1823,0.276,0.00108,3.3
82100,0.8674,0.6848,0.1887,0.2761,0.00108,3.2
82200,0.8638,0.6865,0.1868,0.2732,0.00108,3.3
82300,0.8575,0.6881,0.1862,0.2635,0.00108,3.3
82400,0.8552,0.6826,0.1918,0.2722,0.00108,3.3
82500,0.8584,0.6817,0.1777,0.2731,0.00108,3.3
82600,0.8612,0.6903,0.1867,0.2713,0.00109,3.2
82700,0.8686,0.6872,0.1908,0.2783,0.00109,3.3
82800,0.8627,0.686,0.1838,0.2688,0.00109,3.2
82900,0.8589,0.6839,0.1891,0.2727,0.00109,3.2
83000,0.8613,0.6827,0.1828,0.27,0.00109,3.2
83100,0.8581,0.6804,0.1843,0.2673,0.00109,3.3
83200,0.8765,0.6882,0.1759,0.2787,0.00109,3.3
83300,0.8629,0.6861,0.1833,0.2708,0.0011,3.2
83400,0.8676,0.6859,0.1851,0.2752,0.0011,3.3
83500,0.8545,0.6833,0.1791,0.2642,0.0011,3.3
83600,0.8674,0.688,0.1864,0.2759,0.0011,3.2
83700,0.8615,0.6856,0.1823,0.2739,0.0011,3.3
83800,0.8668,0.687,0.1814,0.2703,0.0011,3.3
83900,0.8613,0.6832,0.1817,0.2675,0.0011,3.3
84000,0.8607,0.687,0.1821,0.2643,0.0011,3.3
84100,0.8694,0.6864,0.1833,0.2719,0.00111,3.2
84200,0.8694,0.6893,0.1802,0.2763,0.00111,3.3
84300,0.8628,0.6821,0.1745,0.2679,0.00111,3.2
84400,0.8524,0.6831,0.1851,0.2584,0.00111,3.2
84500,0.8531,0.6817,0.1852,0.2658,0.00111,3.2
84600,0.8481,0.685,0.1859,0.2633,0.00111,3.2
84700,0.8686,0.6899,0.184,0.2748,0.00111,3.3
84800,0.867,0.6887,0.186,0.2734,0.00111,3.2
84900,0.8504,0.6829,0.1844,0.2642,0.00112,3.3
85000,0.8623,0.6798,0.1863,0.2681,0.00112,3.3
85100,0.8617,0.6846,0.1907,0.2677,0.00112,3.3
85200,0.8675,0.6837,0.1828,0.2756,0.00112,3.3
85300,0.86,0.6852,0.1871,0.2656,0.00112,3.3
85400,0.8644,0.6875,0.1768,0.2699,0.00112,3.3
85500,0.8629,0.6852,0.1767,0.2687,0.00112,3.3
85600,0.8579,0.6855,0.1851,0.2647,0.00113,3.3
85700,0.8634,0.6859,0.1805,0.2706,0.00113,3.3
85800,0.8639,0.6875,0.1805,0.2676,0.00113,3.2
85900,0.879,0.6896,0.1853,0.2847,0.00113,3.2
86000,0.8755,0.6876,0.1809,0.2779,0.00113,3.3
86100,0.8623,0.6875,0.1722,0.2714,0.00113,3.3
86200,0.8621,0.6839,0.178,0.2701,0.00113,3.3
86300,0.8718,0.6872,0.1799,0.273,0.00113,3.2
86400,0.8602,0.6876,0.1882,0.2692,0.00114,3.3
86500,0.8618,0.6873,0.1856,0.2731,0.00114,3.3
86600,0.8754,0.6892,0.1858,0.2849,0.00114,3.2
86700,0.8716,0.6886,0.1941,0.2761,0.00114,3.2
86800,0.8709,0.6872,0.1909,0.2744,0.00114,3.2
86900,0.8748,0.687,0.1714,0.2751,0.00114,3.2
87000,0.8501,0.6807,0.1817,0.2631,0.00114,3.3
87100,0.8732,0.6866,0.1869,0.2771,0.00114,3.3
87200,0.8637,0.6887,0.1756,0.266,0.00115,3.3
87300,0.8511,0.6815,0.1877,0.2638,0.00115,3.3
87400,0.8465,0.6797,0.1892,0.2655,0.00115,3.3
87500,0.8635,0.6873,0.1752,0.2642,0.00115,3.2
87600,0.8583,0.6825,0.1846,0.2678,0.00115,3.3
87700,0.8624,0.6862,0.1745,0.2701,0.00115,3.2
87800,0.8589,0.6826,0.1824,0.2705,0.00115,3.3
87900,0.86,0.6875,0.1865,0.2629,0.00116,3.3
88000,0.857,0.6892,0.1837,0.2616,0.00116,3.3
88100,0.8544,0.6888,0.1842,0.2707,0.00116,3.3
88200,0.8496,0.6862,0.1882,0.2605,0.00116,3.3
88300,0.869,0.6877,0.1861,0.2702,0.00116,3.3
88400,0.8677,0.6899,0.1781,0.2656,0.00116,3.2
88500,0.8607,0.6855,0.1862,0.2679,0.00116,3.2
88600,0.8486,0.6805,0.1914,0.2646,0.00116,3.3
88700,0.8617,0.687,0.1851,0.2722,0.00117,3.3
88800,0.8634,0.6889,0.1849,0.2692,0.00117,3.3
88900,0.8632,0.6872,0.176,0.2683,0.00117,3.3
89000,0.8688,0.6812,0.1837,0.2742,0.00117,3.3
89100,0.8607,0.6837,0.1883,0.2674,0.00117,3.2
89200,0.8631,0.6889,0.1794,0.2718,0.00117,3.2
89300,0.8586,0.6869,0.1885,0.2661,0.00117,3.3
89400,0.8625,0.6904,0.1863,0.2705,0.00118,3.2
89500,0.8692,0.6906,0.187,0.2732,0.00118,3.2
89600,0.8646,0.6862,0.1886,0.2716,0.00118,3.2
89700,0.8559,0.6826,0.1899,0.2681,0.00118,3.3
89800,0.8631,0.6894,0.1877,0.268,0.00118,3.3
89900,0.8799,0.6895,0.1717,0.2769,0.00118,3.3
90000,0.8524,0.6783,0.1869,0.2629,0.00118,3.3
90100,0.8538,0.6829,0.1872,0.2649,0.00118,3.3
90200,0.8736,0.69,0.184,0.2728,0.00119,3.3
90300,0.8667,0.6854,0.1782,0.2672,0.00119,3.3
90400,0.8715,0.6813,0.1867,0.278,0.00119,3.2
90500,0.8701,0.6848,0.1773,0.2708,0.00119,3.2
90600,0.8572,0.6831,0.1884,0.2651,0.00119,3.2
90700,0.8586,0.6816,0.1929,0.2663,0.00119,3.3
90800,0.8495,0.6833,0.1867,0.2647,0.00119,3.3
90900,0.8599,0.6849,0.1918,0.2672,0.00119,3.2
91000,0.8649,0.6867,0.1893,0.2746,0.0012,3.3
91100,0.8622,0.6887,0.1862,0.264,0.0012,3.3
91200,0.8629,0.6874,0.185,0.2717,0.0012,3.3
91300,0.8651,0.6879,0.1828,0.2711,0.0012,3.3
91400,0.8658,0.6868,0.1849,0.2744,0.0012,3.2
91500,0.8591,0.6874,0.1753,0.2674,0.0012,3.3
91600,0.8429,0.6812,0.1798,0.2528,0.0012,3.2
91700,0.8584,0.6853,0.1805,0.2642,0.00121,3.3
91800,0.8538,0.684,0.186,0.264,0.00121,3.3
91900,0.8489,0.6854,0.1862,0.2613,0.00121,3.3
92000,0.8768,0.6912,0.1812,0.2789,0.00121,3.3
92100,0.8552,0.6796,0.1891,0.2676,0.00121,3.2
92200,0.8761,0.6899,0.1718,0.2723,0.00121,3.2
92300,0.8625,0.6843,0.1861,0.2713,0.00121,3.3
92400,0.8607,0.6868,0.1882,0.2643,0.00121,3.3
92500,0.8588,0.6861,0.1838,0.265,0.00122,3.3
92600,0.8603,0.6864,0.1743,0.2626,0.00122,3.3
92700,0.8571,0.6861,0.1834,0.259,0.00122,3.3
92800,0.854,0.6827,0.1859,0.2637,0.00122,3.2
92900,0.856,0.6839,0.19,0.2701,0.00122,3.2
93000,0.8508,0.6788,0.1833,0.2624,0.00122,3.3
93100,0.8495,0.683,0.1856,0.2618,0.00122,3.2
93200,0.8615,0.6856,0.1801,0.2684,0.00123,3.2
93300,0.8657,0.6882,0.18,0.2682,0.00123,3.3
93400,0.857,0.6839,0.1788,0.2609,0.00123,3.3
93500,0.8702,0.6942,0.1825,0.2682,0.00123,3.3
93600,0.8638,0.6848,0.1833,0.2695,0.00123,3.3
93700,0.8604,0.6853,0.1791,0.2652,0.00123,3.3
93800,0.8547,0.6835,0.1823,0.2632,0.00123,3.3
93900,0.8453,0.682,0.1839,0.2586,0.00123,3.2
94000,0.8562,0.68,0.1844,0.2652,0.00124,3.3
94100,0.8659,0.6877,0.1757,0.2697,0.00124,3.2
94200,0.8651,0.6906,0.1843,0.2724,0.00124,3.3
94300,0.8604,0.6869,0.1842,0.2683,0.00124,3.3
94400,0.8543,0.683,0.1822,0.2607,0.00124,3.2
94500,0.8554,0.6859,0.1848,0.2624,0.00124,3.3
94600,0.8721,0.6881,0.1864,0.2757,0.00124,3.2
94700,0.8501,0.6806,0.1832,0.2653,0.00124,3.3
94800,0.8545,0.6823,0.1856,0.2636,0.00125,3.3
94900,0.8517,0.6813,0.1852,0.2632,0.00125,3.2
95000,0.8609,0.6917,0.1908,0.2673,0.00125,3.3
95100,0.8552,0.6885,0.1899,0.2649,0.00125,3.3
95200,0.8503,0.6847,0.1886,0.2612,0.00125,3.3
95300,0.8551,0.6833,0.1888,0.2623,0.00125,3.3
95400,0.8499,0.6838,0.1922,0.2595,0.00125,3.3
95500,0.8541,0.6792,0.1778,0.2647,0.00126,3.2
95600,0.8516,0.6818,0.1863,0.2629,0.00126,3.3
95700,0.851,0.6845,0.1895,0.2584,0.00126,3.3
95800,0.862,0.6879,0.1819,0.2692,0.00126,3.3
95900,0.857,0.6861,0.1856,0.2633,0.00126,3.3
96000,0.8569,0.6839,0.1843,0.2648,0.00126,3.3
96100,0.8489,0.6834,0.1875,0.2577,0.00126,3.2
96200,0.86,0.683,0.1888,0.2688,0.00126,3.3
96300,0.8474,0.6769,0.1925,0.2605,0.00127,3.3
96400,0.8495,0.6834,0.1885,0.2608,0.00127,3.2
96500,0.8605,0.6892,0.1801,0.2639,0.00127,3.3
96600,0.8595,0.6839,0.1834,0.2668,0.00127,3.3
96700,0.8591,0.6851,0.1832,0.2625,0.00127,3.3
96800,0.8548,0.6802,0.1774,0.2661,0.00127,3.3
96900,0.8545,0.6828,0.1907,0.265,0.00127,3.3
97000,0.8557,0.6882,0.1901,0.2648,0.00128,3.2
97100,0.8515,0.6846,0.188,0.2602,0.00128,3.2
97200,0.8515,0.6836,0.1812,0.2621,0.00128,3.3
97300,0.8583,0.6893,0.1821,0.2626,0.00128,3.3
97400,0.8583,0.687,0.1887,0.2625,0.00128,3.3
97500,0.8561,0.6809,0.1721,0.2618,0.00128,3.3
97600,0.8514,0.684,0.1939,0.2631,0.00128,3.2
97700,0.8625,0.6876,0.1821,0.2636,0.00128,3.3
97800,0.8651,0.685,0.1865,0.2699,0.00129,3.3
97900,0.8572,0.6832,0.1734,0.2639,0.00129,3.3
98000,0.8626,0.6897,0.1849,0.263,0.00129,3.2
98100,0.8573,0.6837,0.1843,0.2645,0.00129,3.2
98200,0.8617,0.6908,0.1946,0.2702,0.00129,3.2
98300,0.8599,0.6887,0.1814,0.2625,0.00129,3.3
98400,0.8533,0.6875,0.1887,0.2609,0.00129,3.2
98500,0.8629,0.688,0.1811,0.2676,0.00129,3.2
98600,0.8485,0.681,0.1799,0.259,0.0013,3.3
98700,0.8504,0.6839,0.1851,0.2579,0.0013,3.2
98800,0.8501,0.6839,0.1857,0.2649,0.0013,3.3
98900,0.8489,0.6811,0.1834,0.2642,0.0013,3.2
99000,0.8645,0.6869,0.1821,0.271,0.0013,3.3
99100,0.8514,0.6829,0.1829,0.2619,0.0013,3.3
99200,0.861,0.6875,0.1869,0.2643,0.0013,3.3
99300,0.8499,0.682,0.1906,0.2669,0.00131,3.3
99400,0.8453,0.6772,0.1891,0.2618,0.00131,3.3
99500,0.8689,0.6906,0.1892,0.2703,0.00131,3.2
99600,0.8639,0.6886,0.1807,0.2663,0.00131,3.2
99700,0.8601,0.6843,0.1816,0.2682,0.00131,3.2
99800,0.8565,0.6825,0.1887,0.2655,0.00131,3.3
99900,0.8589,0.6885,0.1835,0.2654,0.00131,3.3
100000,0.8531,0.6793,0.1807,0.2624,0.00131,3.2
100100,0.858,0.6863,0.1895,0.2647,0.00132,3.2
100200,0.8491,0.6821,0.1864,0.2603,0.00132,3.2
100300,0.847,0.6821,0.1894,0.2635,0.00132,3.3
100400,0.8526,0.6862,0.1827,0.2585,0.00132,3.2
100500,0.8537,0.6841,0.1962,0.2664,0.00132,3.2
100600,0.8541,0.6891,0.1896,0.2649,0.00132,3.2
100700,0.8542,0.6819,0.1873,0.2681,0.00132,3.2
100800,0.8504,0.6811,0.1864,0.2648,0.00133,3.3
100900,0.8503,0.6864,0.1902,0.2594,0.00133,3.2
101000,0.8558,0.6805,0.1848,0.2646,0.00133,3.3
101100,0.8564,0.6823,0.1777,0.2652,0.00133,3.2
101200,0.846,0.681,0.1889,0.2611,0.00133,3.2
101300,0.851,0.6828,0.1863,0.261,0.00133,3.3
101400,0.8658,0.6836,0.1689,0.2708,0.00133,3.2
101500,0.8446,0.6828,0.1805,0.26,0.00133,3.3
101600,0.8565,0.6841,0.1768,0.2608,0.00134,3.2
101700,0.8417,0.6767,0.1882,0.2596,0.00134,3.3
101800,0.8343,0.6792,0.1914,0.2529,0.00134,3.3
101900,0.8565,0.6858,0.1847,0.2628,0.00134,3.3
102000,0.8599,0.6821,0.1971,0.2679,0.00134,3.3
102100,0.8489,0.6797,0.1824,0.2605,0.00134,3.3
102200,0.8435,0.6814,0.1874,0.2578,0.00134,3.3
102300,0.856,0.6851,0.1783,0.2645,0.00134,3.2
102400,0.845,0.6813,0.1911,0.2595,0.00135,3.2
102500,0.8472,0.6755,0.1875,0.2604,0.00135,3.2
102600,0.8467,0.6787,0.1865,0.262,0.00135,3.2
102700,0.8631,0.69,0.1865,0.2714,0.00135,3.2
102800,0.8561,0.6863,0.1912,0.2633,0.00135,3.3
102900,0.8513,0.683,0.1937,0.262,0.00135,3.2
103000,0.8466,0.6751,0.1879,0.2637,0.00135,3.2
103100,0.8498,0.6843,0.1819,0.257,0.00136,3.2
103200,0.8519,0.684,0.1856,0.2636,0.00136,3.2
103300,0.8524,0.6828,0.1842,0.2618,0.00136,3.3
103400,0.8486,0.6795,0.1909,0.264,0.00136,3.2
103500,0.8595,0.6817,0.177,0.2619,0.00136,3.3
103600,0.8358,0.6783,0.1918,0.2557,0.00136,3.3
103700,0.8502,0.6798,0.186,0.259,0.00136,3.2
103800,0.8586,0.6837,0.1862,0.2653,0.00136,3.3
103900,0.8582,0.682,0.1858,0.2602,0.00137,3.2
104000,0.8595,0.6861,0.1854,0.2662,0.00137,3.2
104100,0.8523,0.6843,0.1865,0.263,0.00137,3.2
104200,0.8529,0.6844,0.1845,0.2596,0.00137,3.3
104300,0.8545,0.6864,0.1815,0.2605,0.00137,3.3
104400,0.8477,0.6799,0.1972,0.2615,0.00137,3.2
104500,0.8583,0.6842,0.1884,0.2667,0.00137,3.2
104600,0.8537,0.6807,0.1876,0.2621,0.00138,3.2
104700,0.8619,0.683,0.1789,0.2669,0.00138,3.3
104800,0.8497,0.6829,0.179,0.2564,0.00138,3.3
104900,0.8451,0.6812,0.1847,0.2597,0.00138,3.3
105000,0.8529,0.6793,0.1841,0.2604,0.00138,3.3
105100,0.8493,0.6837,0.1805,0.257,0.00138,3.2
105200,0.8469,0.682,0.1834,0.2555,0.00138,3.2
105300,0.8588,0.6898,0.1811,0.2622,0.00138,3.3
105400,0.844,0.6838,0.1938,0.2538,0.00139,3.3
105500,0.8555,0.6871,0.1868,0.263,0.00139,3.3
105600,0.8531,0.6859,0.1919,0.2559,0.00139,3.2
105700,0.8625,0.6839,0.1834,0.2648,0.00139,3.2
105800,0.8595,0.6877,0.1865,0.2669,0.00139,3.3
105900,0.8399,0.6796,0.1921,0.2567,0.00139,3.3
106000,0.8436,0.6809,0.1861,0.2562,0.00139,3.3
106100,0.8549,0.6814,0.19,0.263,0.00139,3.2
106200,0.8547,0.684,0.1922,0.2616,0.0014,3.2
106300,0.8507,0.6822,0.1915,0.2583,0.0014,3.3
106400,0.8563,0.678,0.1839,0.2697,0.0014,3.3
106500,0.8545,0.689,0.196,0.2602,0.0014,3.3
106600,0.8574,0.6801,0.1853,0.2686,0.0014,3.3
106700,0.8537,0.6851,0.1767,0.265,0.0014,3.3
106800,0.8534,0.678,0.1868,0.2624,0.0014,3.3
106900,0.8475,0.6799,0.1885,0.2607,0.00141,3.3
107000,0.837,0.6797,0.1856,0.2519,0.00141,3.3
107100,0.8442,0.6831,0.1927,0.2544,0.00141,3.3
107200,0.8518,0.6805,0.1928,0.2612,0.00141,3.3
107300,0.8293,0.6784,0.1931,0.2494,0.00141,3.3
107400,0.8591,0.681,0.1888,0.2647,0.00141,3.2
107500,0.8495,0.686,0.1885,0.257,0.00141,3.3
107600,0.8429,0.6844,0.1908,0.2556,0.00141,3.3
107700,0.843,0.6831,0.1876,0.2578,0.00142,3.3
107800,0.8554,0.6834,0.1879,0.2631,0.00142,3.3
107900,0.8463,0.6817,0.1764,0.2599,0.00142,3.3
108000,0.8393,0.6773,0.1844,0.2543,0.00142,3.3
108100,0.8462,0.6833,0.191,0.2585,0.00142,3.3
108200,0.8495,0.6824,0.1797,0.2566,0.00142,3.3
108300,0.8527,0.6846,0.1887,0.2578,0.00142,3.3
108400,0.8532,0.6791,0.1898,0.2629,0.00143,3.2
108500,0.847,0.6816,0.1932,0.2574,0.00143,3.3
108600,0.8433,0.6815,0.1939,0.2534,0.00143,3.3
108700,0.8558,0.6819,0.1881,0.2628,0.00143,3.3
108800,0.8598,0.6848,0.1861,0.2627,0.00143,3.3
108900,0.8464,0.683,0.1772,0.2563,0.00143,3.3
109000,0.8402,0.6799,0.1887,0.251,0.00143,3.3
109100,0.8598,0.6839,0.1862,0.2649,0.00143,3.2
109200,0.8434,0.6789,0.1812,0.2603,0.00144,3.3
109300,0.8502,0.6854,0.1826,0.2626,0.00144,3.3
109400,0.8556,0.6824,0.1847,0.2631,0.00144,3.3
109500,0.8545,0.6856,0.1879,0.2603,0.00144,3.3
109600,0.849,0.6811,0.1896,0.261,0.00144,3.3
109700,0.8475,0.6832,0.1883,0.2617,0.00144,3.3
109800,0.8455,0.6764,0.1833,0.2575,0.00144,3.3
109900,0.846,0.679,0.1904,0.2563,0.00144,3.3
110000,0.8645,0.6849,0.1881,0.2676,0.00145,3.3
110100,0.8423,0.6805,0.1858,0.2518,0.00145,3.2
110200,0.8515,0.6853,0.1839,0.263,0.00145,3.3
110300,0.8476,0.6807,0.187,0.2591,0.00145,3.3
110400,0.8587,0.6872,0.1865,0.2616,0.00145,3.2
110500,0.8418,0.6784,0.1842,0.2545,0.00145,3.3
110600,0.8452,0.6807,0.1873,0.2581,0.00145,3.3
110700,0.8574,0.6793,0.1813,0.2661,0.00146,3.3
110800,0.8551,0.6839,0.1857,0.2637,0.00146,3.3
110900,0.846,0.6788,0.1857,0.2588,0.00146,3.3
111000,0.8569,0.686,0.1853,0.2639,0.00146,3.2
111100,0.8544,0.679,0.189,0.2641,0.00146,3.3
111200,0.8567,0.6847,0.1936,0.2614,0.00146,3.3
111300,0.8496,0.682,0.1822,0.2569,0.00146,3.3
111400,0.8419,0.6799,0.1882,0.2588,0.00146,3.3
111500,0.8575,0.6825,0.1854,0.261,0.00147,3.3
111600,0.8556,0.6809,0.177,0.2586,0.00147,3.3
111700,0.8538,0.6842,0.1884,0.2656,0.00147,3.2
111800,0.8607,0.6906,0.1814,0.2613,0.00147,3.3
111900,0.8369,0.6788,0.2009,0.255,0.00147,3.3
112000,0.8448,0.6766,0.182,0.2559,0.00147,3.2
112100,0.8509,0.6866,0.1939,0.2544,0.00147,3.2
112200,0.8445,0.6825,0.1896,0.254,0.00147,3.3
112300,0.8596,0.6833,0.181,0.2629,0.00148,3.3
112400,0.8523,0.6803,0.1867,0.2586,0.00148,3.3
112500,0.8486,0.6805,0.1895,0.26,0.00148,3.3
112600,0.8456,0.6829,0.1846,0.2558,0.00148,3.2
112700,0.8592,0.6824,0.1865,0.2662,0.00148,3.3
112800,0.8531,0.6837,0.1874,0.2611,0.00148,3.3
112900,0.849,0.6835,0.1858,0.2593,0.00148,3.3
113000,0.8499,0.6779,0.1883,0.2616,0.00149,3.3
113100,0.8417,0.6772,0.1982,0.2566,0.00149,3.3
113200,0.8448,0.6776,0.1925,0.261,0.00149,3.3
113300,0.8616,0.6856,0.1883,0.2714,0.00149,3.3
113400,0.8439,0.6848,0.194,0.2614,0.00149,3.2
113500,0.8518,0.6875,0.1959,0.2601,0.00149,3.2
113600,0.8419,0.6773,0.1863,0.2539,0.00149,3.3
113700,0.8548,0.6831,0.1911,0.2597,0.00149,3.2
113800,0.8478,0.6811,0.1901,0.2574,0.0015,3.3
113900,0.8406,0.6807,0.1924,0.255,0.0015,3.3
114000,0.8568,0.6844,0.1829,0.2636,0.0015,3.3
114100,0.8514,0.6864,0.1833,0.2559,0.0015,3.2
114200,0.8509,0.6842,0.1945,0.2621,0.0015,3.3
114300,0.8557,0.6867,0.1903,0.264,0.0015,3.3
114400,0.8603,0.683,0.1847,0.2639,0.0015,3.3
114500,0.8457,0.6818,0.1899,0.257,0.00151,3.3
114600,0.8548,0.6811,0.1848,0.2625,0.00151,3.3
114700,0.854,0.6821,0.1936,0.2654,0.00151,3.2
114800,0.8506,0.6829,0.1858,0.2546,0.00151,3.3
114900,0.8449,0.6793,0.1881,0.2587,0.00151,3.2
115000,0.8465,0.6791,0.1887,0.2593,0.00151,3.2
115100,0.8482,0.6773,0.1881,0.2607,0.00151,3.2
115200,0.8456,0.6846,0.182,0.2538,0.00151,3.2
115300,0.8401,0.6792,0.191,0.2559,0.00152,3.2
115400,0.8496,0.6822,0.193,0.2609,0.00152,3.3
115500,0.8562,0.6835,0.188,0.2625,0.00152,3.3
115600,0.8478,0.6785,0.187,0.2605,0.00152,3.3
115700,0.8487,0.681,0.1908,0.2573,0.00152,3.2
115800,0.8403,0.6788,0.1906,0.2533,0.00152,3.3
115900,0.8434,0.6801,0.198,0.2601,0.00152,3.2
116000,0.8555,0.6794,0.1827,0.2603,0.00153,3.3
116100,0.8458,0.6809,0.1964,0.2571,0.00153,3.3
116200,0.8608,0.6856,0.1941,0.2695,0.00153,3.3
116300,0.8269,0.6764,0.1899,0.243,0.00153,3.3
116400,0.8427,0.6797,0.1831,0.2556,0.00153,3.3
116500,0.8444,0.6838,0.196,0.259,0.00153,3.3
116600,0.84,0.6806,0.1913,0.2583,0.00153,3.3
116700,0.8524,0.682,0.19,0.2632,0.00153,3.3
116800,0.8422,0.6855,0.1847,0.2553,0.00154,3.3
116900,0.8541,0.6844,0.1833,0.2583,0.00154,3.3
117000,0.8542,0.6809,0.1839,0.258,0.00154,3.3
117100,0.8525,0.6867,0.1952,0.2637,0.00154,3.3
117200,0.8479,0.684,0.1938,0.2573,0.00154,3.3
117300,0.8497,0.6808,0.1859,0.2615,0.00154,3.3
117400,0.8521,0.6853,0.189,0.2621,0.00154,3.3
117500,0.8491,0.6738,0.1862,0.2609,0.00154,3.3
117600,0.8536,0.6834,0.1886,0.2621,0.00155,3.3
117700,0.8575,0.6818,0.1857,0.2666,0.00155,3.3
117800,0.8467,0.6811,0.1901,0.2555,0.00155,3.3
117900,0.8618,0.6815,0.1858,0.2671,0.00155,3.3
118000,0.8489,0.6833,0.194,0.2568,0.00155,3.3
118100,0.8463,0.6793,0.1952,0.2629,0.00155,3.3
118200,0.846,0.6788,0.1925,0.2581,0.00155,3.3
118300,0.8556,0.6827,0.1837,0.2617,0.00156,3.3
118400,0.846,0.6777,0.1831,0.2602,0.00156,3.3
118500,0.8392,0.6763,0.1899,0.2498,0.00156,3.2
118600,0.8477,0.682,0.19,0.2589,0.00156,3.2
118700,0.8406,0.6795,0.1901,0.2533,0.00156,3.3
118800,0.8599,0.6828,0.1892,0.2644,0.00156,3.3
118900,0.8541,0.6809,0.1931,0.2609,0.00156,3.3
119000,0.8387,0.6761,0.1896,0.256,0.00156,3.3
119100,0.8516,0.6793,0.1857,0.2598,0.00157,3.2
119200,0.8469,0.6784,0.1898,0.2599,0.00157,3.3
119300,0.8408,0.6769,0.1853,0.2543,0.00157,3.2
119400,0.848,0.6773,0.19,0.2628,0.00157,3.3
119500,0.8566,0.682,0.1804,0.2607,0.00157,3.3
119600,0.8357,0.6749,0.1842,0.253,0.00157,3.3
119700,0.845,0.6802,0.1866,0.2579,0.00157,3.3
119800,0.849,0.6794,0.1827,0.2582,0.00157,3.3
119900,0.8426,0.6754,0.1889,0.2557,0.00158,3.3
120000,0.8354,0.6801,0.1818,0.2505,0.00158,3.2
120100,0.8474,0.6801,0.1916,0.262,0.00158,3.2
120200,0.8412,0.6772,0.1939,0.2605,0.00158,3.3
120300,0.8491,0.6799,0.1931,0.2581,0.00158,3.3
120400,0.8558,0.6824,0.1908,0.2588,0.00158,3.3
120500,0.8444,0.6815,0.1965,0.2553,0.00158,3.2
120600,0.857,0.6815,0.1917,0.2658,0.00159,3.2
120700,0.8526,0.6808,0.1891,0.2603,0.00159,3.2
120800,0.8413,0.6756,0.1856,0.2544,0.00159,3.3
120900,0.8467,0.6822,0.1862,0.2553,0.00159,3.3
121000,0.8486,0.6844,0.2013,0.2595,0.00159,3.2
121100,0.8451,0.6775,0.1831,0.2559,0.00159,3.2
121200,0.8476,0.6798,0.1846,0.2588,0.00159,3.3
121300,0.852,0.6751,0.1771,0.2587,0.00159,3.3
121400,0.8377,0.6788,0.1964,0.2566,0.0016,3.2
121500,0.8492,0.6834,0.1913,0.2606,0.0016,3.3
121600,0.8532,0.6801,0.1932,0.2672,0.0016,3.2
121700,0.8398,0.6763,0.1845,0.249,0.0016,3.2
121800,0.8396,0.6728,0.1898,0.2571,0.0016,3.3
121900,0.8324,0.6725,0.193,0.2521,0.0016,3.3
122000,0.8425,0.678,0.1891,0.2564,0.0016,3.3
122100,0.8493,0.6819,0.1861,0.2577,0.00161,3.2
122200,0.8372,0.6699,0.1924,0.2588,0.00161,3.3
122300,0.8407,0.6777,0.196,0.2561,0.00161,3.3
122400,0.8395,0.6764,0.1752,0.2521,0.00161,3.2
122500,0.8434,0.673,0.1859,0.2608,0.00161,3.3
122600,0.8401,0.6727,0.1875,0.2547,0.00161,3.2
122700,0.8359,0.6739,0.1968,0.2539,0.00161,3.2
122800,0.8276,0.6698,0.1891,0.2496,0.00161,3.3
122900,0.8344,0.6761,0.2004,0.2566,0.00162,3.2
123000,0.8493,0.676,0.1811,0.2601,0.00162,3.3
123100,0.8405,0.6718,0.1896,0.2581,0.00162,3.3
123200,0.8459,0.678,0.1868,0.2564,0.00162,3.3
123300,0.8498,0.6788,0.1923,0.2628,0.00162,3.3
123400,0.8445,0.6775,0.1872,0.2551,0.00162,3.3
123500,0.8418,0.672,0.1735,0.2515,0.00162,3.3
123600,0.8432,0.6735,0.1823,0.258,0.00162,3.3
123700,0.8439,0.6778,0.1879,0.2565,0.00163,3.2
123800,0.8457,0.6795,0.189,0.2524,0.00163,3.3
123900,0.8402,0.6787,0.1923,0.2565,0.00163,3.2
124000,0.8355,0.6723,0.1849,0.2522,0.00163,3.3
124100,0.8394,0.6717,0.1922,0.2554,0.00163,3.3
124200,0.8481,0.6751,0.1861,0.2588,0.00163,3.3
124300,0.8319,0.6706,0.1911,0.2515,0.00163,3.3
124400,0.8325,0.6714,0.1908,0.2503,0.00164,3.3
124500,0.8337,0.6729,0.1924,0.2524,0.00164,3.3
124600,0.8445,0.6767,0.1948,0.2556,0.00164,3.3
124700,0.8416,0.676,0.1878,0.2589,0.00164,3.3
124800,0.8342,0.6713,0.1928,0.2514,0.00164,3.3
124900,0.8414,0.6736,0.1846,0.2557,0.00164,3.2
125000,0.848,0.679,0.1919,0.2592,0.00164,3.3
125100,0.8431,0.6774,0.1856,0.258,0.00164,3.2
125200,0.8426,0.6742,0.1938,0.2579,0.00165,3.2
125300,0.8335,0.6723,0.1917,0.2484,0.00165,3.3
125400,0.8401,0.6742,0.1852,0.2541,0.00165,3.3
125500,0.8424,0.6736,0.1886,0.2547,0.00165,3.3
125600,0.8417,0.6742,0.1911,0.2559,0.00165,3.3
125700,0.8475,0.6762,0.19,0.2592,0.00165,3.3
125800,0.8457,0.6768,0.1806,0.2584,0.00165,3.3
125900,0.846,0.6758,0.188,0.2605,0.00166,3.3
126000,0.8458,0.6753,0.1886,0.2597,0.00166,3.3
126100,0.836,0.668,0.1732,0.25,0.00166,3.2
126200,0.8425,0.6702,0.1834,0.2573,0.00166,3.2
126300,0.8246,0.6673,0.184,0.2471,0.00166,3.3
126400,0.834,0.6716,0.1929,0.2567,0.00166,3.3
126500,0.8319,0.6699,0.194,0.2543,0.00166,3.2
126600,0.8379,0.6727,0.1906,0.258,0.00166,3.2
126700,0.8393,0.6711,0.1796,0.2549,0.00167,3.3
126800,0.833,0.6664,0.1904,0.2523,0.00167,3.3
126900,0.8267,0.6669,0.184,0.2517,0.00167,3.2
127000,0.836,0.6663,0.1899,0.2578,0.00167,3.2
127100,0.8417,0.6707,0.1925,0.2601,0.00167,3.2
127200,0.8413,0.6705,0.1809,0.2576,0.00167,3.2
127300,0.8403,0.6731,0.1895,0.2538,0.00167,3.3
127400,0.8388,0.6741,0.1882,0.2556,0.00167,3.2
127500,0.8244,0.6668,0.1813,0.2483,0.00168,3.2
127600,0.8333,0.6683,0.1875,0.2536,0.00168,3.2
127700,0.8498,0.6741,0.1873,0.2611,0.00168,3.3
127800,0.8362,0.6693,0.1813,0.2592,0.00168,3.3
127900,0.8399,0.67,0.1807,0.2589,0.00168,3.3
128000,0.8397,0.6654,0.1777,0.2549,0.00168,3.3
128100,0.8291,0.6665,0.1935,0.2569,0.00168,3.3
128200,0.8307,0.6641,0.1896,0.2549,0.00169,3.2
128300,0.8294,0.6677,0.1833,0.2527,0.00169,3.3
128400,0.8181,0.6645,0.1798,0.242,0.00169,3.3
128500,0.825,0.6639,0.1912,0.2541,0.00169,3.2
128600,0.8388,0.6696,0.1783,0.2603,0.00169,3.2
128700,0.8326,0.664,0.1868,0.2538,0.00169,3.2
128800,0.8252,0.6588,0.1873,0.2534,0.00169,3.3
128900,0.8304,0.6679,0.1858,0.255,0.00169,3.3
129000,0.8281,0.6666,0.1893,0.257,0.0017,3.2
129100,0.8233,0.6657,0.1801,0.2482,0.0017,3.3
129200,0.831,0.6679,0.1906,0.2541,0.0017,3.3
129300,0.8293,0.6635,0.1844,0.2475,0.0017,3.3
129400,0.8395,0.6667,0.1908,0.2622,0.0017,3.3
129500,0.8363,0.6683,0.1819,0.2558,0.0017,3.2
129600,0.8329,0.6673,0.1862,0.2543,0.0017,3.2
129700,0.83,0.6667,0.182,0.2557,0.00171,3.2
129800,0.822,0.6594,0.1771,0.2448,0.00171,3.3
129900,0.8258,0.6648,0.1801,0.2492,0.00171,3.2
130000,0.8278,0.6624,0.1887,0.2538,0.00171,3.2
130100,0.819,0.6601,0.185,0.2463,0.00171,3.3
130200,0.8255,0.6654,0.1841,0.2482,0.00171,3.3
130300,0.8244,0.6625,0.1847,0.2514,0.00171,3.3
130400,0.8465,0.6756,0.1774,0.2581,0.00171,3.3
130500,0.8274,0.664,0.184,0.2548,0.00172,3.3
130600,0.842,0.6647,0.1821,0.2616,0.00172,3.3
130700,0.8357,0.6626,0.1792,0.2566,0.00172,3.3
130800,0.8364,0.6656,0.1867,0.2568,0.00172,3.3
130900,0.831,0.6659,0.179,0.2506,0.00172,3.3
131000,0.8281,0.6646,0.1845,0.2532,0.00172,3.2
131100,0.8159,0.6616,0.1928,0.247,0.00172,3.3
131200,0.8246,0.6609,0.1816,0.2502,0.00172,3.3
131300,0.8329,0.6643,0.1801,0.2545,0.00173,3.3
131400,0.8409,0.6653,0.1754,0.2604,0.00173,3.2
131500,0.8302,0.6658,0.1875,0.2555,0.00173,3.3
131600,0.8373,0.6651,0.1699,0.2572,0.00173,3.2
131700,0.8212,0.6623,0.1798,0.2486,0.00173,3.3
131800,0.8246,0.6631,0.1798,0.2477,0.00173,3.3
131900,0.8266,0.6644,0.1794,0.2514,0.00173,3.2
132000,0.8331,0.6648,0.1808,0.2542,0.00174,3.3
132100,0.8271,0.6604,0.1818,0.2555,0.00174,3.3
132200,0.832,0.6636,0.1793,0.2553,0.00174,3.3
132300,0.8275,0.6668,0.1772,0.2492,0.00174,3.3
132400,0.8242,0.6605,0.1747,0.252,0.00174,3.3
132500,0.8305,0.6651,0.1823,0.2551,0.00174,3.3
132600,0.8261,0.6649,0.1835,0.2483,0.00174,3.3
132700,0.8263,0.6592,0.1852,0.2548,0.00174,3.2
132800,0.8344,0.665,0.1815,0.2611,0.00175,3.3
132900,0.8233,0.6632,0.1857,0.2521,0.00175,3.3
133000,0.8276,0.6616,0.1802,0.2541,0.00175,3.3
133100,0.8178,0.6612,0.1796,0.2458,0.00175,3.3
133200,0.8295,0.6629,0.1797,0.2522,0.00175,3.3
133300,0.8188,0.6615,0.1749,0.2457,0.00175,3.3
133400,0.8215,0.6618,0.1794,0.2491,0.00175,3.3
133500,0.8189,0.6579,0.1839,0.2547,0.00175,3.3
133600,0.8286,0.6621,0.1751,0.2541,0.00176,3.2
133700,0.8129,0.6587,0.184,0.2447,0.00176,3.3
133800,0.8337,0.6619,0.1839,0.2613,0.00176,3.3
133900,0.8269,0.662,0.1811,0.2541,0.00176,3.3
134000,0.8185,0.6597,0.1867,0.2506,0.00176,3.2
134100,0.8213,0.6598,0.1842,0.2475,0.00176,3.3
134200,0.8251,0.6622,0.1769,0.2526,0.00176,3.3
134300,0.8247,0.6594,0.1817,0.2508,0.00177,3.3
134400,0.8177,0.6625,0.1859,0.2482,0.00177,3.3
134500,0.8208,0.6611,0.1793,0.2495,0.00177,3.3
134600,0.8154,0.6566,0.1781,0.2469,0.00177,3.3
134700,0.8309,0.6605,0.1815,0.2607,0.00177,3.3
134800,0.8157,0.6613,0.1802,0.2471,0.00177,3.3
134900,0.8111,0.6578,0.1781,0.244,0.00177,3.2
135000,0.8316,0.6633,0.1803,0.2548,0.00177,3.3
135100,0.8244,0.6621,0.1805,0.2551,0.00178,3.3
135200,0.8189,0.6572,0.1854,0.256,0.00178,3.3
135300,0.8282,0.6595,0.175,0.2537,0.00178,3.3
135400,0.8243,0.6627,0.1772,0.2516,0.00178,3.3
135500,0.8218,0.6561,0.1846,0.2553,0.00178,3.2
135600,0.8299,0.6622,0.1738,0.2571,0.00178,3.3
135700,0.826,0.6569,0.1703,0.2522,0.00178,3.3
135800,0.8373,0.6625,0.1816,0.2642,0.00179,3.3
135900,0.8144,0.66,0.1794,0.2479,0.00179,3.3
136000,0.8284,0.6572,0.1722,0.2542,0.00179,3.2
136100,0.8246,0.6615,0.1739,0.2558,0.00179,3.3
136200,0.827,0.6596,0.1685,0.252,0.00179,3.3
136300,0.8135,0.6541,0.1676,0.2454,0.00179,3.3
136400,0.8276,0.6635,0.1716,0.2523,0.00179,3.3
136500,0.8145,0.6563,0.1746,0.2482,0.00179,3.2
136600,0.8242,0.6604,0.1766,0.2522,0.0018,3.2
136700,0.8201,0.6591,0.1746,0.2474,0.0018,3.3
136800,0.825,0.6582,0.1723,0.2524,0.0018,3.3
136900,0.8258,0.6552,0.1797,0.2545,0.0018,3.3
137000,0.822,0.6565,0.1735,0.2541,0.0018,3.2
137100,0.8166,0.6591,0.1696,0.2507,0.0018,3.3
137200,0.8346,0.6666,0.1731,0.26,0.0018,3.3
137300,0.8144,0.6558,0.1723,0.2479,0.00181,3.3
137400,0.8173,0.6588,0.1748,0.251,0.00181,3.3
137500,0.8295,0.6609,0.1761,0.2561,0.00181,3.3
137600,0.8283,0.6598,0.1661,0.2562,0.00181,3.3
137700,0.8166,0.6572,0.1764,0.2481,0.00181,3.3
137800,0.8162,0.6599,0.175,0.2485,0.00181,3.3
137900,0.8301,0.6626,0.1768,0.2572,0.00181,3.3
138000,0.8144,0.6537,0.1797,0.2502,0.00181,3.2
138100,0.8137,0.6527,0.1691,0.2494,0.00182,3.3
138200,0.8217,0.6546,0.1642,0.2556,0.00182,3.3
138300,0.8257,0.6612,0.1707,0.2522,0.00182,3.3
138400,0.8154,0.658,0.1748,0.2509,0.00182,3.3
138500,0.8152,0.6598,0.1719,0.2534,0.00182,3.3
138600,0.8086,0.6512,0.1729,0.2449,0.00182,3.3
138700,0.815,0.6582,0.1769,0.2529,0.00182,3.2
138800,0.819,0.658,0.1758,0.2516,0.00182,3.2
138900,0.8158,0.6553,0.1731,0.2531,0.00183,3.3
139000,0.82,0.6573,0.1812,0.2542,0.00183,3.2
139100,0.8232,0.6537,0.1708,0.2564,0.00183,3.3
139200,0.8196,0.657,0.1702,0.2507,0.00183,3.3
139300,0.8145,0.658,0.1698,0.2481,0.00183,3.3
139400,0.817,0.6573,0.1772,0.2508,0.00183,3.3
139500,0.8113,0.6565,0.1653,0.2474,0.00183,3.3
139600,0.8206,0.6564,0.1701,0.2547,0.00184,3.3
139700,0.8163,0.6525,0.1741,0.2492,0.00184,3.3
139800,0.8136,0.6581,0.1768,0.2485,0.00184,3.3
139900,0.8095,0.6514,0.1788,0.2443,0.00184,3.3
140000,0.8208,0.6529,0.1647,0.2508,0.00184,3.3
140100,0.8165,0.6547,0.1698,0.2527,0.00184,3.3
140200,0.8003,0.6529,0.1744,0.243,0.00184,3.3
140300,0.8223,0.6567,0.1684,0.2543,0.00184,3.3
140400,0.81,0.6538,0.1739,0.2487,0.00185,3.2
140500,0.8156,0.6565,0.1728,0.2482,0.00185,3.3
140600,0.8174,0.6559,0.1735,0.2559,0.00185,3.3
140700,0.8135,0.6559,0.1679,0.2461,0.00185,3.3
140800,0.8112,0.6536,0.166,0.2476,0.00185,3.3
140900,0.8165,0.6602,0.1689,0.2521,0.00185,3.3
141000,0.8001,0.6494,0.1743,0.2398,0.00185,3.2
141100,0.8156,0.6561,0.1664,0.251,0.00185,3.3
141200,0.8168,0.6546,0.1717,0.2549,0.00186,3.3
141300,0.817,0.6596,0.1709,0.2465,0.00186,3.3
141400,0.8234,0.6557,0.1717,0.2575,0.00186,3.3
141500,0.8094,0.6519,0.1679,0.2453,0.00186,3.2
141600,0.8182,0.6548,0.1715,0.2519,0.00186,3.3
141700,0.8122,0.6581,0.1714,0.2507,0.00186,3.3
141800,0.8082,0.6563,0.1652,0.2435,0.00186,3.3
141900,0.8121,0.659,0.1747,0.2535,0.00187,3.3
142000,0.8097,0.6575,0.1683,0.2443,0.00187,3.2
142100,0.809,0.6519,0.1737,0.248,0.00187,3.3
142200,0.825,0.656,0.1657,0.2571,0.00187,3.3
142300,0.8102,0.654,0.1691,0.2446,0.00187,3.3
142400,0.8188,0.6612,0.1678,0.2493,0.00187,3.3
142500,0.8136,0.6524,0.1749,0.2526,0.00187,3.3
142600,0.8222,0.656,0.1619,0.2491,0.00187,3.3
142700,0.8089,0.6488,0.1711,0.248,0.00188,3.3
142800,0.8213,0.6567,0.1654,0.2533,0.00188,3.2
142900,0.8094,0.6525,0.165,0.2456,0.00188,3.3
143000,0.8073,0.6512,0.1721,0.244,0.00188,3.3
143100,0.8155,0.6546,0.1642,0.2512,0.00188,3.3
143200,0.8164,0.6556,0.1728,0.2549,0.00188,3.3
143300,0.8126,0.6515,0.1636,0.2483,0.00188,3.3
143400,0.8085,0.6496,0.1634,0.2477,0.00189,3.3
143500,0.8099,0.6486,0.1719,0.2521,0.00189,3.3
143600,0.8128,0.6525,0.1689,0.2518,0.00189,3.2
143700,0.8253,0.6566,0.166,0.254,0.00189,3.3
143800,0.8126,0.6555,0.1717,0.251,0.00189,3.3
143900,0.8234,0.6555,0.164,0.2544,0.00189,3.3
144000,0.823,0.6516,0.1681,0.2599,0.00189,3.3
144100,0.8058,0.65,0.1721,0.2475,0.00189,3.3
144200,0.8204,0.6528,0.1677,0.2528,0.0019,3.3
144300,0.8138,0.6537,0.1714,0.2507,0.0019,3.3
144400,0.8157,0.6502,0.1662,0.2514,0.0019,3.2
144500,0.8013,0.6532,0.1708,0.2417,0.0019,3.2
144600,0.8095,0.653,0.163,0.2489,0.0019,3.2
144700,0.8057,0.6526,0.1692,0.2457,0.0019,3.3
144800,0.8093,0.6547,0.1667,0.2475,0.0019,3.3
144900,0.8299,0.6599,0.1649,0.2603,0.0019,3.3
145000,0.813,0.6556,0.1612,0.249,0.00191,3.3
145100,0.8187,0.6549,0.1709,0.256,0.00191,3.3
145200,0.8037,0.6502,0.1644,0.2501,0.00191,3.3
145300,0.8075,0.6477,0.1694,0.2504,0.00191,3.3
145400,0.8083,0.6515,0.1615,0.2426,0.00191,3.2
145500,0.8217,0.6579,0.1626,0.252,0.00191,3.3
145600,0.8095,0.6534,0.1688,0.2463,0.00191,3.2
145700,0.8136,0.6573,0.1694,0.2549,0.00192,3.3
145800,0.8043,0.6501,0.1663,0.2505,0.00192,3.3
145900,0.8057,0.6487,0.1701,0.2467,0.00192,3.3
146000,0.8102,0.6521,0.1615,0.2502,0.00192,3.3
146100,0.8071,0.6514,0.1657,0.248,0.00192,3.3
146200,0.7999,0.6499,0.1658,0.2426,0.00192,3.3
146300,0.8063,0.6502,0.1642,0.2482,0.00192,3.3
146400,0.8069,0.6523,0.1731,0.2473,0.00192,3.3
146500,0.8073,0.6526,0.1685,0.2488,0.00193,3.3
146600,0.8098,0.6522,0.1673,0.2508,0.00193,3.3
146700,0.8089,0.6514,0.1649,0.246,0.00193,3.3
146800,0.8071,0.6526,0.1621,0.2482,0.00193,3.3
146900,0.8053,0.6513,0.1719,0.247,0.00193,3.3
147000,0.8165,0.6538,0.157,0.2493,0.00193,3.3
147100,0.8083,0.6474,0.1604,0.2522,0.00193,3.3
147200,0.8095,0.6546,0.1641,0.2456,0.00194,3.2
147300,0.8128,0.6474,0.163,0.2505,0.00194,3.2
147400,0.8062,0.6501,0.1675,0.2478,0.00194,3.3
147500,0.8075,0.6511,0.1676,0.2456,0.00194,3.3
147600,0.7988,0.6528,0.1674,0.2405,0.00194,3.2
147700,0.8051,0.6449,0.1626,0.2461,0.00194,3.2
147800,0.8044,0.6525,0.1696,0.251,0.00194,3.3
147900,0.805,0.6506,0.1627,0.2446,0.00194,3.3
148000,0.8032,0.6502,0.16,0.2434,0.00195,3.3
148100,0.8037,0.6481,0.1667,0.2484,0.00195,3.3
148200,0.7945,0.6538,0.1645,0.2378,0.00195,3.3
148300,0.8083,0.65,0.1662,0.2429,0.00195,3.3
148400,0.8006,0.6505,0.1645,0.2426,0.00195,3.2
148500,0.8208,0.6569,0.1603,0.2565,0.00195,3.3
148600,0.8056,0.6537,0.1603,0.2454,0.00195,3.3
148700,0.8082,0.6455,0.1609,0.2448,0.00195,3.2
148800,0.8185,0.6519,0.1607,0.2548,0.00196,3.3
148900,0.8155,0.6526,0.1582,0.2496,0.00196,3.3
149000,0.8106,0.6496,0.1646,0.2492,0.00196,3.3
149100,0.8115,0.6533,0.1688,0.2498,0.00196,3.3
149200,0.8217,0.6518,0.1654,0.2577,0.00196,3.3
149300,0.8106,0.6524,0.1652,0.25,0.00196,3.3
149400,0.8082,0.6503,0.1635,0.2485,0.00196,3.3
149500,0.8066,0.6538,0.162,0.2457,0.00197,3.3
149600,0.8117,0.6525,0.1619,0.2541,0.00197,3.3
149700,0.8011,0.6509,0.1652,0.2474,0.00197,3.3
149800,0.817,0.6517,0.159,0.2509,0.00197,3.3
149900,0.8027,0.6475,0.1636,0.2487,0.00197,3.2
150000,0.8055,0.6504,0.1552,0.2431,0.00197,3.3
150100,0.8061,0.651,0.1636,0.2483,0.00197,3.3
150200,0.8011,0.6492,0.1598,0.2444,0.00197,3.2
150300,0.7982,0.6455,0.1598,0.2463,0.00198,3.3
150400,0.8013,0.6497,0.1643,0.2468,0.00198,3.3
150500,0.8104,0.6528,0.1575,0.2502,0.00198,3.3
150600,0.8096,0.6506,0.1589,0.2492,0.00198,3.3
150700,0.8135,0.6573,0.1694,0.2528,0.00198,3.3
150800,0.8065,0.6483,0.1601,0.2456,0.00198,3.3
150900,0.8112,0.6496,0.1627,0.2508,0.00198,3.3
151000,0.8054,0.652,0.1623,0.2455,0.00199,3.2
151100,0.8119,0.6504,0.1631,0.2517,0.00199,3.3
151200,0.8045,0.6525,0.1625,0.2452,0.00199,3.3
151300,0.8105,0.6508,0.1597,0.2523,0.00199,3.3
151400,0.7988,0.6439,0.1594,0.2423,0.00199,3.2
151500,0.8076,0.6538,0.1577,0.2474,0.00199,3.2
151600,0.8088,0.6488,0.154,0.2477,0.00199,3.2
151700,0.8007,0.647,0.1623,0.2431,0.00199,3.3
151800,0.7973,0.6442,0.1562,0.2406,0.002,3.3
151900,0.8208,0.6595,0.1598,0.2548,0.002,3.2
152000,0.8166,0.6506,0.1596,0.2496,0.002,3.3
152100,0.8136,0.6511,0.163,0.2494,0.002,3.3
152200,0.818,0.6531,0.1564,0.2509,0.002,3.2
152300,0.8034,0.6491,0.1676,0.2464,0.002,3.3
152400,0.7967,0.6449,0.1701,0.2474,0.002,3.3
152500,0.8105,0.6507,0.162,0.2547,0.002,3.2
152600,0.8064,0.6526,0.1585,0.2457,0.002,3.3
152700,0.8157,0.6527,0.1552,0.2527,0.002,3.3
152800,0.8006,0.6491,0.1616,0.2438,0.002,3.3
152900,0.7981,0.6496,0.1584,0.2456,0.002,3.3
153000,0.8213,0.6528,0.1628,0.2582,0.002,3.3
153100,0.8021,0.6489,0.1534,0.2435,0.002,3.3
153200,0.8064,0.6496,0.168,0.2521,0.002,3.3
153300,0.806,0.6486,0.1646,0.2483,0.002,3.3
153400,0.7976,0.6524,0.1639,0.24,0.002,3.3
153500,0.8019,0.6462,0.1551,0.2476,0.002,3.2
153600,0.7976,0.6479,0.1594,0.247,0.002,3.2
153700,0.8059,0.6508,0.1573,0.2496,0.002,3.3
153800,0.8047,0.6499,0.1617,0.2463,0.002,3.3
153900,0.8075,0.6467,0.1591,0.2522,0.002,3.3
154000,0.8045,0.6558,0.1678,0.2459,0.002,3.3
154100,0.8098,0.6494,0.1606,0.2501,0.002,3.3
154200,0.8229,0.6555,0.1591,0.2544,0.002,3.3
154300,0.8101,0.6477,0.1552,0.2486,0.002,3.3
154400,0.81,0.652,0.1613,0.2545,0.002,3.3
154500,0.8025,0.6488,0.1567,0.2406,0.002,3.3
154600,0.7946,0.6484,0.1665,0.2454,0.002,3.2
154700,0.7971,0.6446,0.1575,0.2448,0.002,3.2
154800,0.7973,0.6482,0.1551,0.2463,0.002,3.3
154900,0.7961,0.646,0.1614,0.2421,0.002,3.2
155000,0.7984,0.6495,0.1519,0.2426,0.002,3.2
155100,0.8078,0.6521,0.1634,0.2471,0.002,3.3
155200,0.8066,0.6457,0.1521,0.2469,0.002,3.3
155300,0.7996,0.6507,0.1615,0.2484,0.002,3.3
155400,0.8082,0.6469,0.1586,0.2486,0.002,3.3
155500,0.8045,0.6493,0.1553,0.2463,0.002,3.3
155600,0.8117,0.6468,0.1537,0.2528,0.002,3.2
155700,0.7897,0.6457,0.1578,0.2382,0.002,3.2
155800,0.7924,0.6456,0.1596,0.2434,0.002,3.3
155900,0.8125,0.6531,0.1572,0.2488,0.002,3.2
156000,0.8116,0.6607,0.1508,0.2469,0.002,3.2
156100,0.7944,0.6449,0.151,0.2384,0.002,3.2
156200,0.7957,0.6448,0.1543,0.2408,0.002,3.3
156300,0.8164,0.6543,0.1604,0.2557,0.002,3.3
156400,0.8118,0.652,0.1551,0.2503,0.002,3.3
156500,0.7973,0.6495,0.1551,0.2434,0.002,3.2
156600,0.7968,0.648,0.1532,0.2415,0.002,3.2
156700,0.8091,0.6508,0.1582,0.2488,0.002,3.2
156800,0.8034,0.6497,0.1586,0.2501,0.002,3.3
156900,0.7904,0.647,0.1631,0.2405,0.002,3.3
157000,0.8057,0.6463,0.1561,0.2473,0.002,3.3
157100,0.7955,0.6443,0.1574,0.2455,0.002,3.3
157200,0.8035,0.6496,0.1558,0.247,0.002,3.2
157300,0.8042,0.649,0.1568,0.2469,0.002,3.3
157400,0.7997,0.6493,0.1546,0.2484,0.002,3.3
157500,0.8045,0.6509,0.1612,0.2498,0.002,3.2
157600,0.8031,0.6479,0.1621,0.2472,0.002,3.3
157700,0.8051,0.6496,0.1498,0.2475,0.002,3.3
157800,0.8016,0.6482,0.1576,0.2497,0.002,3.3
157900,0.81,0.6461,0.1498,0.249,0.002,3.2
158000,0.8026,0.6504,0.1612,0.2419,0.002,3.2
158100,0.8042,0.648,0.1528,0.2474,0.002,3.2
158200,0.8057,0.6494,0.1513,0.2492,0.002,3.3
158300,0.7998,0.6476,0.156,0.2418,0.002,3.3
158400,0.8049,0.6446,0.1502,0.2466,0.002,3.2
158500,0.8031,0.6492,0.157,0.2436,0.002,3.2
158600,0.8108,0.6519,0.146,0.2478,0.002,3.3
158700,0.8147,0.6485,0.1549,0.2521,0.002,3.2
158800,0.7925,0.6431,0.1544,0.2444,0.002,3.3
158900,0.7946,0.6478,0.1522,0.2402,0.002,3.2
159000,0.8152,0.6533,0.1521,0.2536,0.002,3.3
159100,0.8028,0.6464,0.1519,0.2457,0.002,3.3
159200,0.8028,0.6446,0.1598,0.2475,0.002,3.3
159300,0.796,0.6491,0.1546,0.2415,0.002,3.3
159400,0.8152,0.649,0.1517,0.2551,0.002,3.2
159500,0.7966,0.6444,0.1538,0.2458,0.002,3.2
159600,0.7931,0.6414,0.1593,0.2428,0.002,3.2
159700,0.802,0.6505,0.1641,0.2476,0.002,3.3
159800,0.7941,0.6485,0.1584,0.2429,0.002,3.3
159900,0.7986,0.651,0.1555,0.2442,0.002,3.2
160000,0.8094,0.6512,0.1556,0.2483,0.002,3.3
160100,0.8015,0.6475,0.1539,0.2475,0.002,3.3
160200,0.8089,0.6485,0.1614,0.2527,0.002,3.3
160300,0.7947,0.6408,0.156,0.2405,0.002,3.3
160400,0.8006,0.6473,0.1494,0.2424,0.002,3.2
160500,0.7929,0.6463,0.156,0.2438,0.002,3.3
160600,0.8133,0.654,0.143,0.2529,0.002,3.2
160700,0.7994,0.6495,0.1514,0.2487,0.002,3.2
160800,0.7999,0.651,0.1533,0.2445,0.002,3.3
160900,0.8153,0.6542,0.1516,0.2551,0.002,3.2
161000,0.8054,0.649,0.1521,0.2475,0.002,3.2
161100,0.8102,0.6497,0.1485,0.2507,0.002,3.3
161200,0.8013,0.6534,0.1593,0.2443,0.002,3.3
161300,0.8044,0.6472,0.1595,0.2493,0.002,3.3
161400,0.8041,0.648,0.1558,0.2447,0.002,3.2
161500,0.8028,0.6511,0.1512,0.2452,0.002,3.2
161600,0.8055,0.6495,0.16,0.2493,0.002,3.3
161700,0.7906,0.6472,0.154,0.2446,0.002,3.3
161800,0.8149,0.6524,0.1523,0.2541,0.002,3.3
161900,0.803,0.6516,0.1539,0.2477,0.002,3.2
162000,0.8116,0.649,0.1478,0.2491,0.002,3.2
162100,0.8054,0.648,0.1499,0.2478,0.002,3.2
162200,0.8108,0.6531,0.1437,0.2434,0.002,3.3
162300,0.7992,0.6478,0.1552,0.2406,0.002,3.3
162400,0.8108,0.6476,0.1508,0.2486,0.002,3.2
162500,0.8008,0.6496,0.1568,0.2491,0.002,3.3
162600,0.7937,0.6429,0.1517,0.2418,0.002,3.2
162700,0.7929,0.649,0.1603,0.2438,0.002,3.3
162800,0.7999,0.6437,0.1472,0.2462,0.002,3.3
162900,0.8016,0.651,0.1514,0.2465,0.002,3.2
163000,0.8046,0.6494,0.1512,0.245,0.002,3.3
163100,0.7995,0.6485,0.1462,0.241,0.002,3.3
163200,0.7936,0.6455,0.156,0.2443,0.002,3.2
163300,0.7988,0.6436,0.1544,0.2456,0.002,3.2
163400,0.8024,0.6482,0.1518,0.2466,0.002,3.3
163500,0.7992,0.6484,0.1553,0.2486,0.002,3.3
163600,0.7976,0.648,0.158,0.2446,0.002,3.3
163700,0.806,0.6509,0.1515,0.2467,0.002,3.2
163800,0.8044,0.6494,0.1547,0.2509,0.002,3.3
163900,0.7929,0.6487,0.1567,0.2396,0.002,3.2
164000,0.8034,0.6438,0.1536,0.2459,0.002,3.3
164100,0.8047,0.6524,0.1521,0.2472,0.002,3.3
164200,0.796,0.6451,0.1512,0.241,0.002,3.3
164300,0.7997,0.6471,0.1566,0.2472,0.002,3.3
164400,0.8007,0.6477,0.1518,0.2454,0.002,3.3
164500,0.8108,0.6524,0.152,0.2496,0.002,3.3
164600,0.7958,0.6436,0.1558,0.2411,0.002,3.2
164700,0.814,0.6511,0.1567,0.2542,0.002,3.3
164800,0.7939,0.6438,0.1567,0.2441,0.002,3.3
164900,0.7898,0.6391,0.1549,0.2395,0.002,3.2
165000,0.8042,0.6504,0.1446,0.2468,0.002,3.3
165100,0.8004,0.6459,0.1557,0.2428,0.002,3.3
165200,0.7994,0.6465,0.1502,0.2433,0.002,3.3
165300,0.7952,0.6439,0.1582,0.2391,0.002,3.3
165400,0.8009,0.6471,0.15,0.2471,0.002,3.3
165500,0.8019,0.646,0.1517,0.2468,0.002,3.3
165600,0.8034,0.6503,0.1547,0.2535,0.002,3.3
165700,0.792,0.6438,0.1563,0.2383,0.002,3.3
165800,0.8065,0.6497,0.1553,0.249,0.002,3.3
165900,0.7971,0.6437,0.1497,0.2487,0.002,3.2
166000,0.8013,0.6491,0.1521,0.2484,0.002,3.2
166100,0.7915,0.6417,0.154,0.241,0.002,3.2
166200,0.7876,0.6417,0.1493,0.2413,0.002,3.3
166300,0.7994,0.647,0.1407,0.2415,0.002,3.3
166400,0.8076,0.649,0.1513,0.2527,0.002,3.2
166500,0.7929,0.6439,0.1508,0.2422,0.002,3.3
166600,0.8032,0.6508,0.153,0.2469,0.002,3.3
166700,0.8036,0.6455,0.1497,0.2477,0.002,3.3
166800,0.8,0.6458,0.1522,0.25,0.002,3.3
166900,0.7876,0.6403,0.1505,0.2414,0.002,3.3
167000,0.7987,0.6462,0.1529,0.2472,0.002,3.3
167100,0.7951,0.6493,0.1528,0.2417,0.002,3.3
167200,0.8029,0.649,0.1617,0.2502,0.002,3.3
167300,0.8049,0.6462,0.1536,0.2469,0.002,3.3
167400,0.8018,0.6471,0.1431,0.2441,0.002,3.2
167500,0.8012,0.6464,0.1509,0.2471,0.002,3.2
167600,0.7974,0.648,0.146,0.2448,0.002,3.2
167700,0.8168,0.6524,0.1487,0.2536,0.002,3.3
167800,0.8065,0.6519,0.1565,0.2543,0.002,3.3
167900,0.784,0.642,0.1457,0.2337,0.002,3.2
168000,0.8001,0.6464,0.1465,0.2485,0.002,3.2
168100,0.8037,0.6461,0.1458,0.2473,0.002,3.3
168200,0.8075,0.6474,0.1472,0.2479,0.002,3.2
168300,0.7928,0.6395,0.1504,0.2406,0.002,3.3
168400,0.7929,0.6453,0.1539,0.2466,0.002,3.2
168500,0.7864,0.6446,0.1513,0.2355,0.002,3.2
168600,0.8013,0.6485,0.1498,0.2556,0.002,3.2
168700,0.8037,0.6507,0.1529,0.2461,0.002,3.3
168800,0.8099,0.6473,0.145,0.2512,0.002,3.3
168900,0.7946,0.6454,0.1419,0.242,0.002,3.3
169000,0.7995,0.6473,0.155,0.2448,0.002,3.2
169100,0.806,0.6491,0.1514,0.251,0.002,3.3
169200,0.7932,0.6411,0.1429,0.2434,0.002,3.2
169300,0.7908,0.6444,0.1519,0.2414,0.002,3.2
169400,0.7987,0.6483,0.1533,0.2455,0.002,3.2
169500,0.8034,0.6462,0.1492,0.2516,0.002,3.2
169600,0.795,0.6462,0.1514,0.2436,0.002,3.3
169700,0.805,0.6514,0.1446,0.2492,0.002,3.3
169800,0.7972,0.6466,0.1492,0.2421,0.002,3.3
169900,0.793,0.6463,0.1532,0.2429,0.002,3.3
170000,0.8001,0.6447,0.1469,0.2463,0.002,3.3
170100,0.799,0.646,0.1486,0.2438,0.002,3.3
170200,0.7933,0.6446,0.1456,0.2407,0.002,3.3
170300,0.7968,0.6446,0.1478,0.2425,0.002,3.3
170400,0.8012,0.6501,0.1518,0.249,0.002,3.3
170500,0.7931,0.643,0.143,0.2418,0.002,3.3
170600,0.7931,0.6431,0.1464,0.2397,0.002,3.3
170700,0.802,0.6447,0.1486,0.2475,0.002,3.3
170800,0.803,0.6465,0.1487,0.2468,0.002,3.3
170900,0.788,0.6474,0.1522,0.2435,0.002,3.2
171000,0.7908,0.6426,0.1538,0.2451,0.002,3.3
171100,0.8,0.6466,0.1444,0.242,0.002,3.3
171200,0.8028,0.6481,0.1481,0.2477,0.002,3.2
171300,0.792,0.643,0.1453,0.2389,0.002,3.3
171400,0.8008,0.6486,0.1489,0.2469,0.002,3.3
171500,0.8046,0.6472,0.1436,0.2454,0.002,3.2
171600,0.7858,0.6447,0.1566,0.2398,0.002,3.3
171700,0.7989,0.6464,0.1462,0.2494,0.002,3.2
171800,0.7969,0.6473,0.1491,0.2434,0.002,3.3
171900,0.7912,0.6417,0.1464,0.2399,0.002,3.2
172000,0.8008,0.6453,0.147,0.2447,0.002,3.3
172100,0.7941,0.6425,0.1539,0.241,0.002,3.2
172200,0.7902,0.6395,0.1487,0.2399,0.002,3.3
172300,0.798,0.6492,0.1494,0.2495,0.002,3.3
172400,0.802,0.6505,0.145,0.2423,0.002,3.2
172500,0.7984,0.648,0.1481,0.2407,0.002,3.2
172600,0.8017,0.646,0.1389,0.2465,0.002,3.3
172700,0.7989,0.6482,0.1512,0.242,0.002,3.3
172800,0.7841,0.6412,0.1546,0.2411,0.002,3.3
172900,0.8012,0.6474,0.1461,0.2464,0.002,3.3
173000,0.8018,0.6468,0.1464,0.2524,0.002,3.2
173100,0.7868,0.6437,0.1487,0.2397,0.002,3.3
173200,0.7997,0.6452,0.1484,0.2522,0.002,3.2
173300,0.7921,0.6453,0.1489,0.2382,0.002,3.3
173400,0.8063,0.6522,0.1506,0.2516,0.002,3.3
173500,0.7932,0.6459,0.1472,0.2415,0.002,3.3
173600,0.7828,0.6403,0.155,0.2346,0.002,3.2
173700,0.8045,0.6466,0.1415,0.2523,0.002,3.3
173800,0.7961,0.6457,0.148,0.2415,0.002,3.3
173900,0.7942,0.6432,0.1422,0.239,0.002,3.3
174000,0.807,0.6495,0.146,0.2486,0.002,3.2
174100,0.7973,0.6433,0.146,0.2444,0.002,3.3
174200,0.7877,0.642,0.15,0.2425,0.002,3.3
174300,0.7984,0.649,0.1432,0.2473,0.002,3.3
174400,0.8004,0.6481,0.1501,0.2525,0.002,3.3
174500,0.797,0.6444,0.1456,0.246,0.002,3.2
174600,0.8013,0.6472,0.1463,0.2445,0.002,3.3
174700,0.7944,0.6429,0.1443,0.245,0.002,3.3
174800,0.7987,0.6486,0.1462,0.2456,0.002,3.3
174900,0.7926,0.6415,0.1476,0.2426,0.002,3.3
175000,0.7898,0.6425,0.1447,0.2353,0.002,3.2
175100,0.7811,0.642,0.148,0.2395,0.002,3.2
175200,0.7992,0.6447,0.1461,0.2486,0.002,3.2
175300,0.7985,0.6452,0.1415,0.2455,0.002,3.3
175400,0.7959,0.6437,0.1543,0.2451,0.002,3.2
175500,0.7961,0.6449,0.1478,0.2421,0.002,3.2
175600,0.7796,0.6422,0.142,0.2309,0.002,3.2
175700,0.781,0.6404,0.1503,0.2398,0.002,3.3
175800,0.7957,0.6472,0.1481,0.2456,0.002,3.3
175900,0.7955,0.6441,0.1479,0.2484,0.002,3.3
176000,0.7981,0.6456,0.1426,0.2453,0.002,3.2
176100,0.7978,0.645,0.1415,0.2477,0.002,3.2
176200,0.8048,0.6479,0.154,0.2511,0.002,3.3
176300,0.7975,0.6461,0.1422,0.2453,0.002,3.3
176400,0.8004,0.6464,0.1442,0.2452,0.002,3.2
176500,0.7961,0.6478,0.1414,0.2437,0.002,3.2
176600,0.8027,0.6416,0.1442,0.2478,0.002,3.2
176700,0.7973,0.6445,0.1507,0.2528,0.002,3.3
176800,0.7981,0.6482,0.153,0.2484,0.002,3.3
176900,0.7838,0.6443,0.1529,0.24,0.002,3.3
177000,0.786,0.6405,0.1449,0.2366,0.002,3.2
177100,0.802,0.6545,0.1469,0.2476,0.002,3.3
177200,0.7878,0.6441,0.1463,0.2365,0.002,3.3
177300,0.8126,0.6532,0.1454,0.2541,0.002,3.3
177400,0.7947,0.6454,0.1423,0.2451,0.002,3.3
177500,0.7984,0.6504,0.1462,0.2462,0.002,3.3
177600,0.7887,0.6425,0.1434,0.2421,0.002,3.3
177700,0.8042,0.6494,0.1482,0.2461,0.002,3.3
177800,0.7939,0.6495,0.1474,0.2429,0.002,3.2
177900,0.7907,0.6436,0.1428,0.2436,0.002,3.3
178000,0.8041,0.6483,0.1398,0.2478,0.002,3.3
178100,0.809,0.6466,0.1429,0.2505,0.002,3.3
178200,0.7912,0.6452,0.146,0.2426,0.002,3.3
178300,0.7955,0.6457,0.1412,0.2438,0.002,3.3
178400,0.804,0.6478,0.1356,0.2435,0.002,3.3
178500,0.7976,0.6482,0.1517,0.2481,0.002,3.3
178600,0.7942,0.6463,0.146,0.2429,0.002,3.3
178700,0.7883,0.641,0.1408,0.239,0.002,3.3
178800,0.785,0.6424,0.1455,0.2406,0.002,3.2
178900,0.7855,0.6434,0.1532,0.2372,0.002,3.3
179000,0.7819,0.6403,0.1428,0.2371,0.002,3.3
179100,0.8054,0.6472,0.1484,0.2523,0.002,3.3
179200,0.7875,0.6416,0.1431,0.2423,0.002,3.3
179300,0.7886,0.6426,0.1483,0.2436,0.002,3.3
179400,0.7899,0.6441,0.1436,0.2349,0.002,3.3
179500,0.7959,0.6436,0.1442,0.2434,0.002,3.3
179600,0.7954,0.6426,0.1424,0.2468,0.002,3.3
179700,0.7852,0.6451,0.1455,0.2362,0.002,3.3
179800,0.7938,0.6441,0.1471,0.247,0.002,3.3
179900,0.7902,0.6449,0.144,0.2401,0.002,3.3
180000,0.7964,0.647,0.1491,0.2463,0.002,3.3
180100,0.787,0.6453,0.1477,0.2402,0.002,3.3
180200,0.7896,0.6424,0.1448,0.2412,0.002,3.3
180300,0.7912,0.6456,0.144,0.2421,0.002,3.3
180400,0.8028,0.646,0.1389,0.251,0.002,3.3
180500,0.8032,0.6471,0.1442,0.2498,0.002,3.2
180600,0.7824,0.6409,0.1426,0.2363,0.002,3.2
180700,0.7896,0.6435,0.1397,0.2427,0.002,3.2
180800,0.8008,0.6463,0.1406,0.2456,0.002,3.2
180900,0.7928,0.6446,0.1446,0.2435,0.002,3.3
181000,0.7863,0.644,0.1417,0.2423,0.002,3.3
181100,0.7901,0.6424,0.1394,0.2399,0.002,3.3
181200,0.79,0.6404,0.1409,0.2402,0.002,3.2
181300,0.7872,0.641,0.144,0.2409,0.002,3.4
181400,0.7975,0.648,0.144,0.2451,0.002,3.3
181500,0.7972,0.6475,0.1477,0.2425,0.002,3.3
181600,0.8031,0.6489,0.1434,0.2487,0.002,3.3
181700,0.797,0.6469,0.1422,0.2496,0.002,3.3
181800,0.7881,0.6451,0.1462,0.2472,0.002,3.3
181900,0.7999,0.6469,0.1412,0.2473,0.002,3.3
182000,0.7988,0.6407,0.1422,0.248,0.002,3.2
182100,0.7944,0.6431,0.1409,0.2404,0.002,3.2
182200,0.7882,0.6416,0.1415,0.2415,0.002,3.3
182300,0.801,0.645,0.1364,0.2466,0.002,3.3
182400,0.7879,0.6425,0.1455,0.2416,0.002,3.2
182500,0.7926,0.6451,0.1393,0.2439,0.002,3.3
182600,0.7891,0.64,0.1426,0.2411,0.002,3.2
182700,0.7849,0.645,0.1476,0.2397,0.002,3.3
182800,0.799,0.6411,0.1462,0.2542,0.002,3.3
182900,0.7895,0.6454,0.1449,0.2423,0.002,3.2
183000,0.793,0.6442,0.1451,0.2431,0.002,3.3
183100,0.7932,0.6455,0.1397,0.2425,0.002,3.3
183200,0.8077,0.6509,0.1453,0.2523,0.002,3.3
183300,0.7876,0.6415,0.1392,0.237,0.002,3.3
183400,0.7799,0.6389,0.1478,0.2356,0.002,3.2
183500,0.7917,0.643,0.1502,0.2382,0.002,3.3
183600,0.7955,0.6443,0.1456,0.2463,0.002,3.3
183700,0.7946,0.6461,0.1424,0.2418,0.002,3.2
183800,0.7843,0.6428,0.1399,0.2344,0.002,3.3
183900,0.7893,0.6412,0.1435,0.2408,0.002,3.3
184000,0.7874,0.6434,0.142,0.2436,0.002,3.3
184100,0.7839,0.6427,0.1436,0.2414,0.002,3.3
184200,0.7915,0.6475,0.1498,0.2428,0.002,3.2
184300,0.7997,0.645,0.1476,0.2499,0.002,3.3
184400,0.7896,0.6452,0.1473,0.2455,0.002,3.3
184500,0.7829,0.6388,0.1425,0.2379,0.002,3.3
184600,0.7837,0.6406,0.1426,0.2359,0.002,3.3
184700,0.7761,0.6378,0.1422,0.2356,0.002,3.3
184800,0.792,0.6446,0.1384,0.2437,0.002,3.3
184900,0.7921,0.6442,0.1451,0.2485,0.002,3.3
185000,0.7922,0.6402,0.1407,0.2439,0.002,3.2
185100,0.7862,0.6441,0.14,0.2369,0.002,3.2
185200,0.7948,0.6448,0.1382,0.2422,0.002,3.3
185300,0.7916,0.643,0.1385,0.2392,0.002,3.3
185400,0.7985,0.6465,0.1412,0.2465,0.002,3.3
185500,0.7856,0.6409,0.1461,0.2414,0.002,3.3
185600,0.8012,0.6479,0.1474,0.2453,0.002,3.2
185700,0.7898,0.6465,0.1402,0.244,0.002,3.3
185800,0.7717,0.6346,0.1405,0.2301,0.002,3.3
185900,0.7934,0.6404,0.143,0.2488,0.002,3.3
186000,0.8022,0.6486,0.1396,0.2489,0.002,3.3
186100,0.7836,0.6406,0.1424,0.2381,0.002,3.3
186200,0.792,0.6483,0.1485,0.2409,0.002,3.3
186300,0.7894,0.6429,0.1386,0.2373,0.002,3.3
186400,0.7983,0.6466,0.1474,0.2484,0.002,3.2
186500,0.7989,0.646,0.1403,0.2467,0.002,3.3
186600,0.7894,0.6434,0.1393,0.2429,0.002,3.3
186700,0.7889,0.6407,0.1455,0.241,0.002,3.3
186800,0.7958,0.6441,0.1335,0.2452,0.002,3.3
186900,0.7919,0.6413,0.147,0.2449,0.002,3.3
187000,0.7999,0.6442,0.1333,0.2467,0.002,3.3
187100,0.7852,0.6407,0.1469,0.2435,0.002,3.3
187200,0.7868,0.6415,0.1407,0.2389,0.002,3.3
187300,0.7884,0.6396,0.1329,0.2396,0.002,3.3
187400,0.8044,0.646,0.1362,0.2505,0.002,3.3
187500,0.7925,0.6436,0.1431,0.2433,0.002,3.3
187600,0.8039,0.646,0.1383,0.2453,0.002,3.3
187700,0.7833,0.6393,0.1459,0.2407,0.002,3.3
187800,0.7772,0.6402,0.1386,0.2397,0.002,3.3
187900,0.7962,0.6466,0.1387,0.2478,0.002,3.3
188000,0.804,0.6449,0.1371,0.2524,0.002,3.3
188100,0.7883,0.6445,0.1406,0.243,0.002,3.3
188200,0.7915,0.6425,0.1388,0.2401,0.002,3.3
188300,0.7825,0.6396,0.1428,0.2379,0.002,3.3
188400,0.7947,0.6438,0.1384,0.2435,0.002,3.3
188500,0.7976,0.6487,0.1396,0.2436,0.002,3.3
188600,0.7841,0.6402,0.1325,0.2383,0.002,3.3
188700,0.7978,0.6441,0.1423,0.2488,0.002,3.3
188800,0.7902,0.6449,0.14,0.2422,0.002,3.3
188900,0.7916,0.6439,0.1456,0.244,0.002,3.3
189000,0.7942,0.6444,0.1359,0.2459,0.002,3.3
189100,0.7763,0.6351,0.1407,0.2358,0.002,3.3
189200,0.7844,0.643,0.1395,0.2397,0.002,3.3
189300,0.794,0.6461,0.144,0.246,0.002,3.3
189400,0.7967,0.6404,0.1438,0.2473,0.002,3.3
189500,0.7856,0.6381,0.1365,0.2395,0.002,3.3
189600,0.7864,0.6427,0.1395,0.24,0.002,3.3
189700,0.803,0.6509,0.1439,0.2456,0.002,3.3
189800,0.7942,0.6419,0.1328,0.2402,0.002,3.3
189900,0.8019,0.6426,0.1392,0.2526,0.002,3.3
190000,0.7918,0.6377,0.1403,0.243,0.002,3.2
190100,0.7983,0.6456,0.1418,0.2486,0.002,3.3
190200,0.7894,0.6417,0.1389,0.2413,0.002,3.2
190300,0.7959,0.6472,0.1412,0.2491,0.002,3.3
190400,0.8004,0.6443,0.1382,0.2454,0.002,3.3
190500,0.7773,0.6399,0.1397,0.2346,0.002,3.3
190600,0.7874,0.6416,0.1471,0.2435,0.002,3.3
190700,0.7765,0.6371,0.141,0.2353,0.002,3.3
190800,0.8012,0.643,0.1421,0.2522,0.002,3.3
190900,0.7933,0.6417,0.1354,0.2434,0.002,3.3
191000,0.7896,0.6402,0.1421,0.2424,0.002,3.3
191100,0.7863,0.6425,0.1406,0.2399,0.002,3.3
191200,0.7798,0.6429,0.1424,0.2379,0.002,3.3
191300,0.7712,0.6379,0.1358,0.2342,0.002,3.3
191400,0.7915,0.6451,0.1404,0.2442,0.002,3.3
191500,0.787,0.6427,0.1445,0.2433,0.002,3.3
191600,0.7778,0.6417,0.1409,0.2311,0.002,3.2
191700,0.786,0.6394,0.1423,0.245,0.002,3.3
191800,0.7852,0.638,0.1434,0.2421,0.002,3.3
191900,0.7811,0.6394,0.1379,0.2356,0.002,3.3
192000,0.786,0.6428,0.1353,0.2378,0.002,3.3
192100,0.7852,0.6403,0.1399,0.2413,0.002,3.2
192200,0.7847,0.6427,0.1438,0.2367,0.002,3.3
192300,0.7948,0.6429,0.14,0.2474,0.002,3.3
192400,0.7852,0.6383,0.1395,0.24,0.002,3.3
192500,0.791,0.6454,0.1382,0.2405,0.002,3.3
192600,0.8028,0.644,0.1385,0.2516,0.002,3.3
192700,0.7876,0.6398,0.1425,0.2389,0.002,3.3
192800,0.7863,0.6374,0.1383,0.24,0.002,3.3
192900,0.7908,0.6441,0.1394,0.2476,0.002,3.3
193000,0.785,0.6402,0.1402,0.24,0.002,3.3
193100,0.803,0.646,0.1347,0.2503,0.002,3.3
193200,0.7934,0.6456,0.1414,0.2404,0.002,3.3
193300,0.7901,0.6412,0.1336,0.2483,0.002,3.3
193400,0.7853,0.6436,0.1347,0.2381,0.002,3.3
193500,0.7948,0.6423,0.1383,0.2443,0.002,3.3
193600,0.7827,0.6399,0.139,0.24,0.002,3.3
193700,0.7846,0.6425,0.1406,0.2397,0.002,3.3
193800,0.7834,0.6399,0.1415,0.2391,0.002,3.3
193900,0.7879,0.641,0.1458,0.2463,0.002,3.3
194000,0.7897,0.6427,0.1406,0.2435,0.002,3.3
194100,0.7919,0.6404,0.1354,0.2434,0.002,3.3
194200,0.7955,0.6477,0.1344,0.2457,0.002,3.3
194300,0.7951,0.6435,0.142,0.2464,0.002,3.3
194400,0.7803,0.6374,0.142,0.2357,0.002,3.3
194500,0.7773,0.6374,0.1435,0.2389,0.002,3.3
194600,0.8034,0.6454,0.1331,0.2499,0.002,3.3
194700,0.7927,0.6435,0.1357,0.2419,0.002,3.3
194800,0.7847,0.6428,0.1417,0.2369,0.002,3.3
194900,0.7946,0.6484,0.1371,0.2489,0.002,3.3
195000,0.8012,0.6438,0.1288,0.2458,0.002,3.2
195100,0.7866,0.6438,0.1363,0.2398,0.002,3.3
195200,0.7957,0.6449,0.1374,0.245,0.002,3.3
195300,0.7928,0.6432,0.1376,0.2415,0.002,3.3
195400,0.7863,0.6404,0.1375,0.2398,0.002,3.3
195500,0.7849,0.6411,0.1383,0.2421,0.002,3.3
195600,0.7923,0.6416,0.1338,0.2455,0.002,3.3
195700,0.7927,0.6421,0.136,0.2446,0.002,3.3
195800,0.7905,0.6419,0.1357,0.2428,0.002,3.3
195900,0.7924,0.6431,0.1386,0.2454,0.002,3.3
196000,0.7981,0.6387,0.1388,0.2487,0.002,3.3
196100,0.8035,0.6483,0.1333,0.2492,0.002,3.3
196200,0.7798,0.6364,0.1246,0.2306,0.002,3.2
196300,0.7901,0.6404,0.1372,0.2419,0.002,3.3
196400,0.7834,0.6407,0.1407,0.237,0.002,3.3
196500,0.7939,0.6459,0.1408,0.2444,0.002,3.3
196600,0.7926,0.647,0.1348,0.2429,0.002,3.2
196700,0.7849,0.6427,0.1381,0.2378,0.002,3.2
196800,0.7787,0.6372,0.1363,0.2365,0.002,3.3
196900,0.795,0.6473,0.1367,0.2483,0.002,3.3
197000,0.792,0.6395,0.1379,0.2461,0.002,3.3
197100,0.7974,0.6463,0.1415,0.2425,0.002,3.3
197200,0.81,0.6468,0.1323,0.2534,0.002,3.3
197300,0.7895,0.6451,0.1386,0.2421,0.002,3.3
197400,0.7825,0.6421,0.1376,0.2393,0.002,3.3
197500,0.7784,0.6374,0.1377,0.2369,0.002,3.2
197600,0.7846,0.6374,0.1401,0.2382,0.002,3.3
197700,0.7894,0.6422,0.1347,0.2436,0.002,3.2
197800,0.7901,0.6472,0.1415,0.2437,0.002,3.3
197900,0.7841,0.6401,0.137,0.2359,0.002,3.3
198000,0.7852,0.6433,0.1368,0.2389,0.002,3.2
198100,0.8008,0.6431,0.1298,0.2489,0.002,3.2
198200,0.7955,0.6417,0.1306,0.2426,0.002,3.3
198300,0.7978,0.6438,0.1453,0.2495,0.002,3.3
198400,0.773,0.6345,0.1367,0.2326,0.002,3.3
198500,0.7785,0.64,0.1372,0.2359,0.002,3.2
198600,0.7902,0.6447,0.1345,0.2378,0.002,3.3
198700,0.7833,0.6402,0.135,0.2384,0.002,3.3
198800,0.768,0.6402,0.142,0.2337,0.002,3.3
198900,0.7906,0.6426,0.135,0.2456,0.002,3.3
199000,0.7947,0.6452,0.1386,0.2397,0.002,3.3
199100,0.796,0.6425,0.1379,0.2483,0.002,3.3
199200,0.7828,0.6402,0.1363,0.236,0.002,3.3
199300,0.7872,0.6422,0.1365,0.2434,0.002,3.3
199400,0.7915,0.6432,0.1396,0.2426,0.002,3.2
199500,0.7887,0.6396,0.1321,0.2415,0.002,3.3
199600,0.7884,0.6421,0.137,0.2421,0.002,3.3
199700,0.7865,0.6413,0.14,0.241,0.002,3.3
199800,0.7809,0.6377,0.1345,0.2393,0.002,3.3
199900,0.797,0.6404,0.1304,0.2437,0.002,3.3
200000,0.7927,0.643,0.1371,0.2458,0.002,3.3
200100,0.7929,0.6456,0.1369,0.2449,0.002,3.3
200200,0.7884,0.639,0.1286,0.2387,0.002,3.3
200300,0.7835,0.6389,0.1321,0.2374,0.002,3.3
200400,0.7828,0.643,0.1399,0.2385,0.002,3.3
200500,0.7851,0.6345,0.1336,0.2408,0.002,3.3
200600,0.8016,0.6427,0.1303,0.2428,0.002,3.3
200700,0.7868,0.6404,0.1408,0.242,0.002,3.2
200800,0.7974,0.6454,0.1346,0.2447,0.002,3.3
200900,0.7999,0.6482,0.1365,0.2452,0.002,3.3
201000,0.78,0.641,0.139,0.2422,0.002,3.3
201100,0.7917,0.6446,0.1304,0.2397,0.002,3.3
201200,0.7871,0.6404,0.1373,0.243,0.002,3.3
201300,0.7811,0.6374,0.135,0.2368,0.002,3.3
201400,0.7787,0.6423,0.1379,0.2342,0.002,3.3
201500,0.7791,0.6385,0.1397,0.2407,0.002,3.3
201600,0.7873,0.6444,0.1415,0.244,0.002,3.3
201700,0.7891,0.6439,0.1372,0.2412,0.002,3.3
201800,0.7918,0.645,0.1353,0.2491,0.002,3.3
201900,0.7894,0.6444,0.1382,0.2423,0.002,3.2
202000,0.7856,0.642,0.1343,0.2403,0.002,3.3
202100,0.7957,0.6454,0.1375,0.2475,0.002,3.3
202200,0.7926,0.6416,0.1396,0.2455,0.002,3.3
202300,0.7879,0.6459,0.136,0.2441,0.002,3.3
202400,0.7811,0.6372,0.1392,0.2383,0.002,3.3
202500,0.7861,0.6415,0.1335,0.2402,0.002,3.3
202600,0.7884,0.6454,0.1373,0.2378,0.002,3.3
202700,0.7805,0.6404,0.1349,0.2381,0.002,3.3
202800,0.7797,0.6375,0.1384,0.2389,0.002,3.3
202900,0.7808,0.6391,0.1355,0.2351,0.002,3.3
203000,0.788,0.6446,0.1337,0.2426,0.002,3.3
203100,0.7896,0.64,0.138,0.2433,0.002,3.3
203200,0.7801,0.6383,0.135,0.2389,0.002,3.3
203300,0.7804,0.6384,0.1366,0.2406,0.002,3.3
203400,0.7951,0.642,0.1295,0.2438,0.002,3.3
203500,0.7769,0.6372,0.1299,0.2365,0.002,3.3
203600,0.7849,0.6419,0.1346,0.2438,0.002,3.2
203700,0.7857,0.6431,0.1406,0.2418,0.002,3.3
203800,0.7831,0.6382,0.1343,0.2403,0.002,3.3
203900,0.7816,0.643,0.1356,0.238,0.002,3.3
204000,0.7809,0.6434,0.1351,0.2387,0.002,3.3
204100,0.7866,0.6433,0.132,0.24,0.002,3.3
204200,0.7764,0.639,0.1374,0.2382,0.002,3.3
204300,0.7922,0.6411,0.1262,0.2423,0.002,3.3
204400,0.7873,0.6417,0.1336,0.2411,0.002,3.2
204500,0.7936,0.6426,0.1355,0.2396,0.002,3.3
204600,0.7816,0.6401,0.1344,0.2382,0.002,3.3
204700,0.7907,0.6385,0.1287,0.2449,0.002,3.3
204800,0.7852,0.6446,0.1292,0.2382,0.002,3.3
204900,0.7851,0.6393,0.1317,0.2442,0.002,3.3
205000,0.7872,0.6396,0.1279,0.2396,0.002,3.2
205100,0.7889,0.6399,0.1266,0.2411,0.002,3.3
205200,0.7921,0.6414,0.1315,0.2467,0.002,3.3
205300,0.7835,0.638,0.1309,0.2416,0.002,3.3
205400,0.7858,0.6428,0.1317,0.2399,0.002,3.3
205500,0.7923,0.6448,0.135,0.2482,0.002,3.3
205600,0.7984,0.6445,0.1242,0.2462,0.002,3.3
205700,0.7791,0.6364,0.1345,0.2377,0.002,3.3
205800,0.7797,0.6378,0.1304,0.2371,0.002,3.3
205900,0.771,0.6352,0.1325,0.2342,0.002,3.3
206000,0.786,0.6396,0.1307,0.2433,0.002,3.3
206100,0.7909,0.6434,0.1335,0.2449,0.002,3.3
206200,0.7915,0.6429,0.1313,0.2475,0.002,3.3
206300,0.779,0.6414,0.1313,0.2349,0.002,3.3
206400,0.7839,0.6413,0.1263,0.2419,0.002,3.2
206500,0.7973,0.6463,0.1306,0.2478,0.002,3.3
206600,0.7894,0.647,0.1318,0.2411,0.002,3.3
206700,0.7945,0.6441,0.1304,0.2536,0.002,3.3
206800,0.7774,0.6419,0.1323,0.2347,0.002,3.3
206900,0.7748,0.6363,0.1246,0.2305,0.002,3.3
207000,0.7715,0.6362,0.1316,0.2303,0.002,3.3
207100,0.7908,0.6418,0.1325,0.2417,0.002,3.2
207200,0.7797,0.6377,0.1262,0.2388,0.002,3.3
207300,0.7897,0.6415,0.1319,0.2415,0.002,3.3
207400,0.787,0.6467,0.1301,0.2434,0.002,3.3
207500,0.7852,0.6377,0.1318,0.242,0.002,3.3
207600,0.7817,0.6388,0.1343,0.2403,0.002,3.3
207700,0.7867,0.6391,0.1283,0.2455,0.002,3.3
207800,0.7834,0.6395,0.1295,0.236,0.002,3.3
207900,0.7844,0.6414,0.1341,0.243,0.002,3.3
208000,0.7887,0.6438,0.1288,0.2472,0.002,3.3
208100,0.7937,0.6435,0.1341,0.2414,0.002,3.3
208200,0.7864,0.6376,0.1354,0.2412,0.002,3.3
208300,0.7823,0.6396,0.1338,0.2385,0.002,3.3
208400,0.7946,0.6457,0.1334,0.2541,0.002,3.2
208500,0.7783,0.6345,0.1355,0.2378,0.002,3.3
208600,0.7798,0.6402,0.1377,0.2368,0.002,3.3
208700,0.7873,0.6417,0.1303,0.2426,0.002,3.3
208800,0.792,0.6443,0.133,0.2459,0.002,3.3
208900,0.7827,0.637,0.1324,0.2385,0.002,3.3
209000,0.7859,0.6427,0.1257,0.2371,0.002,3.3
209100,0.7833,0.6421,0.1271,0.2386,0.002,3.3
209200,0.7883,0.6394,0.128,0.2425,0.002,3.3
209300,0.7851,0.6429,0.1321,0.2379,0.002,3.3
209400,0.7864,0.6408,0.1321,0.2447,0.002,3.2
209500,0.7792,0.6406,0.1307,0.2359,0.002,3.2
209600,0.7793,0.6381,0.132,0.2375,0.002,3.3
209700,0.7962,0.6455,0.1301,0.2434,0.002,3.3
209800,0.7779,0.6373,0.1363,0.2417,0.002,3.3
209900,0.7848,0.6402,0.1306,0.2397,0.002,3.3
210000,0.7821,0.6384,0.1361,0.239,0.002,3.3
210100,0.7811,0.6409,0.1326,0.2385,0.002,3.3
210200,0.7764,0.6354,0.1299,0.2341,0.002,3.3
210300,0.7837,0.6402,0.1241,0.2363,0.002,3.3
210400,0.7905,0.6426,0.129,0.2447,0.002,3.3
210500,0.7844,0.6412,0.1294,0.2379,0.002,3.3
210600,0.7925,0.6442,0.1289,0.245,0.002,3.3
210700,0.7715,0.6384,0.13,0.2329,0.002,3.2
210800,0.7715,0.636,0.1229,0.2361,0.002,3.3
210900,0.7849,0.6409,0.1303,0.243,0.002,3.3
211000,0.7872,0.6426,0.1363,0.2438,0.002,3.3
211100,0.7924,0.6432,0.1294,0.2461,0.002,3.2
211200,0.7812,0.6405,0.1324,0.2363,0.002,3.3
211300,0.7894,0.6447,0.1292,0.2383,0.002,3.3
211400,0.7819,0.6438,0.1305,0.237,0.002,3.3
211500,0.7737,0.6353,0.1304,0.2365,0.002,3.3
211600,0.7858,0.6398,0.1298,0.2395,0.002,3.3
211700,0.785,0.6406,0.132,0.2419,0.002,3.3
211800,0.7843,0.6387,0.1281,0.2388,0.002,3.3
211900,0.7907,0.6376,0.1286,0.2434,0.002,3.2
212000,0.7877,0.6419,0.1312,0.2437,0.002,3.2
212100,0.7886,0.6439,0.1329,0.2461,0.002,3.3
212200,0.7862,0.6439,0.1316,0.2439,0.002,3.3
212300,0.7689,0.6333,0.1298,0.2355,0.002,3.3
212400,0.791,0.6393,0.1282,0.2436,0.002,3.3
212500,0.7871,0.6441,0.1265,0.2429,0.002,3.2
212600,0.7746,0.6356,0.1273,0.2329,0.002,3.3
212700,0.7729,0.6372,0.1337,0.2379,0.002,3.3
212800,0.798,0.6445,0.127,0.2509,0.002,3.3
212900,0.7858,0.6419,0.131,0.2439,0.002,3.3
213000,0.7859,0.6405,0.122,0.2431,0.002,3.3
213100,0.7614,0.6284,0.1304,0.2277,0.002,3.2
213200,0.7853,0.6419,0.126,0.2427,0.002,3.3
213300,0.783,0.6382,0.1282,0.2403,0.002,3.3
213400,0.7916,0.6427,0.1281,0.2442,0.002,3.3
213500,0.7698,0.6354,0.1276,0.2357,0.002,3.2
213600,0.7852,0.6394,0.1267,0.2418,0.002,3.3
213700,0.7835,0.6391,0.1311,0.2411,0.002,3.3
213800,0.7789,0.6422,0.1341,0.2385,0.002,3.3
213900,0.7668,0.6311,0.1237,0.2272,0.002,3.3
214000,0.774,0.6372,0.1245,0.2358,0.002,3.3
214100,0.7832,0.6392,0.1203,0.2381,0.002,3.3
214200,0.7821,0.6397,0.1248,0.2398,0.002,3.3
214300,0.7837,0.6364,0.1262,0.2393,0.002,3.3
214400,0.7799,0.6382,0.1231,0.2369,0.002,3.3
214500,0.7858,0.6414,0.1315,0.2435,0.002,3.3
214600,0.781,0.6397,0.13,0.2396,0.002,3.3
214700,0.7743,0.6361,0.1308,0.2383,0.002,3.3
214800,0.7745,0.6367,0.1267,0.2361,0.002,3.2
214900,0.7804,0.6377,0.1237,0.2381,0.002,3.3
215000,0.7801,0.6387,0.1267,0.244,0.002,3.3
215100,0.7812,0.6424,0.1241,0.2432,0.002,3.3
215200,0.762,0.6343,0.1299,0.2291,0.002,3.3
215300,0.7898,0.643,0.1293,0.2438,0.002,3.3
215400,0.8009,0.643,0.125,0.2522,0.002,3.3
215500,0.784,0.6412,0.1288,0.2428,0.002,3.3
215600,0.7886,0.6397,0.128,0.2419,0.002,3.3
215700,0.7771,0.6417,0.1325,0.2395,0.002,3.3
215800,0.7801,0.6377,0.1282,0.2363,0.002,3.3
215900,0.7805,0.6395,0.1214,0.2377,0.002,3.3
216000,0.7876,0.6463,0.128,0.2445,0.002,3.3
216100,0.7909,0.6418,0.1293,0.2449,0.002,3.3
216200,0.7742,0.6367,0.127,0.2358,0.002,3.3
216300,0.781,0.6367,0.1277,0.2429,0.002,3.3
216400,0.7792,0.6364,0.125,0.2379,0.002,3.3
216500,0.7829,0.6398,0.1279,0.2438,0.002,3.3
216600,0.7879,0.6382,0.1185,0.2394,0.002,3.3
216700,0.8013,0.6467,0.1267,0.2465,0.002,3.2
216800,0.7833,0.6441,0.1299,0.239,0.002,3.3
216900,0.7768,0.6419,0.1299,0.2349,0.002,3.3
217000,0.7804,0.6365,0.1287,0.2391,0.002,3.2
217100,0.7864,0.6413,0.1289,0.2422,0.002,3.3
217200,0.7862,0.6403,0.1235,0.2428,0.002,3.3
217300,0.7845,0.6377,0.1243,0.2408,0.002,3.3
217400,0.7819,0.643,0.1302,0.2407,0.002,3.3
217500,0.7809,0.6382,0.1266,0.2387,0.002,3.2
217600,0.7791,0.6389,0.1284,0.2409,0.002,3.3
217700,0.7824,0.6406,0.1233,0.2352,0.002,3.3
217800,0.7812,0.6392,0.1247,0.2393,0.002,3.3
217900,0.7806,0.6391,0.1274,0.2388,0.002,3.3
218000,0.7796,0.6364,0.1241,0.2377,0.002,3.3
218100,0.7796,0.6377,0.1227,0.2401,0.002,3.2
218200,0.7828,0.6404,0.1238,0.2375,0.002,3.3
218300,0.7802,0.6405,0.1204,0.2388,0.002,3.3
218400,0.7955,0.6437,0.1276,0.2513,0.002,3.3
218500,0.7738,0.6405,0.128,0.2354,0.002,3.3
218600,0.7978,0.6435,0.124,0.2479,0.002,3.3
218700,0.7802,0.6426,0.1229,0.2369,0.002,3.3
218800,0.7679,0.6334,0.126,0.2362,0.002,3.3
218900,0.7851,0.6447,0.1299,0.2439,0.002,3.3
219000,0.7808,0.6383,0.1239,0.2357,0.002,3.3
219100,0.7848,0.6387,0.1248,0.2397,0.002,3.3
219200,0.7758,0.6373,0.127,0.238,0.002,3.2
219300,0.7804,0.6402,0.1238,0.2404,0.002,3.3
219400,0.7737,0.6349,0.1222,0.2299,0.002,3.3
219500,0.7866,0.6428,0.1271,0.244,0.002,3.3
219600,0.7743,0.6402,0.1221,0.2388,0.002,3.3
219700,0.7781,0.6375,0.1276,0.2391,0.002,3.3
219800,0.78,0.6395,0.1174,0.2335,0.002,3.3
219900,0.7755,0.641,0.1237,0.2345,0.002,3.3
220000,0.7751,0.6372,0.1238,0.2376,0.002,3.3
220100,0.7846,0.6405,0.128,0.2427,0.002,3.3
220200,0.7734,0.6371,0.1272,0.2356,0.002,3.3
220300,0.7859,0.6399,0.1272,0.2448,0.002,3.3
220400,0.7772,0.64,0.1227,0.2341,0.002,3.2
220500,0.7795,0.6385,0.1301,0.244,0.002,3.3
220600,0.7778,0.6412,0.1266,0.2384,0.002,3.2
220700,0.7748,0.6377,0.1243,0.2311,0.002,3.3
220800,0.7845,0.6445,0.125,0.2433,0.002,3.3
220900,0.7791,0.6409,0.1265,0.2409,0.002,3.3
221000,0.7756,0.6339,0.1236,0.2365,0.002,3.3
221100,0.7758,0.6369,0.1228,0.2313,0.002,3.3
221200,0.7828,0.6393,0.1308,0.2447,0.002,3.2
221300,0.782,0.638,0.1267,0.2349,0.002,3.3
221400,0.772,0.6352,0.1268,0.2353,0.002,3.2
221500,0.7763,0.6367,0.1242,0.2366,0.002,3.2
221600,0.7957,0.64,0.1252,0.2493,0.002,3.2
221700,0.7666,0.6335,0.1262,0.2344,0.002,3.3
221800,0.7838,0.6412,0.1225,0.2408,0.002,3.3
221900,0.7747,0.6371,0.1285,0.2382,0.002,3.3
222000,0.7848,0.6425,0.1233,0.2426,0.002,3.3
222100,0.7857,0.6441,0.1231,0.2414,0.002,3.3
222200,0.792,0.6429,0.1235,0.2458,0.002,3.3
222300,0.7698,0.6377,0.1255,0.2374,0.002,3.3
222400,0.7813,0.6424,0.1184,0.2343,0.002,3.3
222500,0.7832,0.6403,0.1257,0.2454,0.002,3.3
222600,0.7831,0.6371,0.1161,0.2384,0.002,3.3
222700,0.7841,0.6408,0.1242,0.2429,0.002,3.3
222800,0.7785,0.6423,0.1245,0.2341,0.002,3.3
222900,0.7831,0.6391,0.1201,0.2426,0.002,3.3
223000,0.7763,0.6392,0.1279,0.2395,0.002,3.3
223100,0.7925,0.6415,0.125,0.2496,0.002,3.3
223200,0.7944,0.6445,0.125,0.243,0.002,3.3
223300,0.7764,0.638,0.1277,0.2379,0.002,3.3
223400,0.7766,0.6391,0.1245,0.2399,0.002,3.3
223500,0.7749,0.6359,0.1243,0.2383,0.002,3.3
223600,0.7866,0.6395,0.1223,0.2424,0.002,3.3
223700,0.7851,0.6426,0.1164,0.2383,0.002,3.3
223800,0.7855,0.6393,0.1224,0.2439,0.002,3.3
223900,0.7726,0.6367,0.1227,0.235,0.002,3.3
224000,0.7748,0.6365,0.1276,0.2374,0.002,3.3
224100,0.7729,0.6361,0.1232,0.235,0.002,3.3
224200,0.7726,0.6389,0.1224,0.2311,0.002,3.3
224300,0.7904,0.6383,0.1165,0.2457,0.002,3.3
224400,0.7693,0.6384,0.1233,0.2349,0.002,3.3
224500,0.7818,0.6412,0.1251,0.241,0.002,3.2
224600,0.7759,0.638,0.128,0.243,0.002,3.3
224700,0.7793,0.6386,0.126,0.2368,0.002,3.3
224800,0.7671,0.6353,0.1233,0.2356,0.002,3.3
224900,0.7748,0.639,0.1214,0.2368,0.002,3.3
225000,0.7722,0.6363,0.1232,0.2394,0.002,3.3
225100,0.7796,0.6385,0.1194,0.2387,0.002,3.3
225200,0.7716,0.6392,0.1229,0.2363,0.002,3.3
225300,0.7805,0.6364,0.1218,0.2341,0.002,3.3
225400,0.7815,0.6422,0.126,0.2411,0.002,3.3
225500,0.7722,0.636,0.1273,0.2379,0.002,3.3
225600,0.7808,0.6407,0.1229,0.2385,0.002,3.2
225700,0.7864,0.6419,0.1232,0.2429,0.002,3.3
225800,0.7814,0.6372,0.1195,0.2393,0.002,3.3
225900,0.7785,0.6372,0.1223,0.2376,0.002,3.3
226000,0.7749,0.6367,0.118,0.2336,0.002,3.3
226100,0.794,0.6423,0.13,0.2499,0.002,3.3
226200,0.7787,0.6382,0.1227,0.2312,0.002,3.3
226300,0.7928,0.6421,0.1214,0.2467,0.002,3.3
226400,0.7867,0.642,0.126,0.2414,0.002,3.3
226500,0.7737,0.6358,0.1291,0.2374,0.002,3.3
226600,0.7804,0.6387,0.1292,0.2423,0.002,3.3
226700,0.7887,0.6367,0.1185,0.2429,0.002,3.3
226800,0.7857,0.6373,0.1165,0.2396,0.002,3.3
226900,0.7866,0.6407,0.1149,0.2412,0.002,3.3
227000,0.7776,0.6382,0.1222,0.2419,0.002,3.3
227100,0.7793,0.6402,0.1229,0.2433,0.002,3.3
227200,0.7846,0.642,0.1184,0.2369,0.002,3.3
227300,0.7838,0.6368,0.1176,0.2428,0.002,3.3
227400,0.776,0.6374,0.1308,0.2346,0.002,3.3
227500,0.7803,0.6379,0.1219,0.2385,0.002,3.3
227600,0.7848,0.6433,0.1212,0.24,0.002,3.3
227700,0.7743,0.6369,0.1273,0.2391,0.002,3.2
227800,0.7738,0.6385,0.1173,0.2373,0.002,3.3
227900,0.7843,0.6381,0.1254,0.2405,0.002,3.3
228000,0.7781,0.6417,0.1248,0.2385,0.002,3.3
228100,0.7663,0.6325,0.1261,0.2323,0.002,3.3
228200,0.7845,0.6386,0.1239,0.2383,0.002,3.3
228300,0.7775,0.6365,0.1237,0.2374,0.002,3.3
228400,0.7768,0.6392,0.1208,0.2379,0.002,3.2
228500,0.7893,0.6395,0.1173,0.2426,0.002,3.3
228600,0.7686,0.6325,0.1215,0.2333,0.002,3.3
228700,0.782,0.6436,0.1204,0.2394,0.002,3.3
228800,0.7773,0.6384,0.118,0.2387,0.002,3.2
228900,0.7778,0.6398,0.1173,0.2381,0.002,3.3
229000,0.7849,0.6399,0.1224,0.2452,0.002,3.2
229100,0.7727,0.64,0.1257,0.2396,0.002,3.3
229200,0.7727,0.638,0.1281,0.2333,0.002,3.3
229300,0.773,0.6371,0.1182,0.2349,0.002,3.3
229400,0.7661,0.6341,0.1195,0.2323,0.002,3.3
229500,0.7825,0.6399,0.1151,0.2415,0.002,3.3
229600,0.7824,0.6382,0.1177,0.2337,0.002,3.3
229700,0.7814,0.6393,0.1184,0.2381,0.002,3.3
229800,0.7726,0.6353,0.123,0.2359,0.002,3.2
229900,0.7756,0.64,0.1215,0.2362,0.002,3.3
230000,0.7672,0.6367,0.1179,0.2367,0.002,3.3
230100,0.7949,0.6459,0.1179,0.2468,0.002,3.3
230200,0.7865,0.6364,0.1236,0.2413,0.002,3.3
230300,0.7738,0.6351,0.1154,0.235,0.002,3.3
230400,0.78,0.6429,0.1194,0.2382,0.002,3.3
230500,0.7562,0.6333,0.1237,0.2273,0.002,3.3
230600,0.7811,0.6381,0.1193,0.2385,0.002,3.3
230700,0.7626,0.6369,0.1233,0.2329,0.002,3.3
230800,0.7803,0.6368,0.1182,0.2399,0.002,3.3
230900,0.7781,0.637,0.1198,0.2353,0.002,3.3
231000,0.7792,0.6375,0.1163,0.2387,0.002,3.3
231100,0.778,0.64,0.1209,0.2427,0.002,3.2
231200,0.7751,0.641,0.12,0.2351,0.002,3.3
231300,0.7766,0.6407,0.1233,0.238,0.002,3.3
231400,0.7753,0.6401,0.1258,0.2363,0.002,3.3
231500,0.7806,0.6399,0.1183,0.2386,0.002,3.3
231600,0.7794,0.6391,0.1178,0.235,0.002,3.3
231700,0.7733,0.6374,0.1176,0.2311,0.002,3.3
231800,0.7954,0.6443,0.121,0.2496,0.002,3.4
231900,0.7765,0.6406,0.1183,0.2438,0.002,3.3
232000,0.7672,0.637,0.1232,0.2326,0.002,3.3
232100,0.7844,0.6351,0.114,0.2402,0.002,3.3
232200,0.77,0.6341,0.1206,0.2315,0.002,3.3
232300,0.7797,0.6371,0.1195,0.2396,0.002,3.3
232400,0.7896,0.6408,0.1161,0.2446,0.002,3.3
232500,0.7799,0.6427,0.1229,0.2398,0.002,3.3
232600,0.775,0.6333,0.1199,0.2386,0.002,3.3
232700,0.7867,0.6396,0.1153,0.2422,0.002,3.3
232800,0.7855,0.6405,0.1213,0.2453,0.002,3.3
232900,0.7688,0.6342,0.1258,0.237,0.002,3.3
233000,0.7687,0.6311,0.1134,0.2315,0.002,3.3
233100,0.7761,0.6377,0.1136,0.2374,0.002,3.3
233200,0.7718,0.6393,0.1263,0.2364,0.002,3.3
233300,0.7859,0.6391,0.1186,0.2446,0.002,3.3
233400,0.7829,0.6408,0.1158,0.2436,0.002,3.3
233500,0.7749,0.6339,0.1185,0.2376,0.002,3.3
233600,0.7751,0.6336,0.1148,0.2354,0.002,3.3
233700,0.7821,0.6387,0.12,0.2448,0.002,3.3
233800,0.7729,0.6359,0.1185,0.2396,0.002,3.3
233900,0.7711,0.636,0.1226,0.2293,0.002,3.3
234000,0.7878,0.64,0.1174,0.245,0.002,3.2
234100,0.7704,0.6345,0.1258,0.2352,0.002,3.2
234200,0.7827,0.6404,0.1225,0.241,0.002,3.2
234300,0.7824,0.639,0.1157,0.2391,0.002,3.3
234400,0.7824,0.638,0.1183,0.2426,0.002,3.3
234500,0.779,0.6373,0.1104,0.2352,0.002,3.3
234600,0.7766,0.6384,0.1191,0.2412,0.002,3.3
234700,0.7799,0.6367,0.1167,0.2418,0.002,3.3
234800,0.7888,0.6406,0.1166,0.2438,0.002,3.3
234900,0.7843,0.6377,0.1157,0.2407,0.002,3.3
235000,0.7764,0.6355,0.1218,0.238,0.002,3.3
235100,0.7788,0.6388,0.1273,0.2415,0.002,3.3
235200,0.7661,0.6337,0.1216,0.2379,0.002,3.3
235300,0.7666,0.6381,0.115,0.2302,0.002,3.3
235400,0.7827,0.6386,0.1185,0.2406,0.002,3.2
235500,0.7782,0.637,0.1177,0.24,0.002,3.3
235600,0.7592,0.6297,0.1226,0.231,0.002,3.3
235700,0.763,0.6327,0.1217,0.2318,0.002,3.3
235800,0.7799,0.6411,0.1223,0.2411,0.002,3.3
235900,0.7738,0.6335,0.1139,0.2356,0.002,3.3
236000,0.7766,0.6365,0.1166,0.2395,0.002,3.3
236100,0.7711,0.6355,0.1173,0.2344,0.002,3.3
236200,0.7774,0.6374,0.1194,0.2397,0.002,3.3
236300,0.7842,0.643,0.1172,0.2415,0.002,3.3
236400,0.7685,0.6337,0.1228,0.2347,0.002,3.3
236500,0.7849,0.6431,0.1208,0.2435,0.002,3.3
236600,0.7747,0.6376,0.1203,0.2383,0.002,3.3
236700,0.7765,0.6371,0.1167,0.2404,0.002,3.3
236800,0.7691,0.6371,0.1197,0.2341,0.002,3.3
236900,0.7753,0.6379,0.1178,0.2425,0.002,3.3
237000,0.7809,0.6381,0.1195,0.2407,0.002,3.3
237100,0.782,0.6394,0.1227,0.2447,0.002,3.3
237200,0.7792,0.6375,0.1139,0.2406,0.002,3.3
237300,0.784,0.6397,0.1155,0.2388,0.002,3.3
237400,0.784,0.6405,0.1162,0.2413,0.002,3.3
237500,0.7705,0.6339,0.1169,0.2293,0.002,3.3
237600,0.7841,0.6353,0.1136,0.2424,0.002,3.3
237700,0.7774,0.6383,0.1175,0.2396,0.002,3.3
237800,0.7694,0.636,0.1212,0.2324,0.002,3.3
237900,0.7781,0.6414,0.117,0.2438,0.002,3.3
238000,0.7813,0.6401,0.1138,0.2386,0.002,3.3
238100,0.784,0.6392,0.1176,0.2372,0.002,3.3
238200,0.7866,0.6414,0.1189,0.2459,0.002,3.3
238300,0.776,0.6359,0.1154,0.2362,0.002,3.3
238400,0.7773,0.6366,0.1204,0.2348,0.002,3.3
238500,0.7804,0.6388,0.1189,0.2404,0.002,3.3
238600,0.7716,0.6371,0.1237,0.2317,0.002,3.3
238700,0.7871,0.6376,0.1218,0.2417,0.002,3.3
238800,0.7867,0.6419,0.1201,0.2412,0.002,3.3
238900,0.7834,0.6418,0.1199,0.2422,0.002,3.3
239000,0.7728,0.6343,0.124,0.235,0.002,3.3
239100,0.7795,0.6389,0.1187,0.2378,0.002,3.2
239200,0.7748,0.6374,0.1203,0.2372,0.002,3.2
239300,0.785,0.6383,0.1146,0.2409,0.002,3.3
239400,0.7767,0.6405,0.1136,0.2367,0.002,3.3
239500,0.7641,0.6292,0.1206,0.23,0.002,3.3
239600,0.7665,0.6363,0.1209,0.2308,0.002,3.3
239700,0.7784,0.6398,0.1128,0.2365,0.002,3.3
239800,0.7822,0.6348,0.1098,0.2379,0.002,3.3
239900,0.7888,0.6433,0.1181,0.2475,0.002,3.3
240000,0.785,0.6435,0.1187,0.2459,0.002,3.3
240100,0.782,0.6346,0.1112,0.242,0.002,3.3
240200,0.7692,0.6345,0.1194,0.2327,0.002,3.3
240300,0.7751,0.6374,0.1164,0.2386,0.002,3.3
240400,0.7739,0.6384,0.1178,0.2359,0.002,3.3
240500,0.7832,0.6426,0.1164,0.2397,0.002,3.3
240600,0.7803,0.6434,0.1183,0.2448,0.002,3.3
240700,0.7874,0.6412,0.1154,0.2453,0.002,3.3
240800,0.7787,0.6368,0.1142,0.2373,0.002,3.3
240900,0.7668,0.6328,0.1143,0.2313,0.002,3.3
241000,0.7781,0.6402,0.1224,0.2414,0.002,3.3
241100,0.7925,0.641,0.1218,0.2445,0.002,3.3
241200,0.772,0.636,0.1193,0.2337,0.002,3.2
241300,0.7821,0.6382,0.1181,0.2398,0.002,3.3
241400,0.782,0.6389,0.1155,0.2428,0.002,3.3
241500,0.7801,0.641,0.1115,0.2364,0.002,3.3
241600,0.784,0.6414,0.1145,0.2418,0.002,3.3
241700,0.7829,0.6388,0.1083,0.2404,0.002,3.3
241800,0.7782,0.638,0.1144,0.2405,0.002,3.3
241900,0.7778,0.6349,0.1144,0.2382,0.002,3.3
242000,0.7616,0.6372,0.1233,0.2318,0.002,3.3
242100,0.774,0.6376,0.1184,0.2374,0.002,3.3
242200,0.7816,0.6401,0.1178,0.2408,0.002,3.3
242300,0.7661,0.6356,0.1131,0.2316,0.002,3.3
242400,0.7616,0.63,0.1164,0.2293,0.002,3.3
242500,0.7725,0.6363,0.1215,0.236,0.002,3.3
242600,0.7709,0.6356,0.116,0.2331,0.002,3.3
242700,0.7617,0.6318,0.1234,0.2335,0.002,3.3
242800,0.778,0.6398,0.1195,0.2417,0.002,3.3
242900,0.7756,0.6335,0.1161,0.24,0.002,3.3
243000,0.7796,0.6397,0.1084,0.2374,0.002,3.3
243100,0.7697,0.6346,0.1229,0.2357,0.002,3.3
243200,0.7652,0.6301,0.1199,0.232,0.002,3.3
243300,0.7755,0.6391,0.1112,0.2322,0.002,3.3
243400,0.7818,0.6405,0.1188,0.2397,0.002,3.3
243500,0.7687,0.6392,0.1145,0.232,0.002,3.3
243600,0.7695,0.6389,0.1178,0.2342,0.002,3.3
243700,0.769,0.6348,0.1154,0.2359,0.002,3.3
243800,0.7739,0.636,0.1187,0.2346,0.002,3.3
243900,0.7877,0.6406,0.1161,0.2467,0.002,3.3
244000,0.7748,0.6379,0.1167,0.2355,0.002,3.3
244100,0.7924,0.639,0.1131,0.246,0.002,3.3
244200,0.7785,0.6395,0.1168,0.2422,0.002,3.3
244300,0.7835,0.6366,0.1152,0.2426,0.002,3.3
244400,0.7812,0.6413,0.1162,0.238,0.002,3.3
244500,0.7743,0.6358,0.1139,0.2363,0.002,3.3
244600,0.7773,0.6379,0.1164,0.236,0.002,3.3
244700,0.7804,0.6359,0.1131,0.2403,0.002,3.3
244800,0.7698,0.6353,0.1176,0.235,0.002,3.3
244900,0.7886,0.6407,0.1104,0.2434,0.002,3.3
245000,0.7687,0.6344,0.1144,0.2353,0.002,3.3
245100,0.7717,0.6347,0.1158,0.2344,0.002,3.3
245200,0.7783,0.6335,0.1117,0.2328,0.002,3.3
245300,0.7581,0.6339,0.1152,0.2257,0.002,3.3
245400,0.7659,0.6363,0.1154,0.2323,0.002,3.3
245500,0.7725,0.6358,0.1131,0.2314,0.002,3.3
245600,0.7781,0.6373,0.1146,0.2398,0.002,3.3
245700,0.7733,0.6386,0.1217,0.2372,0.002,3.3
245800,0.787,0.6374,0.1084,0.2437,0.002,3.3
245900,0.7762,0.6347,0.1149,0.2403,0.002,3.3
246000,0.7741,0.6383,0.1199,0.2353,0.002,3.3
246100,0.7721,0.6373,0.1218,0.234,0.002,3.3
246200,0.7719,0.6352,0.1143,0.2303,0.002,3.3
246300,0.781,0.6402,0.1151,0.2402,0.002,3.3
246400,0.7881,0.6396,0.1158,0.2434,0.002,3.3
246500,0.7743,0.6373,0.1168,0.2377,0.002,3.3
246600,0.7752,0.6401,0.117,0.2417,0.002,3.3
246700,0.7792,0.6335,0.1218,0.2432,0.002,3.4
246800,0.7856,0.6369,0.1171,0.2408,0.002,3.3
246900,0.7726,0.6371,0.1102,0.2359,0.002,3.3
247000,0.7729,0.6375,0.1178,0.2348,0.002,3.3
247100,0.7798,0.638,0.1158,0.2377,0.002,3.3
247200,0.7744,0.6366,0.1118,0.2375,0.002,3.3
247300,0.768,0.6368,0.1142,0.232,0.002,3.3
247400,0.7817,0.6387,0.1143,0.2405,0.002,3.3
247500,0.7755,0.6395,0.1156,0.2402,0.002,3.3
247600,0.7634,0.6334,0.1164,0.2332,0.002,3.3
247700,0.7687,0.6318,0.1183,0.2382,0.002,3.3
247800,0.769,0.6345,0.1141,0.2337,0.002,3.3
247900,0.7702,0.6316,0.1157,0.2335,0.002,3.3
248000,0.7736,0.6393,0.1192,0.2363,0.002,3.3
248100,0.7769,0.6391,0.115,0.2392,0.002,3.3
248200,0.7737,0.6369,0.1088,0.2346,0.002,3.3
248300,0.7751,0.6349,0.1134,0.2349,0.002,3.3
248400,0.7604,0.6294,0.1164,0.2245,0.002,3.3
248500,0.7757,0.6392,0.1155,0.236,0.002,3.3
248600,0.7728,0.6381,0.1123,0.2345,0.002,3.3
248700,0.7653,0.6411,0.1189,0.233,0.002,3.3
248800,0.784,0.6383,0.1108,0.2404,0.002,3.3
248900,0.7809,0.6373,0.1175,0.2445,0.002,3.3
249000,0.7806,0.6375,0.1179,0.2437,0.002,3.3
249100,0.7672,0.6346,0.1191,0.2373,0.002,3.3
249200,0.7799,0.6367,0.114,0.2388,0.002,3.3
249300,0.7609,0.6324,0.1135,0.2278,0.002,3.3
249400,0.7792,0.6375,0.1097,0.2349,0.002,3.3
249500,0.77,0.6355,0.1153,0.2369,0.002,3.3
249600,0.7556,0.6298,0.1172,0.2307,0.002,3.3
249700,0.7784,0.6408,0.116,0.2382,0.002,3.3
249800,0.7778,0.6376,0.1152,0.2387,0.002,3.3
249900,0.7632,0.6337,0.1169,0.2318,0.002,3.3
250000,0.7801,0.6375,0.1142,0.2406,0.002,3.3
250100,0.7755,0.6362,0.1152,0.2365,0.002,3.3
250200,0.7709,0.6389,0.1135,0.2376,0.002,3.3
250300,0.771,0.6371,0.1165,0.237,0.002,3.3
250400,0.7719,0.6356,0.1191,0.2374,0.002,3.3
250500,0.7719,0.6369,0.1153,0.2339,0.002,3.3
250600,0.7754,0.6348,0.11,0.2398,0.002,3.3
250700,0.7732,0.6378,0.1131,0.2335,0.002,3.3
250800,0.7739,0.6346,0.1138,0.2344,0.002,3.3
250900,0.7704,0.6334,0.1129,0.2365,0.002,3.3
251000,0.7805,0.6393,0.1173,0.2403,0.002,3.3
251100,0.7759,0.6388,0.1126,0.2382,0.002,3.3
251200,0.7814,0.6405,0.1136,0.2437,0.002,3.3
251300,0.7739,0.6395,0.1181,0.2363,0.002,3.3
251400,0.7712,0.6364,0.1181,0.2376,0.002,3.3
251500,0.7769,0.6319,0.1094,0.2353,0.002,3.3
251600,0.7735,0.6355,0.1108,0.2335,0.002,3.3
251700,0.7708,0.6394,0.1183,0.237,0.002,3.3
251800,0.7874,0.6422,0.1125,0.2456,0.002,3.3
251900,0.7689,0.6335,0.1128,0.2344,0.002,3.3
252000,0.7698,0.6375,0.1165,0.2337,0.002,3.3
252100,0.7788,0.6376,0.1121,0.2404,0.002,3.3
252200,0.7724,0.6361,0.113,0.2365,0.002,3.3
252300,0.7666,0.6349,0.1123,0.2346,0.002,3.3
252400,0.7743,0.6356,0.1144,0.2346,0.002,3.3
252500,0.7733,0.64,0.1102,0.2368,0.002,3.3
252600,0.783,0.6388,0.1137,0.2427,0.002,3.3
252700,0.7641,0.6308,0.1142,0.2315,0.002,3.3
252800,0.7758,0.6333,0.1101,0.241,0.002,3.3
252900,0.775,0.6386,0.1155,0.2367,0.002,3.3
253000,0.7641,0.6371,0.1104,0.2321,0.002,3.2
253100,0.7723,0.6352,0.1165,0.2373,0.002,3.3
253200,0.7745,0.6362,0.1112,0.2343,0.002,3.3
253300,0.7733,0.639,0.1121,0.2347,0.002,3.3
253400,0.7744,0.6384,0.1162,0.2348,0.002,3.3
253500,0.7827,0.6399,0.1146,0.2457,0.002,3.3
253600,0.7824,0.6421,0.1142,0.2433,0.002,3.3
253700,0.7683,0.6359,0.1164,0.235,0.002,3.3
253800,0.7683,0.6352,0.1194,0.2349,0.002,3.3
253900,0.7795,0.636,0.1134,0.2415,0.002,3.3
254000,0.7721,0.6365,0.1119,0.2337,0.002,3.3
254100,0.7837,0.6428,0.1097,0.2382,0.002,3.3
254200,0.7783,0.6426,0.117,0.2415,0.002,3.3
254300,0.781,0.6409,0.1127,0.2414,0.002,3.3
254400,0.768,0.6332,0.1125,0.2357,0.002,3.3
254500,0.7746,0.639,0.1169,0.2412,0.002,3.3
254600,0.7705,0.6382,0.1112,0.2392,0.002,3.3
254700,0.7794,0.6361,0.1067,0.2375,0.002,3.3
254800,0.7683,0.6385,0.1132,0.2337,0.002,3.3
254900,0.7743,0.6357,0.1132,0.2398,0.002,3.3
255000,0.7805,0.6394,0.1129,0.2433,0.002,3.3
255100,0.7791,0.6351,0.1128,0.2415,0.002,3.3
255200,0.7764,0.6349,0.1132,0.2405,0.002,3.3
255300,0.7698,0.6297,0.1078,0.2359,0.002,3.3
255400,0.7652,0.6302,0.1116,0.2323,0.002,3.3
255500,0.7731,0.6364,0.1131,0.2395,0.002,3.3
255600,0.7708,0.6386,0.1131,0.2325,0.002,3.3
255700,0.7751,0.6379,0.1143,0.2415,0.002,3.3
255800,0.7613,0.6349,0.1161,0.2334,0.002,3.3
255900,0.7818,0.6377,0.1147,0.2423,0.002,3.3
256000,0.7607,0.6311,0.1156,0.2333,0.002,3.3
256100,0.7745,0.6379,0.1157,0.237,0.002,3.3
256200,0.7745,0.6319,0.112,0.2326,0.002,3.3
256300,0.7847,0.6381,0.1108,0.2451,0.002,3.3
256400,0.7707,0.6367,0.1112,0.2412,0.002,3.3
256500,0.7736,0.6377,0.1073,0.2374,0.002,3.3
256600,0.7771,0.6373,0.1172,0.239,0.002,3.3
256700,0.7614,0.6339,0.1107,0.2296,0.002,3.3
256800,0.7739,0.6372,0.1104,0.2388,0.002,3.3
256900,0.7634,0.6325,0.1167,0.2322,0.002,3.3
257000,0.7781,0.6389,0.1144,0.2443,0.002,3.4
257100,0.7676,0.6362,0.1086,0.2339,0.002,3.3
257200,0.7746,0.6378,0.1086,0.2382,0.002,3.3
257300,0.7668,0.634,0.1101,0.2334,0.002,3.3
257400,0.7708,0.6347,0.1107,0.2385,0.002,3.3
257500,0.772,0.6363,0.1129,0.2388,0.002,3.3
257600,0.7832,0.6389,0.1135,0.241,0.002,3.4
257700,0.7724,0.6384,0.1145,0.2329,0.002,3.3
257800,0.7638,0.6316,0.1171,0.2376,0.002,3.3
257900,0.7829,0.6429,0.1122,0.2399,0.002,3.3
258000,0.7834,0.64,0.1154,0.2429,0.002,3.3
258100,0.7729,0.6376,0.1125,0.2362,0.002,3.3
258200,0.7809,0.6379,0.1101,0.2371,0.002,3.3
258300,0.7757,0.6396,0.1149,0.242,0.002,3.3
258400,0.7749,0.6395,0.1139,0.2364,0.002,3.3
258500,0.7827,0.6418,0.1124,0.2436,0.002,3.3
258600,0.7839,0.6421,0.1056,0.2377,0.002,3.3
258700,0.78,0.6371,0.1104,0.2387,0.002,3.3
258800,0.7715,0.6341,0.1117,0.2353,0.002,3.3
258900,0.7677,0.6363,0.1109,0.231,0.002,3.3
259000,0.76,0.6296,0.114,0.2315,0.002,3.3
259100,0.7867,0.64,0.1117,0.248,0.002,3.3
259200,0.7661,0.637,0.1162,0.2346,0.002,3.3
259300,0.7657,0.6341,0.1135,0.2336,0.002,3.3
259400,0.7687,0.6352,0.1133,0.2303,0.002,3.3
259500,0.7504,0.6334,0.1198,0.2253,0.002,3.3
259600,0.775,0.635,0.1107,0.2393,0.002,3.3
259700,0.7659,0.6396,0.1155,0.2341,0.002,3.3
259800,0.7808,0.6322,0.1061,0.2403,0.002,3.4
259900,0.7731,0.6375,0.105,0.2349,0.002,3.3
260000,0.7763,0.6374,0.1125,0.2402,0.002,3.2
260100,0.7742,0.6369,0.1113,0.2389,0.002,3.3
260200,0.7612,0.6333,0.114,0.2273,0.002,3.3
260300,0.7855,0.642,0.112,0.2448,0.002,3.3
260400,0.7781,0.6387,0.1108,0.2414,0.002,3.3
260500,0.7767,0.6368,0.1092,0.2426,0.002,3.3
260600,0.7654,0.6358,0.1119,0.2313,0.002,3.3
260700,0.7788,0.636,0.108,0.2409,0.002,3.3
260800,0.7702,0.6361,0.1118,0.2357,0.002,3.3
260900,0.7738,0.6336,0.1158,0.2366,0.002,3.3
261000,0.7692,0.6299,0.112,0.238,0.002,3.3
261100,0.7588,0.6348,0.1105,0.227,0.002,3.3
261200,0.7744,0.6362,0.1145,0.2439,0.002,3.3
261300,0.7886,0.6432,0.1135,0.2444,0.002,3.3
261400,0.7644,0.6342,0.1176,0.235,0.002,3.3
261500,0.7755,0.6351,0.1106,0.2375,0.002,3.3
261600,0.7673,0.6379,0.1111,0.2361,0.002,3.3
261700,0.7731,0.6356,0.1083,0.2387,0.002,3.3
261800,0.7633,0.6333,0.1075,0.2308,0.002,3.3
261900,0.7609,0.6331,0.1174,0.2297,0.002,3.3
262000,0.7778,0.6387,0.109,0.239,0.002,3.3
262100,0.7655,0.6338,0.1136,0.2343,0.002,3.3
262200,0.7621,0.6339,0.1112,0.2288,0.002,3.3
262300,0.7652,0.6363,0.1099,0.2314,0.002,3.4
262400,0.7806,0.6401,0.1103,0.2439,0.002,3.3
262500,0.7777,0.6391,0.1041,0.2372,0.002,3.3
262600,0.7707,0.6375,0.1151,0.2371,0.002,3.3
262700,0.7783,0.6357,0.1102,0.2416,0.002,3.3
262800,0.765,0.6349,0.1097,0.2317,0.002,3.4
262900,0.7667,0.6373,0.1123,0.2385,0.002,3.3
263000,0.7801,0.6426,0.1051,0.2427,0.002,3.3
263100,0.7754,0.638,0.1101,0.2398,0.002,3.3
263200,0.7742,0.6357,0.1068,0.2354,0.002,3.3
263300,0.7729,0.6353,0.1094,0.2385,0.002,3.3
263400,0.7895,0.6422,0.1131,0.2471,0.002,3.3
263500,0.7818,0.6421,0.1151,0.243,0.002,3.3
263600,0.7692,0.6334,0.1141,0.2307,0.002,3.3
263700,0.7861,0.6425,0.1089,0.2447,0.002,3.3
263800,0.7727,0.641,0.1106,0.239,0.002,3.3
263900,0.7684,0.6326,0.1073,0.2319,0.002,3.3
264000,0.7731,0.638,0.1078,0.2388,0.002,3.3
264100,0.7668,0.6343,0.1143,0.2329,0.002,3.3
264200,0.7802,0.6357,0.1114,0.2445,0.002,3.3
264300,0.7727,0.6326,0.1069,0.2385,0.002,3.3
264400,0.7817,0.6412,0.1119,0.2445,0.002,3.3
264500,0.7708,0.6367,0.1123,0.2424,0.002,3.3
264600,0.7633,0.6363,0.1133,0.2347,0.002,3.3
264700,0.7765,0.6389,0.1099,0.2383,0.002,3.3
264800,0.7801,0.6386,0.1076,0.2446,0.002,3.3
264900,0.7613,0.6375,0.1096,0.2314,0.002,3.3
265000,0.773,0.6327,0.1125,0.2422,0.002,3.3
265100,0.7754,0.6367,0.1097,0.2413,0.002,3.3
265200,0.7742,0.6359,0.1106,0.2397,0.002,3.3
265300,0.7696,0.6353,0.1122,0.2347,0.002,3.3
265400,0.7711,0.6354,0.1124,0.2377,0.002,3.3
265500,0.7727,0.6393,0.1117,0.236,0.002,3.3
265600,0.7691,0.638,0.1089,0.2343,0.002,3.3
265700,0.7669,0.631,0.1149,0.2362,0.002,3.3
265800,0.7774,0.6395,0.1066,0.2331,0.002,3.3
265900,0.7767,0.6349,0.1116,0.2407,0.002,3.3
266000,0.7857,0.6383,0.1088,0.2411,0.002,3.2
266100,0.7735,0.6386,0.1087,0.2393,0.002,3.3
266200,0.7648,0.6342,0.1111,0.2359,0.002,3.3
266300,0.7735,0.6392,0.1087,0.2358,0.002,3.3
266400,0.7627,0.6336,0.1052,0.2289,0.002,3.3
266500,0.7728,0.6361,0.1119,0.2363,0.002,3.3
266600,0.7732,0.6378,0.1121,0.2408,0.002,3.3
266700,0.774,0.6322,0.1131,0.2417,0.002,3.3
266800,0.7655,0.6333,0.1099,0.2328,0.002,3.4
266900,0.7796,0.638,0.1068,0.2379,0.002,3.3
267000,0.7638,0.6351,0.1134,0.2309,0.002,3.3
267100,0.7652,0.6309,0.1098,0.2354,0.002,3.3
267200,0.784,0.6388,0.1116,0.2475,0.002,3.3
267300,0.769,0.6338,0.1101,0.2316,0.002,3.4
267400,0.7714,0.6374,0.1093,0.2387,0.002,3.3
267500,0.7832,0.6375,0.1068,0.2444,0.002,3.3
267600,0.7789,0.6388,0.1076,0.2425,0.002,3.3
267700,0.7706,0.6357,0.1229,0.2374,0.002,3.3
267800,0.7806,0.6391,0.1168,0.2446,0.002,3.3
267900,0.7801,0.6389,0.1067,0.2412,0.002,3.3
268000,0.778,0.6363,0.1115,0.2395,0.002,3.3
268100,0.7781,0.639,0.1129,0.242,0.002,3.3
268200,0.7591,0.6362,0.1141,0.2344,0.002,3.3
268300,0.7735,0.6376,0.11,0.2351,0.002,3.3
268400,0.7714,0.6348,0.1102,0.2315,0.002,3.2
268500,0.7863,0.6433,0.1108,0.2477,0.002,3.3
268600,0.7824,0.6428,0.111,0.242,0.002,3.3
268700,0.7712,0.6379,0.1159,0.2399,0.002,3.3
268800,0.7771,0.6373,0.0992,0.2319,0.002,3.3
268900,0.7704,0.6353,0.1059,0.2336,0.002,3.3
269000,0.7662,0.6381,0.1117,0.2382,0.002,3.3
269100,0.7661,0.6365,0.1068,0.2322,0.002,3.3
269200,0.7671,0.6342,0.1077,0.2305,0.002,3.3
269300,0.7704,0.6353,0.1116,0.2365,0.002,3.3
269400,0.7792,0.641,0.111,0.24,0.002,3.3
269500,0.76,0.634,0.1068,0.2317,0.002,3.3
269600,0.7704,0.6321,0.1076,0.2354,0.002,3.3
269700,0.7573,0.6337,0.109,0.2317,0.002,3.3
269800,0.7754,0.6387,0.1095,0.2407,0.002,3.3
269900,0.7707,0.6344,0.1114,0.2317,0.002,3.3
270000,0.7674,0.6374,0.1062,0.2361,0.002,3.3
270100,0.7703,0.6376,0.1078,0.2344,0.002,3.3
270200,0.7692,0.6358,0.1056,0.2326,0.002,3.3
270300,0.7785,0.6358,0.1027,0.2381,0.002,3.3
270400,0.7743,0.6361,0.1079,0.2375,0.002,3.3
270500,0.7861,0.638,0.1053,0.2446,0.002,3.3
270600,0.7676,0.637,0.111,0.2358,0.002,3.3
270700,0.7771,0.6364,0.1113,0.2412,0.002,3.3
270800,0.7726,0.6352,0.109,0.2381,0.002,3.3
270900,0.7653,0.6352,0.1074,0.2355,0.002,3.3
271000,0.7671,0.635,0.1094,0.2323,0.002,3.3
271100,0.7719,0.6375,0.1107,0.2337,0.002,3.3
271200,0.7716,0.6361,0.107,0.2341,0.002,3.3
271300,0.7752,0.6378,0.1071,0.2359,0.002,3.3
271400,0.7593,0.6328,0.1109,0.2328,0.002,3.3
271500,0.7656,0.6361,0.1071,0.2366,0.002,3.3
271600,0.7678,0.631,0.1109,0.2408,0.002,3.3
271700,0.792,0.6408,0.107,0.2519,0.002,3.3
271800,0.7721,0.6367,0.1063,0.234,0.002,3.3
271900,0.7691,0.6334,0.1046,0.2308,0.002,3.3
272000,0.7598,0.6323,0.1145,0.2348,0.002,3.3
272100,0.7764,0.6366,0.1089,0.2431,0.002,3.3
272200,0.775,0.6342,0.1086,0.238,0.002,3.3
272300,0.7778,0.6384,0.1133,0.2361,0.002,3.3
272400,0.7786,0.6364,0.1066,0.2409,0.002,3.3
272500,0.7642,0.6343,0.1044,0.231,0.002,3.3
272600,0.7689,0.6365,0.1074,0.2342,0.002,3.3
272700,0.7738,0.6336,0.107,0.2425,0.002,3.3
272800,0.7712,0.6325,0.1089,0.2365,0.002,3.3
272900,0.7656,0.6325,0.1073,0.2326,0.002,3.3
273000,0.768,0.6358,0.1083,0.2354,0.002,3.3
273100,0.781,0.6413,0.1108,0.2415,0.002,3.3
273200,0.7593,0.6338,0.1116,0.23,0.002,3.3
273300,0.7681,0.6341,0.1064,0.2348,0.002,3.3
273400,0.7721,0.6348,0.1073,0.2343,0.002,3.3
273500,0.776,0.6345,0.107,0.2377,0.002,3.3
273600,0.7679,0.6334,0.1089,0.2351,0.002,3.3
273700,0.7773,0.6378,0.1065,0.2419,0.002,3.3
273800,0.7569,0.6312,0.1045,0.2281,0.002,3.3
273900,0.7706,0.6338,0.1016,0.2372,0.002,3.3
274000,0.7618,0.6331,0.1132,0.2384,0.002,3.3
274100,0.7747,0.6415,0.1082,0.239,0.002,3.3
274200,0.7884,0.638,0.1024,0.2448,0.002,3.3
274300,0.7768,0.6372,0.1083,0.2402,0.002,3.3
274400,0.7784,0.6389,0.1085,0.2414,0.002,3.3
274500,0.7722,0.6373,0.1102,0.2346,0.002,3.3
274600,0.7697,0.6355,0.1085,0.2378,0.002,3.3
274700,0.7737,0.6344,0.1103,0.2371,0.002,3.3
274800,0.7692,0.6348,0.1042,0.2378,0.002,3.3
274900,0.7746,0.6346,0.1023,0.2404,0.002,3.3
275000,0.7663,0.6349,0.1131,0.2357,0.002,3.3
275100,0.7758,0.6417,0.112,0.2384,0.002,3.3
275200,0.7664,0.639,0.1117,0.2397,0.002,3.3
275300,0.7678,0.633,0.1067,0.2325,0.002,3.3
275400,0.7659,0.6329,0.1102,0.2344,0.002,3.3
275500,0.754,0.63,0.1155,0.2289,0.002,3.3
275600,0.7646,0.6334,0.1027,0.228,0.002,3.3
275700,0.77,0.638,0.1098,0.2375,0.002,3.3
275800,0.7857,0.6407,0.1039,0.2403,0.002,3.3
275900,0.7701,0.6387,0.1096,0.2353,0.002,3.3
276000,0.7595,0.6295,0.1072,0.2318,0.002,3.3
276100,0.7578,0.634,0.1107,0.2329,0.002,3.3
276200,0.7688,0.6392,0.1098,0.2363,0.002,3.3
276300,0.7542,0.6317,0.108,0.2316,0.002,3.3
276400,0.7771,0.6378,0.1103,0.2423,0.002,3.3
276500,0.7712,0.6346,0.1107,0.2355,0.002,3.3
276600,0.7856,0.641,0.115,0.244,0.002,3.3
276700,0.7643,0.6312,0.1064,0.2325,0.002,3.3
276800,0.7551,0.6296,0.1116,0.2314,0.002,3.3
276900,0.7833,0.6389,0.1049,0.2435,0.002,3.3
277000,0.7708,0.6396,0.1092,0.2393,0.002,3.3
277100,0.7782,0.6395,0.1047,0.2437,0.002,3.3
277200,0.7822,0.6382,0.1068,0.2418,0.002,3.3
277300,0.7706,0.6362,0.1073,0.2404,0.002,3.3
277400,0.7732,0.6381,0.1126,0.2373,0.002,3.3
277500,0.7769,0.6363,0.1046,0.2342,0.002,3.3
277600,0.7553,0.638,0.1084,0.2273,0.002,3.3
277700,0.7708,0.6331,0.1055,0.237,0.002,3.3
277800,0.7791,0.6372,0.1035,0.239,0.002,3.3
277900,0.7604,0.6299,0.109,0.2364,0.002,3.3
278000,0.7748,0.6344,0.1024,0.2379,0.002,3.3
278100,0.7696,0.6351,0.1046,0.233,0.002,3.3
278200,0.7727,0.6369,0.1078,0.241,0.002,3.3
278300,0.768,0.6361,0.1096,0.2316,0.002,3.3
278400,0.7783,0.6399,0.1038,0.2413,0.002,3.3
278500,0.7689,0.6355,0.1096,0.2343,0.002,3.3
278600,0.7789,0.6354,0.1064,0.2379,0.002,3.3
278700,0.7843,0.6424,0.1045,0.2415,0.002,3.3
278800,0.7604,0.6328,0.1082,0.2356,0.002,3.3
278900,0.7623,0.6316,0.1072,0.2389,0.002,3.3
279000,0.7771,0.6346,0.1096,0.2435,0.002,3.3
279100,0.7792,0.6319,0.1056,0.2423,0.002,3.3
279200,0.7668,0.6377,0.1095,0.2371,0.002,3.3
279300,0.7659,0.6332,0.1061,0.233,0.002,3.3
279400,0.7806,0.6369,0.1018,0.2406,0.002,3.3
279500,0.7712,0.6375,0.1046,0.2345,0.002,3.3
279600,0.778,0.6372,0.1027,0.2382,0.002,3.3
279700,0.7747,0.6375,0.1085,0.2369,0.002,3.3
279800,0.7646,0.6356,0.1093,0.2363,0.002,3.3
279900,0.7804,0.6403,0.1047,0.2414,0.002,3.3
280000,0.7667,0.6317,0.107,0.2358,0.002,3.3
280100,0.778,0.637,0.1102,0.2387,0.002,3.3
280200,0.7719,0.6394,0.1159,0.2435,0.002,3.3
280300,0.7598,0.6324,0.1044,0.2291,0.002,3.3
280400,0.7713,0.6372,0.1062,0.2398,0.002,3.3
280500,0.7696,0.6357,0.1077,0.2369,0.002,3.3
280600,0.7572,0.6302,0.1087,0.2298,0.002,3.3
280700,0.7754,0.6393,0.1058,0.2375,0.002,3.3
280800,0.7598,0.6337,0.1065,0.2319,0.002,3.3
280900,0.7659,0.6316,0.1063,0.2304,0.002,3.3
281000,0.7714,0.6363,0.1135,0.2356,0.002,3.3
281100,0.7768,0.6403,0.108,0.2388,0.002,3.3
281200,0.7723,0.6377,0.1105,0.2374,0.002,3.3
281300,0.773,0.6373,0.1083,0.2382,0.002,3.3
281400,0.769,0.6344,0.1077,0.2328,0.002,3.3
281500,0.7712,0.6348,0.1041,0.2392,0.002,3.3
281600,0.761,0.6352,0.1118,0.2337,0.002,3.3
281700,0.7671,0.634,0.1023,0.2324,0.002,3.3
281800,0.7669,0.6342,0.1035,0.232,0.002,3.3
281900,0.7665,0.6363,0.1054,0.2327,0.002,3.3
282000,0.769,0.634,0.1092,0.2346,0.002,3.4
282100,0.7695,0.6301,0.1059,0.2378,0.002,3.3
282200,0.7644,0.6346,0.1045,0.2325,0.002,3.3
282300,0.7707,0.6298,0.1028,0.2331,0.002,3.3
282400,0.7625,0.631,0.1094,0.2325,0.002,3.3
282500,0.7776,0.6389,0.1062,0.2379,0.002,3.3
282600,0.7727,0.6378,0.102,0.2348,0.002,3.3
282700,0.7692,0.6353,0.1068,0.2378,0.002,3.3
282800,0.7678,0.6358,0.109,0.2345,0.002,3.3
282900,0.7568,0.6349,0.1062,0.2308,0.002,3.4
283000,0.7719,0.6356,0.1031,0.2338,0.002,3.3
283100,0.7643,0.6327,0.1038,0.2344,0.002,3.3
283200,0.763,0.633,0.1096,0.2334,0.002,3.3
283300,0.7624,0.6324,0.1142,0.2335,0.002,3.4
283400,0.7711,0.6359,0.1086,0.2373,0.002,3.3
283500,0.7621,0.6319,0.1055,0.236,0.002,3.3
283600,0.7686,0.6391,0.1052,0.2327,0.002,3.3
283700,0.7655,0.63,0.1129,0.2379,0.002,3.3
283800,0.7829,0.641,0.1068,0.2467,0.002,3.3
283900,0.7733,0.6342,0.1068,0.2381,0.002,3.3
284000,0.7781,0.6373,0.1083,0.2358,0.002,3.3
284100,0.7745,0.6341,0.106,0.2388,0.002,3.3
284200,0.7592,0.6338,0.1119,0.2289,0.002,3.3
284300,0.7722,0.6377,0.1025,0.2349,0.002,3.3
284400,0.7672,0.6323,0.1031,0.2336,0.002,3.3
284500,0.7673,0.6315,0.109,0.235,0.002,3.3
284600,0.7616,0.6375,0.1107,0.2325,0.002,3.3
284700,0.7635,0.6298,0.1045,0.23,0.002,3.3
284800,0.7606,0.6318,0.1055,0.2301,0.002,3.3
284900,0.7701,0.6346,0.1063,0.2343,0.002,3.3
285000,0.7596,0.6349,0.1037,0.23,0.002,3.3
285100,0.7728,0.6402,0.1076,0.2378,0.002,3.4
285200,0.7738,0.6367,0.1047,0.2366,0.002,3.3
285300,0.7749,0.637,0.105,0.2362,0.002,3.3
285400,0.7563,0.6286,0.1091,0.2318,0.002,3.3
285500,0.7689,0.6311,0.1076,0.2329,0.002,3.3
285600,0.7703,0.6349,0.1067,0.2369,0.002,3.3
285700,0.753,0.6299,0.1118,0.2322,0.002,3.3
285800,0.7667,0.6338,0.1075,0.2325,0.002,3.3
285900,0.7754,0.6354,0.1067,0.2407,0.002,3.3
286000,0.7595,0.6281,0.1057,0.2277,0.002,3.4
286100,0.7674,0.633,0.1036,0.2342,0.002,3.3
286200,0.7684,0.6342,0.1069,0.241,0.002,3.3
286300,0.7777,0.6388,0.1046,0.2381,0.002,3.3
286400,0.7611,0.6334,0.1075,0.2305,0.002,3.3
286500,0.767,0.6321,0.1008,0.2363,0.002,3.3
286600,0.7698,0.6383,0.1081,0.2346,0.002,3.3
286700,0.7798,0.6377,0.1012,0.2436,0.002,3.3
286800,0.773,0.635,0.1069,0.2392,0.002,3.3
286900,0.7647,0.6303,0.1025,0.2344,0.002,3.3
287000,0.7807,0.6373,0.1001,0.2359,0.002,3.3
287100,0.7723,0.6359,0.1041,0.2342,0.002,3.3
287200,0.7788,0.634,0.0986,0.2377,0.002,3.3
287300,0.7569,0.6346,0.1119,0.2281,0.002,3.3
287400,0.7687,0.6373,0.1045,0.2324,0.002,3.3
287500,0.7703,0.6384,0.1046,0.2356,0.002,3.3
287600,0.7659,0.6351,0.1043,0.2291,0.002,3.3
287700,0.7574,0.6391,0.1103,0.2322,0.002,3.2
287800,0.7778,0.64,0.1051,0.2411,0.002,3.3
287900,0.7684,0.6344,0.1033,0.2314,0.002,3.3
288000,0.7603,0.6362,0.1105,0.2379,0.002,3.3
288100,0.7643,0.6362,0.1064,0.2361,0.002,3.3
288200,0.7694,0.6351,0.1051,0.2399,0.002,3.3
288300,0.7685,0.6377,0.1035,0.2325,0.002,3.3
288400,0.7688,0.632,0.1056,0.2336,0.002,3.3
288500,0.76,0.6341,0.1053,0.2309,0.002,3.3
288600,0.7736,0.6346,0.1054,0.2381,0.002,3.3
288700,0.7623,0.6346,0.1088,0.2348,0.002,3.3
288800,0.7624,0.6349,0.1105,0.2315,0.002,3.3
288900,0.7732,0.6371,0.1093,0.2405,0.002,3.3
289000,0.7782,0.6403,0.1041,0.2398,0.002,3.3
289100,0.7582,0.6331,0.1042,0.231,0.002,3.3
289200,0.7706,0.6394,0.1067,0.238,0.002,3.3
289300,0.7807,0.6412,0.1039,0.2458,0.002,3.3
289400,0.7724,0.6352,0.1037,0.239,0.002,3.3
289500,0.7853,0.642,0.107,0.2459,0.002,3.3
289600,0.7683,0.6341,0.1084,0.2354,0.002,3.3
289700,0.7764,0.6361,0.1067,0.2382,0.002,3.3
289800,0.774,0.641,0.1052,0.233,0.002,3.3
289900,0.7624,0.6313,0.102,0.2303,0.002,3.3
290000,0.7634,0.6332,0.1023,0.2299,0.002,3.3
290100,0.7722,0.6343,0.107,0.2369,0.002,3.3
290200,0.7659,0.6345,0.1092,0.2344,0.002,3.3
290300,0.7531,0.6286,0.1099,0.2291,0.002,3.3
290400,0.7683,0.6357,0.1045,0.234,0.002,3.3
290500,0.7761,0.6358,0.1058,0.2378,0.002,3.3
290600,0.775,0.6385,0.1062,0.2387,0.002,3.3
290700,0.7727,0.6348,0.1054,0.2394,0.002,3.3
290800,0.7713,0.6387,0.1076,0.2371,0.002,3.3
290900,0.778,0.6362,0.0992,0.2367,0.002,3.3
291000,0.778,0.6389,0.1003,0.2425,0.002,3.3
291100,0.7645,0.6383,0.1052,0.2295,0.002,3.3
291200,0.7867,0.6381,0.1053,0.247,0.002,3.3
291300,0.7702,0.6366,0.1066,0.2363,0.002,3.3
291400,0.7627,0.6317,0.1104,0.2356,0.002,3.3
291500,0.7738,0.6382,0.1073,0.2398,0.002,3.3
291600,0.7762,0.6367,0.1066,0.2397,0.002,3.3
291700,0.7648,0.6377,0.1131,0.2336,0.002,3.3
291800,0.7645,0.6318,0.1079,0.2342,0.002,3.4
291900,0.7663,0.6322,0.1027,0.2312,0.002,3.3
292000,0.7517,0.6294,0.1052,0.2269,0.002,3.3
292100,0.7741,0.6343,0.1021,0.2393,0.002,3.3
292200,0.7687,0.6385,0.1046,0.2382,0.002,3.3
292300,0.7716,0.6338,0.1044,0.2348,0.002,3.3
292400,0.77,0.6348,0.1061,0.2342,0.002,3.2
292500,0.7677,0.6327,0.1119,0.2417,0.002,3.3
292600,0.7723,0.6345,0.1087,0.2432,0.002,3.3
292700,0.78,0.6355,0.1045,0.2449,0.002,3.3
292800,0.7649,0.6337,0.111,0.2335,0.002,3.3
292900,0.7741,0.6381,0.1038,0.2381,0.002,3.3
293000,0.7739,0.6379,0.1062,0.2354,0.002,3.3
293100,0.7703,0.6355,0.1097,0.2349,0.002,3.3
293200,0.7576,0.6331,0.106,0.2314,0.002,3.3
293300,0.7757,0.6438,0.1097,0.2434,0.002,3.3
293400,0.768,0.634,0.1043,0.2385,0.002,3.3
293500,0.7737,0.6346,0.1047,0.2378,0.002,3.3
293600,0.7781,0.637,0.1033,0.244,0.002,3.3
293700,0.7802,0.6414,0.096,0.2376,0.002,3.3
293800,0.7702,0.6351,0.1071,0.2338,0.002,3.3
293900,0.772,0.6358,0.1042,0.2421,0.002,3.3
294000,0.7704,0.6374,0.1123,0.2364,0.002,3.3
294100,0.7715,0.6349,0.1057,0.2415,0.002,3.3
294200,0.7684,0.6368,0.1056,0.2321,0.002,3.3
294300,0.7768,0.6369,0.1044,0.2413,0.002,3.3
294400,0.7697,0.6334,0.1063,0.2396,0.002,3.3
294500,0.7709,0.6358,0.1069,0.2374,0.002,3.3
294600,0.7727,0.639,0.1063,0.2382,0.002,3.3
294700,0.7613,0.6337,0.1036,0.2336,0.002,3.3
294800,0.768,0.6362,0.0986,0.2371,0.002,3.3
294900,0.7604,0.6282,0.1039,0.2291,0.002,3.3
295000,0.7668,0.6341,0.0989,0.2337,0.002,3.3
295100,0.7601,0.6333,0.1078,0.2353,0.002,3.3
295200,0.7798,0.6367,0.1014,0.2401,0.002,3.3
295300,0.7553,0.6298,0.1066,0.2298,0.002,3.3
295400,0.7614,0.6312,0.1056,0.232,0.002,3.3
295500,0.7639,0.6327,0.1052,0.2336,0.002,3.3
295600,0.7652,0.6343,0.1021,0.2326,0.002,3.3
295700,0.7637,0.6335,0.1123,0.2338,0.002,3.2
295800,0.7548,0.6285,0.1042,0.2309,0.002,3.3
295900,0.7677,0.6359,0.1048,0.2369,0.002,3.3
296000,0.765,0.6315,0.1023,0.2324,0.002,3.3
296100,0.7604,0.6325,0.1042,0.232,0.002,3.3
296200,0.7751,0.6383,0.1033,0.2397,0.002,3.3
296300,0.7712,0.6365,0.1052,0.2401,0.002,3.3
296400,0.769,0.6368,0.1115,0.2347,0.002,3.2
296500,0.7681,0.6318,0.1045,0.2392,0.002,3.3
296600,0.7579,0.6324,0.107,0.2312,0.002,3.3
296700,0.7738,0.6393,0.1051,0.2389,0.002,3.3
296800,0.7739,0.6336,0.1054,0.2388,0.002,3.3
296900,0.7677,0.6355,0.1044,0.2315,0.002,3.3
297000,0.771,0.6335,0.1016,0.2381,0.002,3.3
297100,0.7663,0.6321,0.1025,0.2371,0.002,3.3
297200,0.7737,0.6368,0.1083,0.2416,0.002,3.3
297300,0.7619,0.6297,0.1038,0.2377,0.002,3.3
297400,0.7743,0.639,0.1035,0.2378,0.002,3.3
297500,0.7603,0.6313,0.1035,0.2248,0.002,3.3
297600,0.7629,0.63,0.1031,0.2351,0.002,3.3
297700,0.7604,0.6263,0.1051,0.2352,0.002,3.3
297800,0.7575,0.6286,0.1067,0.2337,0.002,3.3
297900,0.7626,0.631,0.1083,0.2363,0.002,3.3
298000,0.7708,0.6384,0.1078,0.2391,0.002,3.3
298100,0.7649,0.6325,0.0968,0.2287,0.002,3.3
298200,0.7619,0.6339,0.1028,0.23,0.002,3.3
298300,0.7726,0.6313,0.103,0.2393,0.002,3.3
298400,0.7738,0.6355,0.1001,0.2388,0.002,3.3
298500,0.7784,0.638,0.1044,0.2404,0.002,3.3
298600,0.7609,0.634,0.1027,0.2281,0.002,3.3
298700,0.7624,0.6327,0.1024,0.2376,0.002,3.3
298800,0.7692,0.6305,0.1026,0.2379,0.002,3.3
298900,0.7722,0.6351,0.1044,0.2397,0.002,3.3
299000,0.763,0.6379,0.1032,0.2278,0.002,3.3
299100,0.7805,0.6405,0.1038,0.2416,0.002,3.3
299200,0.7605,0.6338,0.1031,0.2343,0.002,3.3
299300,0.7686,0.6308,0.1087,0.2376,0.002,3.3
299400,0.7718,0.6363,0.1026,0.2373,0.002,3.3
299500,0.7686,0.633,0.1037,0.2392,0.002,3.3
299600,0.7595,0.6377,0.1064,0.2294,0.002,3.3
299700,0.7673,0.6292,0.1045,0.2343,0.002,3.3
299800,0.7715,0.6367,0.1056,0.239,0.002,3.3
299900,0.7742,0.6372,0.1004,0.2348,0.002,3.3
300000,0.7603,0.633,0.106,0.2327,0.002,3.3
300100,0.7724,0.6403,0.1031,0.2373,0.002,3.3
300200,0.7759,0.6374,0.1048,0.2451,0.002,3.3
300300,0.7639,0.6336,0.1047,0.2304,0.002,3.3
300400,0.7641,0.6347,0.1049,0.2373,0.002,3.3
300500,0.7754,0.6338,0.0973,0.2402,0.002,3.3
300600,0.7603,0.6343,0.1034,0.2314,0.002,3.3
300700,0.755,0.6308,0.1045,0.2269,0.002,3.3
300800,0.7664,0.6308,0.1029,0.2342,0.002,3.3
300900,0.7634,0.6332,0.1054,0.2303,0.002,3.3
301000,0.7643,0.633,0.0963,0.235,0.002,3.3
301100,0.7727,0.6388,0.105,0.2361,0.002,3.3
301200,0.7775,0.6379,0.1036,0.2396,0.002,3.3
301300,0.7679,0.6333,0.1034,0.2354,0.002,3.3
301400,0.7643,0.6351,0.1045,0.2338,0.002,3.3
301500,0.769,0.6317,0.1,0.2323,0.002,3.3
301600,0.7638,0.6323,0.1021,0.2326,0.002,3.3
301700,0.7637,0.6326,0.1042,0.2345,0.002,3.3
301800,0.7633,0.6319,0.1048,0.2347,0.002,3.4
301900,0.7658,0.6325,0.1024,0.2384,0.002,3.3
302000,0.7614,0.6278,0.1037,0.2302,0.002,3.3
302100,0.7752,0.6373,0.1017,0.2382,0.002,3.3
302200,0.7805,0.638,0.0993,0.2423,0.002,3.3
302300,0.7736,0.6338,0.1009,0.2386,0.002,3.3
302400,0.7621,0.6285,0.1044,0.2365,0.002,3.3
302500,0.7677,0.6367,0.1052,0.2355,0.002,3.3
302600,0.7805,0.6379,0.0994,0.2395,0.002,3.3
302700,0.7608,0.6307,0.1038,0.2331,0.002,3.3
302800,0.7546,0.6304,0.1012,0.2245,0.002,3.4
302900,0.773,0.6358,0.1034,0.2413,0.002,3.3
303000,0.7711,0.6343,0.0998,0.2354,0.002,3.3
303100,0.7663,0.6312,0.1009,0.2324,0.002,3.3
